claim_id,purchase_price,warranty_duration_months,product_age_days,days_to_expiry,reporting_delay_days,diagnostic_confidence,previous_repairs_count,missing_document_count,is_extended_warranty,has_receipt,has_warranty_card,has_damage_photo,has_serial_photo,has_repair_report,serial_number_match,unauthorized_repair_flag,duplicate_invoice_flag,claim_date_conflict_flag,product_category_Consumer Electronics,product_category_Home Appliances,product_category_Industrial Tools,damage_type_Manufacturing Defect,damage_type_Normal Wear and Tear,damage_type_Electrical Surge,damage_type_Mechanical Stress,damage_type_Accidental Drop,damage_type_Water Ingress,damage_type_Unknown / Not Sure,claim_class,label_id
CLM-00055,1132.08,12.0,707.0,-342.0,9.0,0.335,0.0,0.0,0.0,1.0,1.0,1.0,1.0,0.0,1.0,0.0,0.0,0.0,1.0,0.0,0.0,0.0,0.0,0.0,0.0,1.0,0.0,0.0,Invalid Claim,0
CLM-00910,93.5,36.0,1097.0,-1.0,6.0,0.922,0.0,1.0,0.0,1.0,1.0,1.0,0.0,0.0,1.0,0.0,0.0,0.0,0.0,0.0,1.0,1.0,0.0,0.0,0.0,0.0,0.0,0.0,Manual Review,1
CLM-01375,597.34,24.0,520.0,211.0,19.0,0.457,0.0,0.0,0.0,1.0,1.0,1.0,1.0,0.0,0.0,0.0,0.0,0.0,0.0,0.0,1.0,0.0,0.0,0.0,0.0,1.0,0.0,0.0,Invalid Claim,0
CLM-00083,370.44,24.0,51.0,680.0,21.0,0.86,1.0,0.0,1.0,1.0,1.0,1.0,1.0,1.0,1.0,0.0,0.0,0.0,1.0,0.0,0.0,0.0,0.0,0.0,1.0,0.0,0.0,0.0,Valid Claim,2
CLM-01147,646.75,36.0,1332.0,-236.0,2.0,0.439,0.0,1.0,0.0,1.0,0.0,1.0,1.0,0.0,1.0,0.0,0.0,0.0,0.0,1.0,0.0,0.0,1.0,0.0,0.0,0.0,0.0,0.0,Invalid Claim,0
CLM-01258,620.82,24.0,619.0,112.0,5.0,0.67,0.0,0.0,0.0,1.0,1.0,1.0,1.0,0.0,1.0,0.0,0.0,0.0,0.0,0.0,1.0,0.0,0.0,1.0,0.0,0.0,0.0,0.0,Valid Claim,2
CLM-00924,852.68,24.0,516.0,215.0,12.0,0.639,2.0,0.0,0.0,1.0,1.0,1.0,1.0,1.0,1.0,0.0,0.0,0.0,0.0,0.0,1.0,1.0,0.0,0.0,0.0,0.0,0.0,0.0,Manual Review,1
CLM-00541,806.69,36.0,745.0,351.0,14.0,0.155,0.0,1.0,1.0,1.0,0.0,1.0,1.0,0.0,1.0,0.0,1.0,0.0,0.0,1.0,0.0,0.0,0.0,1.0,0.0,0.0,0.0,0.0,Manual Review,1
CLM-00349,636.04,24.0,129.0,602.0,12.0,0.372,1.0,0.0,0.0,1.0,1.0,1.0,1.0,1.0,1.0,0.0,0.0,0.0,0.0,0.0,1.0,0.0,0.0,0.0,1.0,0.0,0.0,0.0,Valid Claim,2
CLM-00565,387.94,36.0,593.0,503.0,2.0,0.504,0.0,0.0,1.0,1.0,1.0,1.0,1.0,0.0,0.0,0.0,0.0,0.0,1.0,0.0,0.0,0.0,0.0,0.0,0.0,1.0,0.0,0.0,Invalid Claim,0
CLM-01157,526.17,36.0,130.0,966.0,0.0,0.757,0.0,0.0,0.0,1.0,1.0,1.0,1.0,0.0,1.0,0.0,0.0,0.0,0.0,0.0,1.0,1.0,0.0,0.0,0.0,0.0,0.0,0.0,Valid Claim,2
CLM-00048,416.32,36.0,747.0,349.0,6.0,0.187,0.0,1.0,0.0,1.0,1.0,1.0,0.0,0.0,1.0,0.0,0.0,0.0,0.0,1.0,0.0,0.0,1.0,0.0,0.0,0.0,0.0,0.0,Valid Claim,2
CLM-01496,477.67,24.0,558.0,173.0,5.0,0.502,1.0,0.0,0.0,1.0,1.0,1.0,1.0,0.0,1.0,0.0,0.0,0.0,0.0,1.0,0.0,0.0,0.0,0.0,0.0,1.0,0.0,0.0,Manual Review,1
CLM-01466,580.66,36.0,845.0,251.0,875.0,0.407,1.0,1.0,0.0,1.0,0.0,1.0,1.0,1.0,1.0,0.0,0.0,1.0,0.0,1.0,0.0,0.0,1.0,0.0,0.0,0.0,0.0,0.0,Manual Review,1
CLM-01270,463.1,24.0,401.0,330.0,2.0,0.631,1.0,1.0,0.0,0.0,1.0,1.0,1.0,1.0,1.0,0.0,0.0,0.0,0.0,1.0,0.0,0.0,1.0,0.0,0.0,0.0,0.0,0.0,Manual Review,1
CLM-01067,591.57,36.0,1008.0,88.0,13.0,0.277,0.0,0.0,0.0,1.0,1.0,1.0,1.0,0.0,1.0,0.0,0.0,0.0,0.0,0.0,1.0,0.0,1.0,0.0,0.0,0.0,0.0,0.0,Valid Claim,2
CLM-00232,341.48,36.0,556.0,540.0,7.0,0.781,0.0,0.0,1.0,1.0,1.0,1.0,1.0,0.0,1.0,0.0,0.0,0.0,0.0,0.0,1.0,0.0,0.0,0.0,1.0,0.0,0.0,0.0,Valid Claim,2
CLM-00637,648.84,48.0,1165.0,296.0,0.0,0.621,0.0,0.0,1.0,1.0,1.0,1.0,1.0,0.0,1.0,0.0,0.0,0.0,0.0,1.0,0.0,0.0,0.0,0.0,0.0,1.0,0.0,0.0,Invalid Claim,0
CLM-00745,542.9,12.0,376.0,-11.0,0.0,0.592,1.0,0.0,0.0,1.0,1.0,1.0,1.0,0.0,1.0,1.0,0.0,0.0,1.0,0.0,0.0,0.0,0.0,0.0,0.0,0.0,1.0,0.0,Invalid Claim,0
CLM-01207,549.17,24.0,218.0,513.0,9.0,0.518,0.0,0.0,1.0,1.0,1.0,1.0,1.0,0.0,1.0,0.0,0.0,0.0,1.0,0.0,0.0,0.0,0.0,0.0,0.0,1.0,0.0,0.0,Manual Review,1
CLM-01348,565.83,36.0,986.0,110.0,6.0,0.501,0.0,2.0,0.0,0.0,0.0,1.0,1.0,0.0,1.0,0.0,0.0,0.0,0.0,1.0,0.0,1.0,0.0,0.0,0.0,0.0,0.0,0.0,Manual Review,1
CLM-00595,693.7,24.0,849.0,-118.0,885.0,0.741,0.0,0.0,0.0,1.0,1.0,1.0,1.0,0.0,1.0,0.0,0.0,1.0,1.0,0.0,0.0,1.0,0.0,0.0,0.0,0.0,0.0,0.0,Invalid Claim,0
CLM-01213,522.84,24.0,146.0,585.0,9.0,0.16,0.0,1.0,0.0,0.0,1.0,1.0,1.0,0.0,1.0,0.0,0.0,0.0,0.0,1.0,0.0,0.0,0.0,0.0,1.0,0.0,0.0,0.0,Manual Review,1
CLM-00611,373.11,24.0,731.0,0.0,8.0,0.594,0.0,0.0,0.0,1.0,1.0,1.0,1.0,0.0,1.0,0.0,0.0,0.0,1.0,0.0,0.0,1.0,0.0,0.0,0.0,0.0,0.0,0.0,Valid Claim,2
CLM-00752,1252.58,36.0,724.0,372.0,0.0,0.371,0.0,0.0,0.0,1.0,1.0,1.0,1.0,0.0,1.0,0.0,0.0,0.0,0.0,1.0,0.0,1.0,0.0,0.0,0.0,0.0,0.0,0.0,Valid Claim,2
CLM-00380,998.3,12.0,362.0,3.0,4.0,0.792,0.0,0.0,0.0,1.0,1.0,1.0,1.0,0.0,1.0,0.0,0.0,0.0,1.0,0.0,0.0,1.0,0.0,0.0,0.0,0.0,0.0,0.0,Valid Claim,2
CLM-01174,1318.14,48.0,837.0,624.0,19.0,0.715,1.0,1.0,1.0,1.0,1.0,1.0,0.0,1.0,1.0,0.0,0.0,0.0,0.0,0.0,1.0,0.0,0.0,0.0,0.0,1.0,0.0,0.0,Invalid Claim,0
CLM-00344,297.64,36.0,652.0,444.0,3.0,0.267,0.0,2.0,0.0,0.0,0.0,1.0,1.0,0.0,1.0,0.0,0.0,0.0,0.0,0.0,1.0,0.0,1.0,0.0,0.0,0.0,0.0,0.0,Manual Review,1
CLM-00072,665.11,24.0,858.0,-127.0,11.0,0.88,0.0,0.0,1.0,1.0,1.0,1.0,1.0,0.0,1.0,0.0,0.0,0.0,1.0,0.0,0.0,1.0,0.0,0.0,0.0,0.0,0.0,0.0,Invalid Claim,0
CLM-01100,857.87,24.0,468.0,263.0,504.0,0.704,1.0,0.0,0.0,1.0,1.0,1.0,1.0,1.0,1.0,0.0,0.0,1.0,0.0,0.0,1.0,1.0,0.0,0.0,0.0,0.0,0.0,0.0,Manual Review,1
CLM-00982,206.23,12.0,65.0,300.0,22.0,0.708,0.0,0.0,0.0,1.0,1.0,1.0,1.0,0.0,0.0,0.0,0.0,0.0,1.0,0.0,0.0,1.0,0.0,0.0,0.0,0.0,0.0,0.0,Invalid Claim,0
CLM-01272,2275.13,24.0,162.0,569.0,15.0,0.77,1.0,0.0,0.0,1.0,1.0,1.0,1.0,1.0,0.0,0.0,0.0,0.0,0.0,1.0,0.0,1.0,0.0,0.0,0.0,0.0,0.0,0.0,Invalid Claim,0
CLM-01017,831.16,36.0,1349.0,-253.0,15.0,0.922,0.0,2.0,1.0,0.0,1.0,0.0,1.0,0.0,1.0,0.0,0.0,0.0,0.0,0.0,1.0,1.0,0.0,0.0,0.0,0.0,0.0,0.0,Manual Review,1
CLM-00820,382.06,48.0,654.0,807.0,2.0,0.813,0.0,0.0,1.0,1.0,1.0,1.0,1.0,0.0,1.0,0.0,0.0,0.0,0.0,0.0,1.0,0.0,1.0,0.0,0.0,0.0,0.0,0.0,Valid Claim,2
CLM-01010,1069.45,24.0,263.0,468.0,12.0,0.591,1.0,1.0,0.0,1.0,1.0,1.0,0.0,1.0,1.0,0.0,0.0,0.0,0.0,0.0,1.0,0.0,0.0,0.0,1.0,0.0,0.0,0.0,Valid Claim,2
CLM-00149,332.19,36.0,413.0,683.0,5.0,0.308,1.0,1.0,1.0,1.0,1.0,0.0,1.0,1.0,1.0,0.0,0.0,0.0,1.0,0.0,0.0,0.0,1.0,0.0,0.0,0.0,0.0,0.0,Valid Claim,2
CLM-00711,982.09,24.0,399.0,332.0,1.0,0.848,1.0,0.0,0.0,1.0,1.0,1.0,1.0,1.0,1.0,1.0,0.0,0.0,0.0,0.0,1.0,1.0,0.0,0.0,0.0,0.0,0.0,0.0,Invalid Claim,0
CLM-00145,498.78,48.0,334.0,1127.0,4.0,0.576,0.0,0.0,1.0,1.0,1.0,1.0,1.0,0.0,0.0,0.0,0.0,0.0,0.0,1.0,0.0,0.0,0.0,0.0,1.0,0.0,0.0,0.0,Invalid Claim,0
CLM-00560,326.24,12.0,314.0,51.0,2.0,0.692,1.0,0.0,0.0,1.0,1.0,1.0,1.0,1.0,1.0,0.0,0.0,0.0,1.0,0.0,0.0,1.0,0.0,0.0,0.0,0.0,0.0,0.0,Valid Claim,2
CLM-00302,1207.69,36.0,1449.0,-353.0,2.0,0.818,0.0,0.0,0.0,1.0,1.0,1.0,1.0,0.0,1.0,0.0,0.0,0.0,0.0,1.0,0.0,0.0,1.0,0.0,0.0,0.0,0.0,0.0,Invalid Claim,0
CLM-00545,815.02,24.0,719.0,12.0,1.0,0.321,0.0,2.0,0.0,1.0,1.0,0.0,0.0,0.0,1.0,0.0,0.0,0.0,0.0,0.0,1.0,0.0,0.0,0.0,1.0,0.0,0.0,0.0,Manual Review,1
CLM-00183,513.56,36.0,408.0,688.0,14.0,0.246,0.0,0.0,0.0,1.0,1.0,1.0,1.0,0.0,1.0,0.0,0.0,0.0,0.0,0.0,1.0,0.0,1.0,0.0,0.0,0.0,0.0,0.0,Valid Claim,2
CLM-00300,1025.82,24.0,316.0,415.0,22.0,0.749,1.0,1.0,0.0,0.0,1.0,1.0,1.0,1.0,1.0,1.0,0.0,0.0,0.0,0.0,1.0,1.0,0.0,0.0,0.0,0.0,0.0,0.0,Invalid Claim,0
CLM-00154,458.06,24.0,742.0,-11.0,2.0,0.93,0.0,0.0,0.0,1.0,1.0,1.0,1.0,0.0,1.0,0.0,0.0,0.0,0.0,0.0,1.0,0.0,0.0,0.0,1.0,0.0,0.0,0.0,Manual Review,1
CLM-00737,563.8,48.0,1446.0,15.0,6.0,0.491,0.0,0.0,1.0,1.0,1.0,1.0,1.0,0.0,1.0,0.0,0.0,0.0,0.0,1.0,0.0,1.0,0.0,0.0,0.0,0.0,0.0,0.0,Valid Claim,2
CLM-00537,525.9,36.0,1108.0,-12.0,7.0,0.228,1.0,1.0,0.0,0.0,1.0,1.0,1.0,1.0,1.0,0.0,0.0,0.0,0.0,0.0,1.0,0.0,0.0,0.0,0.0,0.0,1.0,0.0,Manual Review,1
CLM-00404,348.25,36.0,1032.0,64.0,3.0,0.61,2.0,0.0,1.0,1.0,1.0,1.0,1.0,1.0,1.0,0.0,0.0,0.0,0.0,1.0,0.0,0.0,0.0,0.0,0.0,0.0,0.0,1.0,Manual Review,1
CLM-00283,875.33,24.0,174.0,557.0,5.0,0.811,1.0,1.0,0.0,0.0,1.0,1.0,1.0,1.0,1.0,0.0,0.0,0.0,0.0,0.0,1.0,0.0,0.0,0.0,1.0,0.0,0.0,0.0,Manual Review,1
CLM-00287,602.52,24.0,840.0,-109.0,6.0,0.806,0.0,1.0,0.0,1.0,1.0,1.0,0.0,0.0,1.0,0.0,0.0,0.0,1.0,0.0,0.0,1.0,0.0,0.0,0.0,0.0,0.0,0.0,Valid Claim,2
CLM-00469,368.58,24.0,750.0,-19.0,41.0,0.686,0.0,1.0,0.0,1.0,0.0,1.0,1.0,0.0,1.0,0.0,0.0,0.0,1.0,0.0,0.0,0.0,1.0,0.0,0.0,0.0,0.0,0.0,Invalid Claim,0
CLM-00215,514.46,48.0,1461.0,0.0,4.0,0.846,1.0,0.0,1.0,1.0,1.0,1.0,1.0,0.0,1.0,0.0,0.0,0.0,0.0,0.0,1.0,0.0,1.0,0.0,0.0,0.0,0.0,0.0,Valid Claim,2
CLM-01424,700.24,24.0,527.0,204.0,17.0,0.716,0.0,1.0,0.0,1.0,1.0,1.0,0.0,0.0,1.0,0.0,0.0,0.0,1.0,0.0,0.0,0.0,1.0,0.0,0.0,0.0,0.0,0.0,Valid Claim,2
CLM-00668,779.75,24.0,745.0,-14.0,0.0,0.27,2.0,0.0,0.0,1.0,1.0,1.0,1.0,0.0,1.0,1.0,0.0,0.0,1.0,0.0,0.0,0.0,0.0,1.0,0.0,0.0,0.0,0.0,Invalid Claim,0
CLM-00393,533.2,24.0,740.0,-9.0,1.0,0.633,0.0,1.0,0.0,1.0,0.0,1.0,1.0,0.0,1.0,0.0,0.0,0.0,0.0,0.0,1.0,0.0,0.0,0.0,1.0,0.0,0.0,0.0,Manual Review,1
CLM-01031,292.22,36.0,1151.0,-55.0,19.0,0.54,2.0,0.0,1.0,1.0,1.0,1.0,1.0,1.0,1.0,1.0,0.0,0.0,1.0,0.0,0.0,0.0,1.0,0.0,0.0,0.0,0.0,0.0,Manual Review,1
CLM-00397,404.04,36.0,676.0,420.0,9.0,0.51,1.0,1.0,0.0,1.0,1.0,0.0,1.0,0.0,1.0,0.0,0.0,0.0,0.0,0.0,1.0,0.0,0.0,0.0,0.0,0.0,0.0,1.0,Valid Claim,2
CLM-00872,762.09,24.0,731.0,0.0,6.0,0.762,0.0,0.0,0.0,1.0,1.0,1.0,1.0,0.0,1.0,0.0,0.0,0.0,0.0,0.0,1.0,1.0,0.0,0.0,0.0,0.0,0.0,0.0,Valid Claim,2
CLM-01112,588.86,24.0,1049.0,-318.0,4.0,0.756,0.0,0.0,0.0,1.0,1.0,1.0,1.0,0.0,1.0,0.0,0.0,0.0,1.0,0.0,0.0,0.0,0.0,0.0,1.0,0.0,0.0,0.0,Invalid Claim,0
CLM-00238,775.71,24.0,468.0,263.0,2.0,0.598,2.0,1.0,0.0,1.0,0.0,1.0,1.0,0.0,1.0,0.0,0.0,0.0,1.0,0.0,0.0,0.0,0.0,0.0,0.0,1.0,0.0,0.0,Manual Review,1
CLM-01145,1236.51,24.0,724.0,7.0,0.0,0.551,1.0,1.0,1.0,0.0,1.0,1.0,1.0,1.0,1.0,0.0,0.0,0.0,1.0,0.0,0.0,0.0,0.0,0.0,1.0,0.0,0.0,0.0,Manual Review,1
CLM-00574,983.45,36.0,1097.0,-1.0,15.0,0.454,0.0,0.0,0.0,1.0,1.0,1.0,1.0,0.0,1.0,0.0,0.0,0.0,0.0,1.0,0.0,0.0,1.0,0.0,0.0,0.0,0.0,0.0,Manual Review,1
CLM-01384,1125.38,36.0,253.0,843.0,6.0,0.493,0.0,0.0,0.0,1.0,1.0,1.0,1.0,0.0,1.0,0.0,0.0,0.0,0.0,0.0,1.0,0.0,0.0,0.0,0.0,0.0,0.0,1.0,Manual Review,1
CLM-00093,230.55,24.0,633.0,98.0,7.0,0.749,1.0,1.0,0.0,1.0,0.0,1.0,1.0,0.0,1.0,0.0,0.0,0.0,0.0,0.0,1.0,1.0,0.0,0.0,0.0,0.0,0.0,0.0,Valid Claim,2
CLM-01321,362.79,24.0,720.0,11.0,8.0,0.307,0.0,1.0,0.0,1.0,1.0,1.0,0.0,0.0,1.0,0.0,0.0,0.0,0.0,0.0,1.0,0.0,0.0,0.0,0.0,0.0,1.0,0.0,Manual Review,1
CLM-00249,451.2,24.0,32.0,699.0,2.0,0.535,0.0,0.0,0.0,1.0,1.0,1.0,1.0,0.0,1.0,0.0,0.0,0.0,1.0,0.0,0.0,0.0,0.0,0.0,0.0,0.0,1.0,0.0,Manual Review,1
CLM-00373,927.63,24.0,78.0,653.0,2.0,0.624,0.0,2.0,1.0,1.0,0.0,0.0,1.0,0.0,1.0,0.0,0.0,0.0,1.0,0.0,0.0,1.0,0.0,0.0,0.0,0.0,0.0,0.0,Manual Review,1
CLM-01012,299.73,12.0,343.0,22.0,2.0,0.796,0.0,1.0,0.0,1.0,0.0,1.0,1.0,0.0,1.0,0.0,0.0,0.0,1.0,0.0,0.0,0.0,0.0,0.0,1.0,0.0,0.0,0.0,Valid Claim,2
CLM-00956,754.49,36.0,379.0,717.0,0.0,0.827,0.0,0.0,1.0,1.0,1.0,1.0,1.0,0.0,0.0,0.0,0.0,0.0,1.0,0.0,0.0,1.0,0.0,0.0,0.0,0.0,0.0,0.0,Invalid Claim,0
CLM-00460,922.77,24.0,725.0,6.0,2.0,0.786,0.0,0.0,0.0,1.0,1.0,1.0,1.0,0.0,1.0,0.0,0.0,0.0,0.0,0.0,1.0,0.0,1.0,0.0,0.0,0.0,0.0,0.0,Valid Claim,2
CLM-00276,314.51,24.0,710.0,21.0,1.0,0.346,1.0,1.0,0.0,1.0,1.0,1.0,0.0,0.0,1.0,0.0,0.0,0.0,0.0,1.0,0.0,0.0,1.0,0.0,0.0,0.0,0.0,0.0,Manual Review,1
CLM-00870,372.16,12.0,204.0,161.0,1.0,0.357,0.0,1.0,0.0,0.0,1.0,1.0,1.0,0.0,1.0,0.0,1.0,0.0,1.0,0.0,0.0,0.0,0.0,0.0,0.0,0.0,1.0,0.0,Manual Review,1
CLM-00729,393.91,48.0,1157.0,304.0,0.0,0.957,1.0,0.0,1.0,1.0,1.0,1.0,1.0,1.0,1.0,0.0,0.0,0.0,0.0,1.0,0.0,1.0,0.0,0.0,0.0,0.0,0.0,0.0,Valid Claim,2
CLM-00573,2963.66,36.0,879.0,217.0,3.0,0.626,1.0,1.0,1.0,0.0,1.0,1.0,1.0,1.0,1.0,0.0,0.0,0.0,1.0,0.0,0.0,0.0,1.0,0.0,0.0,0.0,0.0,0.0,Manual Review,1
CLM-00602,812.02,36.0,1489.0,-393.0,22.0,0.603,1.0,0.0,1.0,1.0,1.0,1.0,1.0,1.0,1.0,0.0,0.0,0.0,0.0,1.0,0.0,1.0,0.0,0.0,0.0,0.0,0.0,0.0,Invalid Claim,0
CLM-01108,403.97,24.0,880.0,-149.0,5.0,0.605,1.0,0.0,0.0,1.0,1.0,1.0,1.0,1.0,1.0,0.0,0.0,0.0,0.0,0.0,1.0,0.0,0.0,0.0,1.0,0.0,0.0,0.0,Invalid Claim,0
CLM-00378,1032.2,24.0,740.0,-9.0,9.0,0.189,0.0,0.0,0.0,1.0,1.0,1.0,1.0,0.0,1.0,0.0,0.0,0.0,0.0,1.0,0.0,0.0,0.0,0.0,1.0,0.0,0.0,0.0,Manual Review,1
CLM-00717,1172.49,36.0,837.0,259.0,1.0,0.269,0.0,0.0,0.0,1.0,1.0,1.0,1.0,0.0,1.0,0.0,0.0,0.0,0.0,0.0,1.0,0.0,0.0,0.0,0.0,0.0,0.0,1.0,Manual Review,1
CLM-00821,749.27,12.0,267.0,98.0,6.0,0.313,0.0,0.0,0.0,1.0,1.0,1.0,1.0,0.0,1.0,0.0,0.0,0.0,1.0,0.0,0.0,0.0,0.0,0.0,1.0,0.0,0.0,0.0,Valid Claim,2
CLM-01307,1130.88,48.0,1246.0,215.0,3.0,0.447,0.0,0.0,1.0,1.0,1.0,1.0,1.0,0.0,1.0,0.0,0.0,0.0,0.0,0.0,1.0,0.0,0.0,0.0,1.0,0.0,0.0,0.0,Valid Claim,2
CLM-00485,511.12,24.0,435.0,296.0,14.0,0.374,2.0,0.0,0.0,1.0,1.0,1.0,1.0,1.0,1.0,1.0,0.0,0.0,0.0,1.0,0.0,1.0,0.0,0.0,0.0,0.0,0.0,0.0,Invalid Claim,0
CLM-00486,589.2,36.0,169.0,927.0,1.0,0.601,1.0,0.0,0.0,1.0,1.0,1.0,1.0,0.0,1.0,0.0,0.0,0.0,0.0,1.0,0.0,0.0,0.0,0.0,0.0,0.0,1.0,0.0,Invalid Claim,0
CLM-00826,629.57,24.0,335.0,396.0,19.0,0.755,0.0,1.0,0.0,1.0,1.0,1.0,0.0,0.0,1.0,0.0,0.0,0.0,0.0,1.0,0.0,0.0,1.0,0.0,0.0,0.0,0.0,0.0,Valid Claim,2
CLM-00448,1064.38,36.0,165.0,931.0,2.0,0.623,0.0,0.0,1.0,1.0,1.0,1.0,1.0,0.0,1.0,0.0,0.0,0.0,1.0,0.0,0.0,0.0,0.0,0.0,0.0,1.0,0.0,0.0,Invalid Claim,0
CLM-00930,1047.42,24.0,414.0,317.0,3.0,0.319,0.0,0.0,0.0,1.0,1.0,1.0,1.0,0.0,1.0,0.0,0.0,0.0,1.0,0.0,0.0,0.0,1.0,0.0,0.0,0.0,0.0,0.0,Valid Claim,2
CLM-00759,660.96,36.0,968.0,128.0,13.0,0.728,0.0,1.0,1.0,1.0,0.0,1.0,1.0,0.0,1.0,0.0,0.0,0.0,0.0,1.0,0.0,1.0,0.0,0.0,0.0,0.0,0.0,0.0,Valid Claim,2
CLM-00935,340.38,36.0,141.0,955.0,1.0,0.753,0.0,0.0,1.0,1.0,1.0,1.0,1.0,0.0,1.0,0.0,0.0,0.0,0.0,0.0,1.0,1.0,0.0,0.0,0.0,0.0,0.0,0.0,Manual Review,1
CLM-00392,273.15,48.0,1637.0,-176.0,8.0,0.838,0.0,0.0,1.0,1.0,1.0,1.0,1.0,0.0,0.0,0.0,0.0,0.0,0.0,0.0,1.0,1.0,0.0,0.0,0.0,0.0,0.0,0.0,Invalid Claim,0
CLM-00426,278.01,24.0,104.0,627.0,4.0,0.215,0.0,1.0,0.0,1.0,0.0,1.0,1.0,0.0,1.0,0.0,0.0,0.0,0.0,0.0,1.0,0.0,0.0,0.0,0.0,0.0,1.0,0.0,Manual Review,1
CLM-00926,246.64,12.0,145.0,220.0,2.0,0.614,0.0,0.0,0.0,1.0,1.0,1.0,1.0,0.0,1.0,0.0,0.0,0.0,1.0,0.0,0.0,0.0,1.0,0.0,0.0,0.0,0.0,0.0,Valid Claim,2
CLM-00827,287.32,36.0,611.0,485.0,9.0,0.362,0.0,0.0,0.0,1.0,1.0,1.0,1.0,0.0,1.0,0.0,0.0,0.0,0.0,0.0,1.0,0.0,0.0,0.0,0.0,0.0,0.0,1.0,Manual Review,1
CLM-01426,1622.8,36.0,723.0,373.0,15.0,0.639,1.0,2.0,0.0,1.0,1.0,0.0,0.0,1.0,1.0,0.0,0.0,0.0,0.0,0.0,1.0,0.0,1.0,0.0,0.0,0.0,0.0,0.0,Manual Review,1
CLM-00139,439.35,24.0,749.0,-18.0,2.0,0.244,0.0,1.0,0.0,1.0,0.0,1.0,1.0,0.0,1.0,0.0,0.0,0.0,0.0,0.0,1.0,0.0,1.0,0.0,0.0,0.0,0.0,0.0,Invalid Claim,0
CLM-00625,397.82,36.0,1471.0,-375.0,1498.0,0.57,0.0,1.0,0.0,1.0,1.0,1.0,0.0,0.0,1.0,0.0,0.0,1.0,0.0,0.0,1.0,0.0,1.0,0.0,0.0,0.0,0.0,0.0,Invalid Claim,0
CLM-00201,1438.0,36.0,52.0,1044.0,12.0,0.376,1.0,1.0,0.0,1.0,1.0,1.0,0.0,0.0,1.0,1.0,0.0,0.0,0.0,1.0,0.0,0.0,0.0,0.0,0.0,0.0,1.0,0.0,Invalid Claim,0
CLM-00858,987.33,12.0,356.0,9.0,65.0,0.248,0.0,1.0,0.0,1.0,0.0,1.0,1.0,0.0,1.0,0.0,0.0,0.0,1.0,0.0,0.0,0.0,0.0,0.0,1.0,0.0,0.0,0.0,Manual Review,1
CLM-01069,437.93,24.0,793.0,-62.0,5.0,0.398,0.0,1.0,0.0,1.0,1.0,1.0,0.0,0.0,1.0,0.0,0.0,0.0,1.0,0.0,0.0,0.0,0.0,1.0,0.0,0.0,0.0,0.0,Manual Review,1
CLM-01249,685.45,24.0,917.0,-186.0,26.0,0.423,3.0,1.0,0.0,0.0,1.0,1.0,1.0,1.0,1.0,1.0,0.0,0.0,0.0,1.0,0.0,0.0,1.0,0.0,0.0,0.0,0.0,0.0,Manual Review,1
CLM-01335,557.95,12.0,165.0,200.0,2.0,0.45,0.0,1.0,0.0,0.0,1.0,1.0,1.0,0.0,1.0,0.0,0.0,0.0,1.0,0.0,0.0,0.0,1.0,0.0,0.0,0.0,0.0,0.0,Manual Review,1
CLM-00131,639.41,24.0,133.0,598.0,0.0,0.541,1.0,0.0,0.0,1.0,1.0,1.0,1.0,1.0,1.0,0.0,0.0,0.0,0.0,1.0,0.0,0.0,0.0,0.0,0.0,1.0,0.0,0.0,Manual Review,1
CLM-01395,508.15,24.0,714.0,17.0,19.0,0.708,1.0,0.0,1.0,1.0,1.0,1.0,1.0,1.0,1.0,0.0,0.0,0.0,1.0,0.0,0.0,0.0,0.0,0.0,0.0,1.0,0.0,0.0,Invalid Claim,0
CLM-00547,484.09,36.0,23.0,1073.0,8.0,0.594,1.0,0.0,0.0,1.0,1.0,1.0,1.0,1.0,1.0,1.0,0.0,0.0,0.0,1.0,0.0,1.0,0.0,0.0,0.0,0.0,0.0,0.0,Invalid Claim,0
CLM-00846,588.64,24.0,224.0,507.0,22.0,0.721,3.0,0.0,0.0,1.0,1.0,1.0,1.0,0.0,1.0,0.0,0.0,0.0,1.0,0.0,0.0,0.0,1.0,0.0,0.0,0.0,0.0,0.0,Manual Review,1
CLM-01070,337.44,36.0,574.0,522.0,1.0,0.857,0.0,0.0,0.0,1.0,1.0,1.0,1.0,0.0,1.0,0.0,1.0,0.0,0.0,0.0,1.0,0.0,0.0,0.0,1.0,0.0,0.0,0.0,Manual Review,1
CLM-01264,766.42,36.0,688.0,408.0,4.0,0.87,0.0,0.0,0.0,1.0,1.0,1.0,1.0,0.0,1.0,0.0,0.0,0.0,0.0,0.0,1.0,1.0,0.0,0.0,0.0,0.0,0.0,0.0,Valid Claim,2
CLM-01427,1233.22,12.0,232.0,133.0,0.0,0.662,0.0,0.0,0.0,1.0,1.0,1.0,1.0,0.0,0.0,0.0,0.0,0.0,1.0,0.0,0.0,0.0,0.0,0.0,1.0,0.0,0.0,0.0,Invalid Claim,0
CLM-00648,1582.82,24.0,738.0,-7.0,14.0,0.443,0.0,1.0,0.0,1.0,0.0,1.0,1.0,0.0,1.0,0.0,0.0,0.0,1.0,0.0,0.0,1.0,0.0,0.0,0.0,0.0,0.0,0.0,Manual Review,1
CLM-01344,1081.2,24.0,683.0,48.0,17.0,0.405,0.0,2.0,0.0,0.0,0.0,1.0,1.0,0.0,1.0,0.0,0.0,0.0,0.0,0.0,1.0,0.0,0.0,0.0,1.0,0.0,0.0,0.0,Manual Review,1
CLM-00391,436.55,24.0,396.0,335.0,4.0,0.853,0.0,0.0,0.0,1.0,1.0,1.0,1.0,0.0,0.0,0.0,0.0,0.0,0.0,0.0,1.0,1.0,0.0,0.0,0.0,0.0,0.0,0.0,Invalid Claim,0
CLM-00810,505.99,48.0,1455.0,6.0,4.0,0.382,0.0,0.0,1.0,1.0,1.0,1.0,1.0,0.0,1.0,0.0,0.0,0.0,0.0,1.0,0.0,0.0,0.0,1.0,0.0,0.0,0.0,0.0,Valid Claim,2
CLM-01063,508.2,24.0,882.0,-151.0,2.0,0.57,0.0,0.0,0.0,1.0,1.0,1.0,1.0,0.0,1.0,0.0,0.0,0.0,1.0,0.0,0.0,0.0,0.0,0.0,0.0,1.0,0.0,0.0,Invalid Claim,0
CLM-00967,417.25,24.0,653.0,78.0,38.0,0.81,0.0,0.0,0.0,1.0,1.0,1.0,1.0,0.0,1.0,0.0,0.0,0.0,0.0,0.0,1.0,1.0,0.0,0.0,0.0,0.0,0.0,0.0,Invalid Claim,0
CLM-00067,1277.45,36.0,276.0,820.0,13.0,0.661,0.0,0.0,0.0,1.0,1.0,1.0,1.0,0.0,1.0,0.0,0.0,0.0,0.0,0.0,1.0,0.0,0.0,0.0,0.0,1.0,0.0,0.0,Valid Claim,2
CLM-01322,554.21,24.0,546.0,185.0,0.0,0.327,0.0,1.0,0.0,0.0,1.0,1.0,1.0,0.0,1.0,0.0,0.0,0.0,1.0,0.0,0.0,0.0,1.0,0.0,0.0,0.0,0.0,0.0,Manual Review,1
CLM-00610,279.07,36.0,770.0,326.0,2.0,0.62,0.0,0.0,0.0,1.0,1.0,1.0,1.0,0.0,1.0,0.0,0.0,0.0,0.0,1.0,0.0,0.0,1.0,0.0,0.0,0.0,0.0,0.0,Valid Claim,2
CLM-00869,769.93,24.0,216.0,515.0,221.0,0.223,1.0,0.0,0.0,1.0,1.0,1.0,1.0,1.0,1.0,0.0,0.0,1.0,0.0,1.0,0.0,0.0,1.0,0.0,0.0,0.0,0.0,0.0,Manual Review,1
CLM-00102,834.23,36.0,298.0,798.0,0.0,0.481,2.0,1.0,0.0,1.0,0.0,1.0,1.0,1.0,1.0,1.0,0.0,0.0,0.0,0.0,1.0,1.0,0.0,0.0,0.0,0.0,0.0,0.0,Invalid Claim,0
CLM-01218,479.59,36.0,364.0,732.0,7.0,0.567,0.0,1.0,0.0,1.0,1.0,0.0,1.0,0.0,1.0,0.0,0.0,0.0,0.0,0.0,1.0,0.0,0.0,0.0,0.0,0.0,0.0,1.0,Valid Claim,2
CLM-01243,228.63,36.0,1078.0,18.0,12.0,0.738,0.0,0.0,1.0,1.0,1.0,1.0,1.0,0.0,1.0,0.0,0.0,0.0,0.0,1.0,0.0,0.0,0.0,0.0,0.0,1.0,0.0,0.0,Invalid Claim,0
CLM-01208,885.84,36.0,921.0,175.0,3.0,0.725,0.0,0.0,0.0,1.0,1.0,1.0,1.0,0.0,1.0,0.0,0.0,0.0,0.0,0.0,1.0,1.0,0.0,0.0,0.0,0.0,0.0,0.0,Valid Claim,2
CLM-01236,663.75,36.0,682.0,414.0,9.0,0.408,1.0,0.0,0.0,1.0,1.0,1.0,1.0,0.0,1.0,1.0,0.0,0.0,0.0,0.0,1.0,0.0,1.0,0.0,0.0,0.0,0.0,0.0,Invalid Claim,0
CLM-00578,828.56,48.0,1446.0,15.0,12.0,0.927,0.0,1.0,1.0,1.0,0.0,1.0,1.0,0.0,1.0,0.0,0.0,0.0,0.0,0.0,1.0,1.0,0.0,0.0,0.0,0.0,0.0,0.0,Valid Claim,2
CLM-01047,835.11,36.0,1146.0,-50.0,10.0,0.645,0.0,0.0,0.0,1.0,1.0,1.0,1.0,0.0,1.0,0.0,0.0,0.0,0.0,0.0,1.0,1.0,0.0,0.0,0.0,0.0,0.0,0.0,Invalid Claim,0
CLM-00817,1180.94,48.0,1231.0,230.0,12.0,0.474,1.0,0.0,1.0,1.0,1.0,1.0,1.0,0.0,1.0,0.0,0.0,0.0,0.0,1.0,0.0,1.0,0.0,0.0,0.0,0.0,0.0,0.0,Valid Claim,2
CLM-00789,1058.38,24.0,245.0,486.0,7.0,0.527,0.0,0.0,0.0,1.0,1.0,1.0,1.0,0.0,1.0,0.0,0.0,0.0,0.0,0.0,1.0,0.0,1.0,0.0,0.0,0.0,0.0,0.0,Valid Claim,2
CLM-00082,1224.23,36.0,1078.0,18.0,6.0,0.921,0.0,0.0,1.0,1.0,1.0,1.0,1.0,0.0,1.0,0.0,0.0,0.0,0.0,1.0,0.0,1.0,0.0,0.0,0.0,0.0,0.0,0.0,Valid Claim,2
CLM-00117,678.23,24.0,291.0,440.0,3.0,0.564,1.0,2.0,0.0,0.0,1.0,0.0,1.0,0.0,1.0,1.0,0.0,0.0,0.0,0.0,1.0,0.0,0.0,0.0,0.0,0.0,0.0,1.0,Invalid Claim,0
CLM-00900,333.28,24.0,717.0,14.0,23.0,0.727,0.0,0.0,0.0,1.0,1.0,1.0,1.0,0.0,1.0,0.0,0.0,0.0,0.0,1.0,0.0,1.0,0.0,0.0,0.0,0.0,0.0,0.0,Valid Claim,2
CLM-00927,181.61,36.0,961.0,135.0,0.0,0.404,0.0,1.0,1.0,1.0,0.0,1.0,1.0,0.0,1.0,0.0,0.0,0.0,0.0,0.0,1.0,0.0,0.0,0.0,1.0,0.0,0.0,0.0,Valid Claim,2
CLM-00132,771.81,36.0,716.0,380.0,2.0,0.799,0.0,0.0,1.0,1.0,1.0,1.0,1.0,0.0,1.0,0.0,0.0,0.0,1.0,0.0,0.0,0.0,0.0,0.0,1.0,0.0,0.0,0.0,Valid Claim,2
CLM-01284,547.71,12.0,42.0,323.0,0.0,0.327,0.0,0.0,0.0,1.0,1.0,1.0,1.0,0.0,1.0,0.0,0.0,0.0,1.0,0.0,0.0,0.0,0.0,1.0,0.0,0.0,0.0,0.0,Manual Review,1
CLM-01159,1014.24,36.0,1282.0,-186.0,8.0,0.515,2.0,0.0,0.0,1.0,1.0,1.0,1.0,1.0,1.0,0.0,0.0,0.0,0.0,1.0,0.0,0.0,0.0,0.0,0.0,0.0,0.0,1.0,Invalid Claim,0
CLM-00110,409.35,36.0,1486.0,-390.0,19.0,0.9,1.0,1.0,1.0,1.0,1.0,1.0,0.0,1.0,1.0,0.0,0.0,0.0,0.0,1.0,0.0,1.0,0.0,0.0,0.0,0.0,0.0,0.0,Invalid Claim,0
CLM-00559,346.45,24.0,437.0,294.0,31.0,0.821,0.0,0.0,1.0,1.0,1.0,1.0,1.0,0.0,1.0,0.0,0.0,0.0,1.0,0.0,0.0,1.0,0.0,0.0,0.0,0.0,0.0,0.0,Invalid Claim,0
CLM-00241,736.28,36.0,1481.0,-385.0,2.0,0.646,3.0,0.0,1.0,1.0,1.0,1.0,1.0,1.0,1.0,0.0,0.0,0.0,0.0,1.0,0.0,0.0,0.0,0.0,1.0,0.0,0.0,0.0,Invalid Claim,0
CLM-01088,1527.77,24.0,724.0,7.0,5.0,0.878,0.0,2.0,0.0,1.0,0.0,0.0,1.0,0.0,1.0,0.0,0.0,0.0,1.0,0.0,0.0,0.0,0.0,0.0,1.0,0.0,0.0,0.0,Manual Review,1
CLM-00311,473.52,24.0,401.0,330.0,24.0,0.806,0.0,0.0,1.0,1.0,1.0,1.0,1.0,0.0,1.0,0.0,0.0,0.0,1.0,0.0,0.0,1.0,0.0,0.0,0.0,0.0,0.0,0.0,Valid Claim,2
CLM-00010,624.65,24.0,414.0,317.0,13.0,0.54,1.0,0.0,0.0,1.0,1.0,1.0,1.0,1.0,1.0,0.0,0.0,0.0,0.0,0.0,1.0,0.0,0.0,0.0,1.0,0.0,0.0,0.0,Valid Claim,2
CLM-00328,833.19,48.0,306.0,1155.0,323.0,0.728,0.0,1.0,1.0,1.0,1.0,1.0,0.0,0.0,1.0,0.0,0.0,1.0,0.0,0.0,1.0,0.0,1.0,0.0,0.0,0.0,0.0,0.0,Manual Review,1
CLM-01299,532.53,24.0,666.0,65.0,31.0,0.602,0.0,1.0,1.0,1.0,1.0,0.0,1.0,0.0,1.0,0.0,0.0,0.0,1.0,0.0,0.0,0.0,0.0,0.0,0.0,1.0,0.0,0.0,Invalid Claim,0
CLM-01467,997.01,48.0,581.0,880.0,1.0,0.757,0.0,0.0,1.0,1.0,1.0,1.0,1.0,0.0,1.0,0.0,0.0,0.0,0.0,0.0,1.0,0.0,1.0,0.0,0.0,0.0,0.0,0.0,Valid Claim,2
CLM-00026,546.45,12.0,96.0,269.0,23.0,0.479,0.0,0.0,0.0,1.0,1.0,1.0,1.0,0.0,1.0,0.0,0.0,0.0,1.0,0.0,0.0,1.0,0.0,0.0,0.0,0.0,0.0,0.0,Valid Claim,2
CLM-01401,810.2,12.0,51.0,314.0,58.0,0.2,0.0,0.0,0.0,1.0,1.0,1.0,1.0,0.0,1.0,0.0,0.0,1.0,1.0,0.0,0.0,0.0,0.0,0.0,0.0,1.0,0.0,0.0,Manual Review,1
CLM-00267,561.56,36.0,1175.0,-79.0,9.0,0.764,0.0,0.0,1.0,1.0,1.0,1.0,1.0,0.0,1.0,0.0,0.0,0.0,0.0,0.0,1.0,1.0,0.0,0.0,0.0,0.0,0.0,0.0,Invalid Claim,0
CLM-00614,364.55,24.0,720.0,11.0,11.0,0.29,0.0,1.0,0.0,1.0,1.0,0.0,1.0,0.0,1.0,0.0,0.0,0.0,1.0,0.0,0.0,0.0,0.0,0.0,0.0,1.0,0.0,0.0,Manual Review,1
CLM-00007,406.36,24.0,371.0,360.0,12.0,0.449,0.0,1.0,1.0,1.0,1.0,1.0,0.0,0.0,1.0,0.0,0.0,0.0,1.0,0.0,0.0,0.0,0.0,0.0,0.0,1.0,0.0,0.0,Manual Review,1
CLM-01092,396.03,36.0,1115.0,-19.0,6.0,0.034,2.0,2.0,0.0,1.0,1.0,0.0,0.0,1.0,1.0,0.0,0.0,0.0,0.0,1.0,0.0,0.0,0.0,0.0,0.0,1.0,0.0,0.0,Invalid Claim,0
CLM-01137,795.99,24.0,728.0,3.0,9.0,0.492,1.0,0.0,0.0,1.0,1.0,1.0,1.0,1.0,1.0,1.0,0.0,0.0,0.0,0.0,1.0,0.0,0.0,0.0,1.0,0.0,0.0,0.0,Invalid Claim,0
CLM-01115,373.75,36.0,1090.0,6.0,1113.0,0.474,1.0,2.0,0.0,1.0,1.0,0.0,0.0,0.0,0.0,1.0,0.0,1.0,0.0,1.0,0.0,0.0,0.0,0.0,1.0,0.0,0.0,0.0,Invalid Claim,0
CLM-00888,308.56,36.0,542.0,554.0,2.0,0.537,0.0,1.0,1.0,1.0,0.0,1.0,1.0,0.0,0.0,0.0,0.0,0.0,1.0,0.0,0.0,0.0,1.0,0.0,0.0,0.0,0.0,0.0,Invalid Claim,0
CLM-00279,1708.76,24.0,287.0,444.0,12.0,0.746,1.0,0.0,0.0,1.0,1.0,1.0,1.0,1.0,1.0,0.0,0.0,0.0,1.0,0.0,0.0,0.0,0.0,0.0,0.0,0.0,0.0,1.0,Valid Claim,2
CLM-01345,472.49,24.0,172.0,559.0,3.0,0.292,1.0,1.0,1.0,1.0,1.0,0.0,1.0,1.0,0.0,0.0,0.0,0.0,1.0,0.0,0.0,0.0,0.0,0.0,0.0,1.0,0.0,0.0,Invalid Claim,0
CLM-01483,799.46,24.0,736.0,-5.0,5.0,0.652,0.0,1.0,0.0,1.0,1.0,1.0,0.0,0.0,1.0,0.0,0.0,0.0,1.0,0.0,0.0,1.0,0.0,0.0,0.0,0.0,0.0,0.0,Manual Review,1
CLM-01394,603.07,36.0,1087.0,9.0,5.0,0.33,0.0,1.0,0.0,1.0,0.0,1.0,1.0,0.0,1.0,0.0,0.0,0.0,0.0,1.0,0.0,0.0,0.0,0.0,0.0,0.0,0.0,1.0,Manual Review,1
CLM-01381,226.12,24.0,751.0,-20.0,44.0,0.566,2.0,0.0,0.0,1.0,1.0,1.0,1.0,0.0,1.0,0.0,0.0,0.0,0.0,0.0,1.0,0.0,0.0,0.0,0.0,1.0,0.0,0.0,Invalid Claim,0
CLM-00806,525.77,24.0,99.0,632.0,5.0,0.744,0.0,1.0,0.0,1.0,1.0,1.0,0.0,0.0,1.0,0.0,0.0,0.0,0.0,1.0,0.0,0.0,0.0,0.0,1.0,0.0,0.0,0.0,Valid Claim,2
CLM-00822,691.82,24.0,751.0,-20.0,1.0,0.331,0.0,0.0,0.0,1.0,1.0,1.0,1.0,0.0,1.0,0.0,0.0,0.0,0.0,0.0,1.0,0.0,1.0,0.0,0.0,0.0,0.0,0.0,Invalid Claim,0
CLM-00137,822.31,36.0,588.0,508.0,10.0,0.893,0.0,1.0,1.0,1.0,1.0,0.0,1.0,0.0,1.0,0.0,0.0,0.0,1.0,0.0,0.0,1.0,0.0,0.0,0.0,0.0,0.0,0.0,Valid Claim,2
CLM-00554,334.03,36.0,1088.0,8.0,14.0,0.107,0.0,0.0,1.0,1.0,1.0,1.0,1.0,0.0,1.0,0.0,0.0,0.0,1.0,0.0,0.0,0.0,0.0,0.0,0.0,0.0,1.0,0.0,Manual Review,1
CLM-00968,362.59,48.0,425.0,1036.0,6.0,0.353,0.0,0.0,1.0,1.0,1.0,1.0,1.0,0.0,1.0,0.0,0.0,0.0,0.0,1.0,0.0,0.0,0.0,1.0,0.0,0.0,0.0,0.0,Valid Claim,2
CLM-00889,318.97,24.0,749.0,-18.0,16.0,0.848,0.0,1.0,0.0,1.0,1.0,0.0,1.0,0.0,1.0,0.0,0.0,0.0,0.0,1.0,0.0,1.0,0.0,0.0,0.0,0.0,0.0,0.0,Invalid Claim,0
CLM-00750,1255.15,36.0,932.0,164.0,969.0,0.799,0.0,1.0,0.0,1.0,0.0,1.0,1.0,0.0,1.0,0.0,0.0,1.0,0.0,1.0,0.0,1.0,0.0,0.0,0.0,0.0,0.0,0.0,Manual Review,1
CLM-00744,468.92,36.0,1282.0,-186.0,9.0,0.22,1.0,0.0,0.0,1.0,1.0,1.0,1.0,1.0,1.0,0.0,0.0,0.0,0.0,0.0,1.0,0.0,0.0,0.0,0.0,1.0,0.0,0.0,Invalid Claim,0
CLM-00387,1611.53,24.0,38.0,693.0,6.0,0.41,0.0,0.0,0.0,1.0,1.0,1.0,1.0,0.0,1.0,0.0,0.0,0.0,0.0,1.0,0.0,0.0,0.0,0.0,0.0,0.0,0.0,1.0,Manual Review,1
CLM-00156,344.77,36.0,132.0,964.0,0.0,0.783,2.0,1.0,0.0,1.0,1.0,0.0,1.0,0.0,1.0,0.0,0.0,0.0,0.0,1.0,0.0,1.0,0.0,0.0,0.0,0.0,0.0,0.0,Manual Review,1
CLM-00879,1328.0,24.0,373.0,358.0,33.0,0.514,0.0,0.0,0.0,1.0,1.0,1.0,1.0,0.0,1.0,0.0,0.0,0.0,0.0,1.0,0.0,0.0,1.0,0.0,0.0,0.0,0.0,0.0,Manual Review,1
CLM-00891,696.75,36.0,601.0,495.0,11.0,0.414,1.0,0.0,1.0,1.0,1.0,1.0,1.0,1.0,1.0,0.0,1.0,0.0,0.0,1.0,0.0,0.0,1.0,0.0,0.0,0.0,0.0,0.0,Manual Review,1
CLM-00439,248.26,24.0,116.0,615.0,7.0,0.298,0.0,0.0,0.0,1.0,1.0,1.0,1.0,0.0,1.0,0.0,0.0,0.0,1.0,0.0,0.0,0.0,0.0,0.0,1.0,0.0,0.0,0.0,Valid Claim,2
CLM-01168,445.11,36.0,534.0,562.0,6.0,0.781,1.0,1.0,1.0,0.0,1.0,1.0,1.0,1.0,0.0,0.0,0.0,0.0,1.0,0.0,0.0,1.0,0.0,0.0,0.0,0.0,0.0,0.0,Invalid Claim,0
CLM-00444,634.81,24.0,260.0,471.0,1.0,0.338,0.0,0.0,0.0,1.0,1.0,1.0,1.0,0.0,1.0,0.0,0.0,0.0,0.0,0.0,1.0,0.0,0.0,0.0,0.0,0.0,1.0,0.0,Manual Review,1
CLM-01101,254.65,24.0,402.0,329.0,7.0,0.756,0.0,0.0,0.0,1.0,1.0,1.0,1.0,0.0,1.0,0.0,0.0,0.0,0.0,0.0,1.0,0.0,0.0,0.0,0.0,0.0,0.0,1.0,Valid Claim,2
CLM-00461,577.13,24.0,740.0,-9.0,25.0,0.546,0.0,0.0,1.0,1.0,1.0,1.0,1.0,0.0,1.0,0.0,0.0,0.0,1.0,0.0,0.0,1.0,0.0,0.0,0.0,0.0,0.0,0.0,Invalid Claim,0
CLM-00923,1151.85,24.0,354.0,377.0,15.0,0.803,1.0,0.0,0.0,1.0,1.0,1.0,1.0,1.0,1.0,1.0,0.0,0.0,1.0,0.0,0.0,1.0,0.0,0.0,0.0,0.0,0.0,0.0,Invalid Claim,0
CLM-01364,780.52,36.0,50.0,1046.0,0.0,0.565,0.0,0.0,1.0,1.0,1.0,1.0,1.0,0.0,1.0,0.0,0.0,0.0,0.0,1.0,0.0,1.0,0.0,0.0,0.0,0.0,0.0,0.0,Valid Claim,2
CLM-01397,1092.18,24.0,139.0,592.0,8.0,0.442,0.0,1.0,0.0,0.0,1.0,1.0,1.0,0.0,1.0,0.0,0.0,0.0,0.0,1.0,0.0,0.0,0.0,0.0,0.0,0.0,0.0,1.0,Manual Review,1
CLM-01389,533.43,24.0,121.0,610.0,7.0,0.781,0.0,1.0,1.0,1.0,0.0,1.0,1.0,0.0,1.0,0.0,0.0,0.0,1.0,0.0,0.0,1.0,0.0,0.0,0.0,0.0,0.0,0.0,Valid Claim,2
CLM-01002,1047.97,24.0,1040.0,-309.0,15.0,0.57,0.0,0.0,0.0,1.0,1.0,1.0,1.0,0.0,1.0,0.0,0.0,0.0,0.0,1.0,0.0,0.0,0.0,0.0,0.0,0.0,0.0,1.0,Invalid Claim,0
CLM-00577,1229.63,24.0,995.0,-264.0,8.0,0.727,0.0,1.0,1.0,0.0,1.0,1.0,1.0,0.0,1.0,0.0,0.0,0.0,1.0,0.0,0.0,0.0,0.0,0.0,1.0,0.0,0.0,0.0,Valid Claim,2
CLM-00722,361.83,24.0,721.0,10.0,7.0,0.664,0.0,1.0,0.0,1.0,0.0,1.0,1.0,0.0,1.0,0.0,1.0,0.0,0.0,1.0,0.0,1.0,0.0,0.0,0.0,0.0,0.0,0.0,Manual Review,1
CLM-00057,557.84,36.0,1095.0,1.0,2.0,0.426,0.0,1.0,0.0,1.0,1.0,0.0,1.0,0.0,1.0,0.0,0.0,0.0,0.0,0.0,1.0,0.0,1.0,0.0,0.0,0.0,0.0,0.0,Valid Claim,2
CLM-00431,1156.47,48.0,1736.0,-275.0,13.0,0.643,2.0,0.0,1.0,1.0,1.0,1.0,1.0,0.0,1.0,0.0,0.0,0.0,0.0,1.0,0.0,0.0,1.0,0.0,0.0,0.0,0.0,0.0,Invalid Claim,0
CLM-00307,1024.02,24.0,724.0,7.0,0.0,0.491,0.0,0.0,0.0,1.0,1.0,1.0,1.0,0.0,1.0,0.0,0.0,0.0,1.0,0.0,0.0,0.0,0.0,0.0,0.0,1.0,0.0,0.0,Manual Review,1
CLM-00540,667.46,36.0,345.0,751.0,2.0,0.759,0.0,0.0,1.0,1.0,1.0,1.0,1.0,0.0,1.0,0.0,0.0,0.0,0.0,1.0,0.0,0.0,0.0,1.0,0.0,0.0,0.0,0.0,Valid Claim,2
CLM-01109,2354.51,24.0,721.0,10.0,24.0,0.704,1.0,1.0,0.0,1.0,1.0,1.0,0.0,0.0,1.0,0.0,0.0,0.0,0.0,0.0,1.0,1.0,0.0,0.0,0.0,0.0,0.0,0.0,Valid Claim,2
CLM-00934,273.77,48.0,1470.0,-9.0,1487.0,0.356,0.0,1.0,1.0,1.0,1.0,0.0,1.0,0.0,1.0,0.0,0.0,1.0,0.0,0.0,1.0,0.0,0.0,0.0,0.0,0.0,0.0,1.0,Manual Review,1
CLM-01019,1976.47,12.0,380.0,-15.0,408.0,0.511,0.0,1.0,0.0,1.0,1.0,1.0,0.0,0.0,1.0,0.0,0.0,1.0,1.0,0.0,0.0,0.0,0.0,0.0,1.0,0.0,0.0,0.0,Invalid Claim,0
CLM-00839,353.66,36.0,1105.0,-9.0,25.0,0.656,1.0,1.0,0.0,0.0,1.0,1.0,1.0,0.0,1.0,0.0,0.0,0.0,0.0,0.0,1.0,1.0,0.0,0.0,0.0,0.0,0.0,0.0,Manual Review,1
CLM-00345,300.71,24.0,499.0,232.0,0.0,0.614,0.0,1.0,0.0,0.0,1.0,1.0,1.0,0.0,0.0,0.0,0.0,0.0,0.0,0.0,1.0,0.0,0.0,0.0,1.0,0.0,0.0,0.0,Manual Review,1
CLM-00291,619.43,24.0,394.0,337.0,15.0,0.555,0.0,0.0,0.0,1.0,1.0,1.0,1.0,0.0,1.0,0.0,0.0,0.0,1.0,0.0,0.0,0.0,0.0,1.0,0.0,0.0,0.0,0.0,Invalid Claim,0
CLM-00052,469.59,24.0,822.0,-91.0,23.0,0.507,1.0,0.0,0.0,1.0,1.0,1.0,1.0,1.0,0.0,0.0,0.0,0.0,0.0,1.0,0.0,0.0,0.0,0.0,1.0,0.0,0.0,0.0,Invalid Claim,0
CLM-01016,319.44,36.0,636.0,460.0,6.0,0.483,1.0,0.0,1.0,1.0,1.0,1.0,1.0,1.0,1.0,0.0,0.0,0.0,1.0,0.0,0.0,1.0,0.0,0.0,0.0,0.0,0.0,0.0,Valid Claim,2
CLM-00274,644.81,24.0,517.0,214.0,12.0,0.305,0.0,1.0,1.0,0.0,1.0,1.0,1.0,0.0,1.0,0.0,0.0,0.0,1.0,0.0,0.0,0.0,0.0,0.0,1.0,0.0,0.0,0.0,Manual Review,1
CLM-00589,461.14,36.0,546.0,550.0,0.0,0.794,0.0,0.0,0.0,1.0,1.0,1.0,1.0,0.0,1.0,0.0,0.0,0.0,0.0,0.0,1.0,1.0,0.0,0.0,0.0,0.0,0.0,0.0,Valid Claim,2
CLM-01197,866.77,36.0,955.0,141.0,2.0,0.125,0.0,0.0,0.0,1.0,1.0,1.0,1.0,0.0,1.0,0.0,0.0,0.0,0.0,1.0,0.0,0.0,0.0,0.0,1.0,0.0,0.0,0.0,Valid Claim,2
CLM-00282,671.76,36.0,1102.0,-6.0,3.0,0.568,0.0,0.0,1.0,1.0,1.0,1.0,1.0,0.0,1.0,0.0,0.0,0.0,0.0,0.0,1.0,0.0,0.0,1.0,0.0,0.0,0.0,0.0,Manual Review,1
CLM-00194,638.57,24.0,47.0,684.0,12.0,0.857,0.0,0.0,0.0,1.0,1.0,1.0,1.0,0.0,1.0,0.0,0.0,0.0,1.0,0.0,0.0,0.0,0.0,0.0,0.0,0.0,0.0,1.0,Manual Review,1
CLM-00976,579.03,36.0,1449.0,-353.0,1.0,0.772,0.0,0.0,0.0,1.0,1.0,1.0,1.0,0.0,1.0,0.0,0.0,0.0,0.0,0.0,1.0,0.0,1.0,0.0,0.0,0.0,0.0,0.0,Invalid Claim,0
CLM-01488,1462.4,24.0,546.0,185.0,22.0,0.586,1.0,1.0,0.0,1.0,1.0,1.0,0.0,1.0,1.0,0.0,0.0,0.0,0.0,0.0,1.0,0.0,1.0,0.0,0.0,0.0,0.0,0.0,Valid Claim,2
CLM-00713,426.69,48.0,736.0,725.0,8.0,0.788,0.0,0.0,1.0,1.0,1.0,1.0,1.0,0.0,1.0,0.0,0.0,0.0,0.0,1.0,0.0,1.0,0.0,0.0,0.0,0.0,0.0,0.0,Valid Claim,2
CLM-00841,632.44,24.0,340.0,391.0,5.0,0.275,1.0,0.0,0.0,1.0,1.0,1.0,1.0,0.0,0.0,0.0,0.0,0.0,0.0,1.0,0.0,0.0,1.0,0.0,0.0,0.0,0.0,0.0,Invalid Claim,0
CLM-01015,987.27,24.0,759.0,-28.0,8.0,0.576,0.0,0.0,0.0,1.0,1.0,1.0,1.0,0.0,1.0,0.0,0.0,0.0,1.0,0.0,0.0,0.0,0.0,1.0,0.0,0.0,0.0,0.0,Manual Review,1
CLM-00524,549.73,48.0,1581.0,-120.0,23.0,0.721,0.0,3.0,1.0,0.0,1.0,0.0,0.0,0.0,1.0,0.0,0.0,0.0,0.0,0.0,1.0,1.0,0.0,0.0,0.0,0.0,0.0,0.0,Invalid Claim,0
CLM-00496,846.99,36.0,1112.0,-16.0,15.0,0.731,0.0,0.0,0.0,1.0,1.0,1.0,1.0,0.0,1.0,0.0,0.0,0.0,0.0,0.0,1.0,1.0,0.0,0.0,0.0,0.0,0.0,0.0,Invalid Claim,0
CLM-00504,2265.64,36.0,575.0,521.0,5.0,0.607,0.0,0.0,0.0,1.0,1.0,1.0,1.0,0.0,1.0,0.0,0.0,0.0,0.0,1.0,0.0,1.0,0.0,0.0,0.0,0.0,0.0,0.0,Valid Claim,2
CLM-01155,553.26,24.0,178.0,553.0,12.0,0.262,0.0,0.0,0.0,1.0,1.0,1.0,1.0,0.0,1.0,0.0,0.0,0.0,1.0,0.0,0.0,0.0,1.0,0.0,0.0,0.0,0.0,0.0,Valid Claim,2
CLM-01357,658.1,24.0,751.0,-20.0,6.0,0.831,0.0,0.0,0.0,1.0,1.0,1.0,1.0,0.0,1.0,0.0,0.0,0.0,0.0,0.0,1.0,1.0,0.0,0.0,0.0,0.0,0.0,0.0,Invalid Claim,0
CLM-00219,420.77,24.0,735.0,-4.0,2.0,0.655,1.0,0.0,0.0,1.0,1.0,1.0,1.0,1.0,1.0,0.0,0.0,0.0,0.0,0.0,1.0,0.0,0.0,0.0,0.0,0.0,0.0,1.0,Manual Review,1
CLM-01095,1074.95,36.0,334.0,762.0,4.0,0.158,0.0,1.0,0.0,1.0,1.0,1.0,0.0,0.0,1.0,0.0,0.0,0.0,0.0,0.0,1.0,0.0,0.0,0.0,0.0,1.0,0.0,0.0,Manual Review,1
CLM-00768,419.17,36.0,478.0,618.0,19.0,0.844,0.0,0.0,1.0,1.0,1.0,1.0,1.0,0.0,1.0,0.0,0.0,0.0,0.0,0.0,1.0,1.0,0.0,0.0,0.0,0.0,0.0,0.0,Valid Claim,2
CLM-00914,219.32,36.0,1068.0,28.0,2.0,0.576,1.0,0.0,0.0,1.0,1.0,1.0,1.0,1.0,1.0,0.0,0.0,0.0,0.0,1.0,0.0,0.0,1.0,0.0,0.0,0.0,0.0,0.0,Valid Claim,2
CLM-01440,682.47,48.0,1467.0,-6.0,22.0,0.441,0.0,0.0,1.0,1.0,1.0,1.0,1.0,0.0,1.0,0.0,0.0,0.0,0.0,0.0,1.0,0.0,1.0,0.0,0.0,0.0,0.0,0.0,Manual Review,1
CLM-01485,539.83,36.0,1007.0,89.0,6.0,0.282,0.0,0.0,0.0,1.0,1.0,1.0,1.0,0.0,0.0,0.0,0.0,0.0,0.0,1.0,0.0,0.0,1.0,0.0,0.0,0.0,0.0,0.0,Invalid Claim,0
CLM-00530,344.19,36.0,1138.0,-42.0,1.0,0.358,0.0,1.0,1.0,1.0,1.0,1.0,0.0,0.0,1.0,0.0,0.0,0.0,0.0,1.0,0.0,0.0,0.0,0.0,0.0,0.0,0.0,1.0,Invalid Claim,0
CLM-01263,413.41,48.0,1520.0,-59.0,1545.0,0.28,1.0,0.0,1.0,1.0,1.0,1.0,1.0,1.0,1.0,1.0,0.0,1.0,0.0,0.0,1.0,0.0,0.0,0.0,0.0,1.0,0.0,0.0,Invalid Claim,0
CLM-00814,935.46,36.0,34.0,1062.0,55.0,0.333,0.0,1.0,0.0,1.0,0.0,1.0,1.0,0.0,1.0,0.0,0.0,1.0,0.0,1.0,0.0,0.0,0.0,1.0,0.0,0.0,0.0,0.0,Manual Review,1
CLM-00598,378.98,24.0,169.0,562.0,13.0,0.724,3.0,0.0,0.0,1.0,1.0,1.0,1.0,1.0,1.0,0.0,0.0,0.0,1.0,0.0,0.0,0.0,0.0,0.0,0.0,1.0,0.0,0.0,Invalid Claim,0
CLM-00451,536.94,24.0,729.0,2.0,0.0,0.392,1.0,0.0,1.0,1.0,1.0,1.0,1.0,1.0,1.0,0.0,0.0,0.0,1.0,0.0,0.0,0.0,1.0,0.0,0.0,0.0,0.0,0.0,Valid Claim,2
CLM-01134,536.72,24.0,462.0,269.0,3.0,0.717,0.0,0.0,0.0,1.0,1.0,1.0,1.0,0.0,1.0,0.0,0.0,0.0,0.0,1.0,0.0,1.0,0.0,0.0,0.0,0.0,0.0,0.0,Valid Claim,2
CLM-00472,1549.22,36.0,1083.0,13.0,1122.0,0.845,0.0,0.0,0.0,1.0,1.0,1.0,1.0,0.0,1.0,0.0,0.0,1.0,0.0,0.0,1.0,1.0,0.0,0.0,0.0,0.0,0.0,0.0,Manual Review,1
CLM-00464,607.77,48.0,1449.0,12.0,0.0,0.674,2.0,0.0,1.0,1.0,1.0,1.0,1.0,1.0,1.0,0.0,0.0,0.0,0.0,1.0,0.0,0.0,0.0,0.0,0.0,0.0,1.0,0.0,Invalid Claim,0
CLM-01487,523.37,24.0,287.0,444.0,1.0,0.187,2.0,0.0,0.0,1.0,1.0,1.0,1.0,1.0,1.0,0.0,0.0,0.0,0.0,0.0,1.0,0.0,0.0,1.0,0.0,0.0,0.0,0.0,Manual Review,1
CLM-01058,610.35,24.0,188.0,543.0,3.0,0.241,0.0,0.0,0.0,1.0,1.0,1.0,1.0,0.0,1.0,0.0,0.0,0.0,0.0,1.0,0.0,0.0,1.0,0.0,0.0,0.0,0.0,0.0,Valid Claim,2
CLM-00764,805.17,24.0,712.0,19.0,6.0,0.454,1.0,1.0,0.0,1.0,0.0,1.0,1.0,1.0,1.0,0.0,0.0,0.0,0.0,0.0,1.0,0.0,1.0,0.0,0.0,0.0,0.0,0.0,Valid Claim,2
CLM-01368,778.45,36.0,305.0,791.0,6.0,0.658,0.0,2.0,1.0,1.0,1.0,0.0,0.0,0.0,1.0,0.0,0.0,0.0,0.0,0.0,1.0,0.0,1.0,0.0,0.0,0.0,0.0,0.0,Manual Review,1
CLM-00993,250.92,24.0,587.0,144.0,16.0,0.663,1.0,0.0,0.0,1.0,1.0,1.0,1.0,1.0,1.0,0.0,0.0,0.0,0.0,1.0,0.0,1.0,0.0,0.0,0.0,0.0,0.0,0.0,Valid Claim,2
CLM-00320,989.41,12.0,115.0,250.0,12.0,0.312,0.0,0.0,0.0,1.0,1.0,1.0,1.0,0.0,1.0,0.0,0.0,0.0,1.0,0.0,0.0,0.0,0.0,1.0,0.0,0.0,0.0,0.0,Manual Review,1
CLM-01011,1013.65,24.0,91.0,640.0,19.0,0.379,1.0,0.0,0.0,1.0,1.0,1.0,1.0,1.0,1.0,1.0,0.0,0.0,0.0,0.0,1.0,0.0,1.0,0.0,0.0,0.0,0.0,0.0,Invalid Claim,0
CLM-00172,248.93,24.0,711.0,20.0,5.0,0.76,1.0,2.0,0.0,1.0,1.0,0.0,0.0,1.0,1.0,0.0,0.0,0.0,0.0,0.0,1.0,1.0,0.0,0.0,0.0,0.0,0.0,0.0,Manual Review,1
CLM-01293,566.89,24.0,661.0,70.0,10.0,0.674,0.0,0.0,0.0,1.0,1.0,1.0,1.0,0.0,1.0,0.0,0.0,0.0,0.0,1.0,0.0,0.0,0.0,1.0,0.0,0.0,0.0,0.0,Valid Claim,2
CLM-00081,256.24,12.0,372.0,-7.0,6.0,0.298,0.0,0.0,0.0,1.0,1.0,1.0,1.0,0.0,1.0,0.0,1.0,0.0,1.0,0.0,0.0,0.0,1.0,0.0,0.0,0.0,0.0,0.0,Manual Review,1
CLM-01435,424.69,24.0,745.0,-14.0,18.0,0.797,1.0,2.0,0.0,0.0,1.0,0.0,1.0,0.0,1.0,1.0,0.0,0.0,0.0,1.0,0.0,1.0,0.0,0.0,0.0,0.0,0.0,0.0,Invalid Claim,0
CLM-00932,1141.56,36.0,121.0,975.0,2.0,0.613,0.0,0.0,0.0,1.0,1.0,1.0,1.0,0.0,0.0,0.0,0.0,0.0,0.0,1.0,0.0,0.0,0.0,0.0,0.0,0.0,1.0,0.0,Manual Review,1
CLM-00141,868.35,36.0,311.0,785.0,1.0,0.497,0.0,2.0,0.0,0.0,1.0,1.0,0.0,0.0,1.0,0.0,0.0,0.0,0.0,1.0,0.0,0.0,0.0,1.0,0.0,0.0,0.0,0.0,Manual Review,1
CLM-00863,499.19,24.0,676.0,55.0,13.0,0.723,1.0,1.0,0.0,1.0,0.0,1.0,1.0,1.0,1.0,0.0,0.0,0.0,0.0,0.0,1.0,0.0,0.0,0.0,1.0,0.0,0.0,0.0,Valid Claim,2
CLM-00775,2938.95,36.0,1487.0,-391.0,23.0,0.165,2.0,0.0,1.0,1.0,1.0,1.0,1.0,0.0,1.0,1.0,0.0,0.0,1.0,0.0,0.0,0.0,1.0,0.0,0.0,0.0,0.0,0.0,Invalid Claim,0
CLM-01420,541.96,36.0,225.0,871.0,8.0,0.737,0.0,0.0,1.0,1.0,1.0,1.0,1.0,0.0,0.0,0.0,0.0,0.0,0.0,0.0,1.0,1.0,0.0,0.0,0.0,0.0,0.0,0.0,Invalid Claim,0
CLM-00413,673.73,36.0,1103.0,-7.0,6.0,0.708,1.0,0.0,0.0,1.0,1.0,1.0,1.0,1.0,1.0,1.0,0.0,0.0,0.0,0.0,1.0,0.0,0.0,0.0,0.0,0.0,1.0,0.0,Invalid Claim,0
CLM-00382,535.71,24.0,550.0,181.0,8.0,0.207,2.0,1.0,0.0,1.0,0.0,1.0,1.0,1.0,1.0,0.0,0.0,0.0,0.0,1.0,0.0,0.0,1.0,0.0,0.0,0.0,0.0,0.0,Manual Review,1
CLM-00096,602.54,36.0,1094.0,2.0,8.0,0.142,1.0,0.0,0.0,1.0,1.0,1.0,1.0,1.0,1.0,0.0,0.0,0.0,0.0,1.0,0.0,0.0,0.0,1.0,0.0,0.0,0.0,0.0,Valid Claim,2
CLM-00073,254.46,36.0,693.0,403.0,13.0,0.54,0.0,0.0,0.0,1.0,1.0,1.0,1.0,0.0,0.0,0.0,0.0,0.0,0.0,0.0,1.0,0.0,0.0,0.0,0.0,1.0,0.0,0.0,Invalid Claim,0
CLM-01319,1609.57,36.0,1099.0,-3.0,2.0,0.239,0.0,0.0,1.0,1.0,1.0,1.0,1.0,0.0,1.0,0.0,0.0,0.0,0.0,0.0,1.0,0.0,0.0,0.0,1.0,0.0,0.0,0.0,Manual Review,1
CLM-00576,539.85,24.0,787.0,-56.0,10.0,0.612,1.0,0.0,0.0,1.0,1.0,1.0,1.0,1.0,1.0,0.0,0.0,0.0,1.0,0.0,0.0,1.0,0.0,0.0,0.0,0.0,0.0,0.0,Invalid Claim,0
CLM-01356,698.6,36.0,1082.0,14.0,4.0,0.72,0.0,0.0,0.0,1.0,1.0,1.0,1.0,0.0,0.0,0.0,0.0,0.0,0.0,1.0,0.0,0.0,0.0,0.0,0.0,1.0,0.0,0.0,Invalid Claim,0
CLM-00677,969.98,36.0,898.0,198.0,1.0,0.873,0.0,0.0,0.0,1.0,1.0,1.0,1.0,0.0,1.0,0.0,0.0,0.0,0.0,1.0,0.0,1.0,0.0,0.0,0.0,0.0,0.0,0.0,Valid Claim,2
CLM-01104,1025.51,36.0,1156.0,-60.0,4.0,0.87,0.0,1.0,0.0,1.0,0.0,1.0,1.0,0.0,0.0,0.0,0.0,0.0,0.0,1.0,0.0,1.0,0.0,0.0,0.0,0.0,0.0,0.0,Invalid Claim,0
CLM-00210,401.52,12.0,183.0,182.0,4.0,0.373,0.0,0.0,0.0,1.0,1.0,1.0,1.0,0.0,1.0,0.0,0.0,0.0,1.0,0.0,0.0,0.0,0.0,0.0,0.0,0.0,1.0,0.0,Invalid Claim,0
CLM-00039,675.94,36.0,723.0,373.0,2.0,0.744,1.0,2.0,0.0,1.0,1.0,0.0,0.0,1.0,1.0,1.0,0.0,0.0,0.0,1.0,0.0,1.0,0.0,0.0,0.0,0.0,0.0,0.0,Manual Review,1
CLM-00478,898.71,36.0,385.0,711.0,4.0,0.638,0.0,1.0,0.0,1.0,0.0,1.0,1.0,0.0,1.0,0.0,0.0,0.0,0.0,0.0,1.0,1.0,0.0,0.0,0.0,0.0,0.0,0.0,Valid Claim,2
CLM-01261,1102.62,48.0,889.0,572.0,6.0,0.798,1.0,0.0,1.0,1.0,1.0,1.0,1.0,0.0,1.0,0.0,0.0,0.0,0.0,0.0,1.0,0.0,0.0,0.0,0.0,1.0,0.0,0.0,Invalid Claim,0
CLM-00294,1004.92,24.0,705.0,26.0,0.0,0.341,0.0,0.0,0.0,1.0,1.0,1.0,1.0,0.0,1.0,0.0,0.0,0.0,0.0,1.0,0.0,0.0,0.0,0.0,0.0,1.0,0.0,0.0,Manual Review,1
CLM-00766,426.39,36.0,331.0,765.0,335.0,0.688,1.0,0.0,0.0,1.0,1.0,1.0,1.0,1.0,1.0,0.0,0.0,1.0,0.0,1.0,0.0,0.0,1.0,0.0,0.0,0.0,0.0,0.0,Manual Review,1
CLM-00607,783.07,36.0,1103.0,-7.0,8.0,0.844,0.0,0.0,1.0,1.0,1.0,1.0,1.0,0.0,1.0,0.0,0.0,0.0,0.0,1.0,0.0,0.0,0.0,0.0,0.0,0.0,0.0,1.0,Manual Review,1
CLM-00386,1036.31,24.0,704.0,27.0,6.0,0.736,0.0,1.0,0.0,1.0,1.0,1.0,0.0,0.0,1.0,0.0,0.0,0.0,0.0,1.0,0.0,0.0,0.0,1.0,0.0,0.0,0.0,0.0,Valid Claim,2
CLM-01366,401.09,24.0,649.0,82.0,4.0,0.52,0.0,0.0,1.0,1.0,1.0,1.0,1.0,0.0,1.0,0.0,0.0,0.0,1.0,0.0,0.0,0.0,0.0,1.0,0.0,0.0,0.0,0.0,Manual Review,1
CLM-00491,1133.68,48.0,473.0,988.0,10.0,0.698,0.0,1.0,1.0,1.0,1.0,1.0,0.0,0.0,1.0,0.0,0.0,0.0,0.0,0.0,1.0,0.0,0.0,0.0,1.0,0.0,0.0,0.0,Valid Claim,2
CLM-00992,710.36,36.0,950.0,146.0,26.0,0.908,0.0,1.0,1.0,0.0,1.0,1.0,1.0,0.0,1.0,0.0,0.0,0.0,0.0,1.0,0.0,1.0,0.0,0.0,0.0,0.0,0.0,0.0,Manual Review,1
CLM-01202,643.25,48.0,1841.0,-380.0,9.0,0.283,0.0,1.0,1.0,1.0,0.0,1.0,1.0,0.0,1.0,0.0,0.0,0.0,0.0,1.0,0.0,0.0,0.0,1.0,0.0,0.0,0.0,0.0,Invalid Claim,0
CLM-01404,416.17,36.0,846.0,250.0,3.0,0.501,1.0,1.0,0.0,1.0,0.0,1.0,1.0,0.0,1.0,0.0,0.0,0.0,0.0,1.0,0.0,0.0,1.0,0.0,0.0,0.0,0.0,0.0,Valid Claim,2
CLM-01162,586.7,48.0,1763.0,-302.0,6.0,0.343,1.0,0.0,1.0,1.0,1.0,1.0,1.0,1.0,1.0,0.0,0.0,0.0,0.0,0.0,1.0,0.0,0.0,1.0,0.0,0.0,0.0,0.0,Invalid Claim,0
CLM-00845,399.22,24.0,954.0,-223.0,0.0,0.777,0.0,0.0,0.0,1.0,1.0,1.0,1.0,0.0,1.0,0.0,0.0,0.0,0.0,1.0,0.0,1.0,0.0,0.0,0.0,0.0,0.0,0.0,Invalid Claim,0
CLM-01353,355.07,24.0,662.0,69.0,5.0,0.329,0.0,0.0,0.0,1.0,1.0,1.0,1.0,0.0,1.0,0.0,0.0,0.0,0.0,0.0,1.0,0.0,0.0,0.0,0.0,0.0,0.0,1.0,Manual Review,1
CLM-00128,1194.74,24.0,489.0,242.0,4.0,0.597,0.0,1.0,0.0,1.0,1.0,1.0,0.0,0.0,1.0,0.0,0.0,0.0,1.0,0.0,0.0,0.0,0.0,0.0,0.0,1.0,0.0,0.0,Invalid Claim,0
CLM-00984,620.87,36.0,1081.0,15.0,3.0,0.455,2.0,0.0,0.0,1.0,1.0,1.0,1.0,1.0,1.0,0.0,0.0,0.0,0.0,1.0,0.0,0.0,0.0,0.0,0.0,0.0,0.0,1.0,Manual Review,1
CLM-00572,551.6,12.0,356.0,9.0,4.0,0.828,1.0,1.0,0.0,1.0,1.0,0.0,1.0,1.0,1.0,0.0,0.0,0.0,1.0,0.0,0.0,1.0,0.0,0.0,0.0,0.0,0.0,0.0,Valid Claim,2
CLM-00019,568.67,36.0,970.0,126.0,4.0,0.633,0.0,1.0,1.0,1.0,0.0,1.0,1.0,0.0,1.0,0.0,0.0,0.0,0.0,1.0,0.0,1.0,0.0,0.0,0.0,0.0,0.0,0.0,Valid Claim,2
CLM-01001,651.67,24.0,468.0,263.0,7.0,0.613,0.0,0.0,1.0,1.0,1.0,1.0,1.0,0.0,1.0,0.0,0.0,0.0,1.0,0.0,0.0,0.0,0.0,0.0,0.0,0.0,1.0,0.0,Invalid Claim,0
CLM-00991,612.17,48.0,1150.0,311.0,18.0,0.397,0.0,1.0,1.0,1.0,1.0,0.0,1.0,0.0,1.0,0.0,0.0,0.0,0.0,0.0,1.0,0.0,0.0,0.0,0.0,1.0,0.0,0.0,Manual Review,1
CLM-00605,1203.96,12.0,215.0,150.0,15.0,0.393,0.0,0.0,0.0,1.0,1.0,1.0,1.0,0.0,1.0,0.0,0.0,0.0,1.0,0.0,0.0,0.0,0.0,0.0,0.0,0.0,0.0,1.0,Manual Review,1
CLM-01021,899.81,24.0,241.0,490.0,2.0,0.471,0.0,1.0,0.0,1.0,1.0,0.0,1.0,0.0,1.0,0.0,0.0,0.0,1.0,0.0,0.0,0.0,0.0,0.0,0.0,0.0,0.0,1.0,Manual Review,1
CLM-00143,381.7,36.0,1087.0,9.0,3.0,0.347,0.0,1.0,1.0,1.0,0.0,1.0,1.0,0.0,1.0,0.0,0.0,0.0,1.0,0.0,0.0,0.0,0.0,1.0,0.0,0.0,0.0,0.0,Manual Review,1
CLM-01111,926.18,36.0,1100.0,-4.0,9.0,0.39,0.0,0.0,0.0,1.0,1.0,1.0,1.0,0.0,1.0,0.0,0.0,0.0,0.0,0.0,1.0,0.0,0.0,0.0,1.0,0.0,0.0,0.0,Manual Review,1
CLM-01193,468.79,24.0,604.0,127.0,7.0,0.325,0.0,1.0,0.0,1.0,0.0,1.0,1.0,0.0,1.0,0.0,0.0,0.0,0.0,0.0,1.0,0.0,0.0,0.0,0.0,1.0,0.0,0.0,Manual Review,1
CLM-00245,734.84,12.0,574.0,-209.0,0.0,0.969,0.0,0.0,0.0,1.0,1.0,1.0,1.0,0.0,1.0,0.0,0.0,0.0,1.0,0.0,0.0,0.0,1.0,0.0,0.0,0.0,0.0,0.0,Invalid Claim,0
CLM-00138,728.97,24.0,379.0,352.0,0.0,0.717,1.0,1.0,0.0,1.0,1.0,1.0,0.0,1.0,1.0,0.0,0.0,0.0,1.0,0.0,0.0,1.0,0.0,0.0,0.0,0.0,0.0,0.0,Valid Claim,2
CLM-01072,553.06,36.0,202.0,894.0,7.0,0.712,4.0,0.0,0.0,1.0,1.0,1.0,1.0,1.0,1.0,0.0,0.0,0.0,0.0,1.0,0.0,0.0,1.0,0.0,0.0,0.0,0.0,0.0,Manual Review,1
CLM-00416,701.93,48.0,483.0,978.0,17.0,0.785,1.0,0.0,1.0,1.0,1.0,1.0,1.0,1.0,1.0,1.0,0.0,0.0,0.0,1.0,0.0,0.0,0.0,0.0,1.0,0.0,0.0,0.0,Invalid Claim,0
CLM-00323,661.67,24.0,841.0,-110.0,7.0,0.502,1.0,1.0,0.0,1.0,1.0,0.0,1.0,0.0,1.0,0.0,0.0,0.0,1.0,0.0,0.0,0.0,0.0,0.0,0.0,0.0,1.0,0.0,Invalid Claim,0
CLM-01052,457.39,24.0,714.0,17.0,12.0,0.193,0.0,0.0,0.0,1.0,1.0,1.0,1.0,0.0,1.0,0.0,0.0,0.0,1.0,0.0,0.0,0.0,0.0,1.0,0.0,0.0,0.0,0.0,Manual Review,1
CLM-00331,1169.17,36.0,688.0,408.0,6.0,0.544,0.0,1.0,0.0,0.0,1.0,1.0,1.0,0.0,1.0,0.0,0.0,0.0,0.0,0.0,1.0,0.0,0.0,0.0,0.0,0.0,0.0,1.0,Manual Review,1
CLM-01297,1282.0,24.0,399.0,332.0,415.0,0.486,1.0,1.0,0.0,1.0,1.0,0.0,1.0,1.0,1.0,0.0,1.0,1.0,1.0,0.0,0.0,0.0,0.0,0.0,0.0,0.0,1.0,0.0,Manual Review,1
CLM-00074,1604.66,12.0,243.0,122.0,15.0,0.571,1.0,0.0,0.0,1.0,1.0,1.0,1.0,1.0,1.0,0.0,0.0,0.0,1.0,0.0,0.0,1.0,0.0,0.0,0.0,0.0,0.0,0.0,Valid Claim,2
CLM-00608,1373.73,48.0,1093.0,368.0,5.0,0.67,0.0,0.0,1.0,1.0,1.0,1.0,1.0,0.0,1.0,0.0,0.0,0.0,0.0,1.0,0.0,0.0,0.0,0.0,0.0,0.0,1.0,0.0,Invalid Claim,0
CLM-01500,143.57,48.0,876.0,585.0,6.0,0.572,0.0,0.0,1.0,1.0,1.0,1.0,1.0,0.0,1.0,0.0,1.0,0.0,0.0,1.0,0.0,1.0,0.0,0.0,0.0,0.0,0.0,0.0,Manual Review,1
CLM-00250,449.46,36.0,361.0,735.0,39.0,0.615,0.0,1.0,0.0,1.0,0.0,1.0,1.0,0.0,1.0,0.0,0.0,0.0,0.0,0.0,1.0,1.0,0.0,0.0,0.0,0.0,0.0,0.0,Invalid Claim,0
CLM-00085,926.16,24.0,474.0,257.0,1.0,0.743,1.0,0.0,0.0,1.0,1.0,1.0,1.0,0.0,1.0,1.0,0.0,0.0,0.0,1.0,0.0,1.0,0.0,0.0,0.0,0.0,0.0,0.0,Invalid Claim,0
CLM-01413,1036.44,24.0,15.0,716.0,11.0,0.345,1.0,0.0,0.0,1.0,1.0,1.0,1.0,1.0,1.0,0.0,0.0,0.0,0.0,1.0,0.0,0.0,1.0,0.0,0.0,0.0,0.0,0.0,Valid Claim,2
CLM-00252,472.19,36.0,442.0,654.0,7.0,0.453,0.0,1.0,0.0,1.0,1.0,1.0,0.0,0.0,1.0,0.0,0.0,0.0,0.0,1.0,0.0,1.0,0.0,0.0,0.0,0.0,0.0,0.0,Valid Claim,2
CLM-00168,400.02,36.0,1100.0,-4.0,9.0,0.648,1.0,0.0,0.0,1.0,1.0,1.0,1.0,1.0,1.0,0.0,0.0,0.0,0.0,1.0,0.0,1.0,0.0,0.0,0.0,0.0,0.0,0.0,Manual Review,1
CLM-01281,755.68,24.0,751.0,-20.0,1.0,0.366,0.0,1.0,0.0,1.0,1.0,1.0,0.0,0.0,1.0,0.0,0.0,0.0,0.0,0.0,1.0,0.0,0.0,0.0,1.0,0.0,0.0,0.0,Invalid Claim,0
CLM-00787,705.39,36.0,1061.0,35.0,1.0,0.529,2.0,0.0,1.0,1.0,1.0,1.0,1.0,0.0,1.0,1.0,0.0,0.0,0.0,1.0,0.0,0.0,1.0,0.0,0.0,0.0,0.0,0.0,Invalid Claim,0
CLM-00418,607.09,36.0,244.0,852.0,3.0,0.37,2.0,1.0,0.0,1.0,1.0,1.0,0.0,1.0,1.0,0.0,0.0,0.0,0.0,0.0,1.0,0.0,1.0,0.0,0.0,0.0,0.0,0.0,Manual Review,1
CLM-00871,472.55,36.0,238.0,858.0,253.0,0.589,0.0,0.0,1.0,1.0,1.0,1.0,1.0,0.0,1.0,0.0,0.0,1.0,0.0,0.0,1.0,1.0,0.0,0.0,0.0,0.0,0.0,0.0,Manual Review,1
CLM-01462,744.07,48.0,1347.0,114.0,15.0,0.574,1.0,0.0,1.0,1.0,1.0,1.0,1.0,1.0,1.0,0.0,0.0,0.0,0.0,0.0,1.0,0.0,0.0,0.0,1.0,0.0,0.0,0.0,Valid Claim,2
CLM-01087,805.27,24.0,742.0,-11.0,3.0,0.705,0.0,0.0,0.0,1.0,1.0,1.0,1.0,0.0,1.0,0.0,0.0,0.0,0.0,0.0,1.0,1.0,0.0,0.0,0.0,0.0,0.0,0.0,Manual Review,1
CLM-00882,460.16,36.0,299.0,797.0,4.0,0.781,0.0,0.0,0.0,1.0,1.0,1.0,1.0,0.0,1.0,0.0,0.0,0.0,0.0,0.0,1.0,1.0,0.0,0.0,0.0,0.0,0.0,0.0,Valid Claim,2
CLM-00842,1216.91,24.0,554.0,177.0,3.0,0.663,0.0,0.0,0.0,1.0,1.0,1.0,1.0,0.0,1.0,0.0,0.0,0.0,1.0,0.0,0.0,1.0,0.0,0.0,0.0,0.0,0.0,0.0,Valid Claim,2
CLM-00521,1193.32,36.0,439.0,657.0,13.0,0.151,1.0,1.0,1.0,0.0,1.0,1.0,1.0,1.0,1.0,0.0,0.0,0.0,0.0,0.0,1.0,0.0,1.0,0.0,0.0,0.0,0.0,0.0,Manual Review,1
CLM-01317,771.79,24.0,246.0,485.0,11.0,0.186,0.0,0.0,0.0,1.0,1.0,1.0,1.0,0.0,1.0,0.0,0.0,0.0,1.0,0.0,0.0,0.0,1.0,0.0,0.0,0.0,0.0,0.0,Valid Claim,2
CLM-00101,271.35,48.0,243.0,1218.0,21.0,0.374,1.0,0.0,1.0,1.0,1.0,1.0,1.0,1.0,1.0,1.0,0.0,0.0,0.0,0.0,1.0,1.0,0.0,0.0,0.0,0.0,0.0,0.0,Invalid Claim,0
CLM-00153,975.87,24.0,434.0,297.0,468.0,0.668,0.0,0.0,0.0,1.0,1.0,1.0,1.0,0.0,1.0,0.0,0.0,1.0,0.0,1.0,0.0,0.0,0.0,0.0,0.0,0.0,1.0,0.0,Invalid Claim,0
CLM-00296,414.26,24.0,751.0,-20.0,5.0,0.514,0.0,0.0,0.0,1.0,1.0,1.0,1.0,0.0,1.0,0.0,0.0,0.0,0.0,1.0,0.0,0.0,1.0,0.0,0.0,0.0,0.0,0.0,Invalid Claim,0
CLM-00088,1561.33,24.0,1005.0,-274.0,0.0,0.654,0.0,0.0,0.0,1.0,1.0,1.0,1.0,0.0,1.0,0.0,0.0,0.0,1.0,0.0,0.0,1.0,0.0,0.0,0.0,0.0,0.0,0.0,Invalid Claim,0
CLM-00913,570.6,36.0,664.0,432.0,4.0,0.765,0.0,1.0,0.0,1.0,1.0,1.0,0.0,0.0,1.0,0.0,0.0,0.0,0.0,0.0,1.0,0.0,1.0,0.0,0.0,0.0,0.0,0.0,Valid Claim,2
CLM-00974,502.23,12.0,338.0,27.0,5.0,0.625,0.0,0.0,0.0,1.0,1.0,1.0,1.0,0.0,1.0,0.0,0.0,0.0,1.0,0.0,0.0,0.0,1.0,0.0,0.0,0.0,0.0,0.0,Valid Claim,2
CLM-01409,409.8,36.0,1105.0,-9.0,17.0,0.453,1.0,0.0,1.0,1.0,1.0,1.0,1.0,1.0,1.0,0.0,0.0,0.0,0.0,0.0,1.0,0.0,0.0,0.0,0.0,0.0,1.0,0.0,Manual Review,1
CLM-01170,950.63,36.0,1078.0,18.0,5.0,0.6,0.0,1.0,0.0,1.0,1.0,0.0,1.0,0.0,1.0,0.0,0.0,0.0,0.0,1.0,0.0,0.0,1.0,0.0,0.0,0.0,0.0,0.0,Valid Claim,2
CLM-00080,411.57,24.0,1105.0,-374.0,1.0,0.494,0.0,0.0,0.0,1.0,1.0,1.0,1.0,0.0,1.0,0.0,0.0,0.0,0.0,0.0,1.0,0.0,0.0,0.0,1.0,0.0,0.0,0.0,Invalid Claim,0
CLM-00178,235.48,36.0,448.0,648.0,2.0,0.717,0.0,0.0,0.0,1.0,1.0,1.0,1.0,0.0,1.0,0.0,0.0,0.0,0.0,1.0,0.0,0.0,0.0,0.0,0.0,0.0,1.0,0.0,Invalid Claim,0
CLM-00023,637.93,24.0,155.0,576.0,16.0,0.627,1.0,0.0,0.0,1.0,1.0,1.0,1.0,1.0,1.0,0.0,0.0,0.0,0.0,1.0,0.0,0.0,0.0,1.0,0.0,0.0,0.0,0.0,Manual Review,1
CLM-01211,865.25,24.0,690.0,41.0,3.0,0.551,1.0,0.0,0.0,1.0,1.0,1.0,1.0,1.0,1.0,0.0,0.0,0.0,1.0,0.0,0.0,0.0,1.0,0.0,0.0,0.0,0.0,0.0,Valid Claim,2
CLM-01235,388.72,36.0,207.0,889.0,246.0,0.078,0.0,1.0,0.0,1.0,0.0,1.0,1.0,0.0,0.0,0.0,0.0,1.0,0.0,1.0,0.0,0.0,1.0,0.0,0.0,0.0,0.0,0.0,Invalid Claim,0
CLM-00581,338.94,36.0,1105.0,-9.0,11.0,0.338,0.0,0.0,0.0,1.0,1.0,1.0,1.0,0.0,1.0,0.0,0.0,0.0,0.0,0.0,1.0,0.0,0.0,0.0,1.0,0.0,0.0,0.0,Manual Review,1
CLM-00054,349.33,36.0,245.0,851.0,21.0,0.362,1.0,0.0,0.0,1.0,1.0,1.0,1.0,0.0,1.0,0.0,0.0,0.0,0.0,1.0,0.0,0.0,0.0,0.0,0.0,0.0,1.0,0.0,Manual Review,1
CLM-00377,764.59,36.0,432.0,664.0,17.0,0.307,0.0,1.0,0.0,1.0,0.0,1.0,1.0,0.0,1.0,0.0,1.0,0.0,0.0,1.0,0.0,0.0,0.0,0.0,0.0,1.0,0.0,0.0,Manual Review,1
CLM-01009,725.71,36.0,196.0,900.0,3.0,0.989,0.0,1.0,1.0,1.0,1.0,0.0,1.0,0.0,1.0,0.0,0.0,0.0,0.0,0.0,1.0,1.0,0.0,0.0,0.0,0.0,0.0,0.0,Valid Claim,2
CLM-00692,1296.39,36.0,581.0,515.0,47.0,0.924,0.0,0.0,1.0,1.0,1.0,1.0,1.0,0.0,0.0,0.0,0.0,0.0,0.0,1.0,0.0,1.0,0.0,0.0,0.0,0.0,0.0,0.0,Invalid Claim,0
CLM-01161,453.0,36.0,374.0,722.0,0.0,0.732,0.0,1.0,0.0,1.0,0.0,1.0,1.0,0.0,1.0,0.0,0.0,0.0,0.0,0.0,1.0,1.0,0.0,0.0,0.0,0.0,0.0,0.0,Valid Claim,2
CLM-00420,1245.07,24.0,683.0,48.0,11.0,0.304,2.0,1.0,0.0,1.0,1.0,1.0,0.0,1.0,1.0,0.0,0.0,0.0,0.0,0.0,1.0,0.0,0.0,1.0,0.0,0.0,0.0,0.0,Manual Review,1
CLM-00360,722.34,24.0,675.0,56.0,11.0,0.877,0.0,0.0,0.0,1.0,1.0,1.0,1.0,0.0,1.0,0.0,0.0,0.0,1.0,0.0,0.0,1.0,0.0,0.0,0.0,0.0,0.0,0.0,Valid Claim,2
CLM-01039,507.42,24.0,739.0,-8.0,2.0,0.901,0.0,0.0,0.0,1.0,1.0,1.0,1.0,0.0,1.0,0.0,0.0,0.0,0.0,1.0,0.0,1.0,0.0,0.0,0.0,0.0,0.0,0.0,Manual Review,1
CLM-01378,1099.2,36.0,460.0,636.0,13.0,0.225,1.0,0.0,1.0,1.0,1.0,1.0,1.0,1.0,1.0,0.0,1.0,0.0,0.0,0.0,1.0,0.0,1.0,0.0,0.0,0.0,0.0,0.0,Manual Review,1
CLM-00887,698.94,36.0,900.0,196.0,4.0,0.377,1.0,1.0,1.0,0.0,1.0,1.0,1.0,1.0,1.0,0.0,0.0,0.0,0.0,0.0,1.0,0.0,1.0,0.0,0.0,0.0,0.0,0.0,Manual Review,1
CLM-00653,743.76,36.0,1076.0,20.0,22.0,0.228,1.0,0.0,0.0,1.0,1.0,1.0,1.0,0.0,1.0,0.0,0.0,0.0,0.0,1.0,0.0,0.0,1.0,0.0,0.0,0.0,0.0,0.0,Valid Claim,2
CLM-01086,687.89,36.0,124.0,972.0,2.0,0.515,0.0,1.0,0.0,0.0,1.0,1.0,1.0,0.0,1.0,0.0,0.0,0.0,0.0,0.0,1.0,0.0,0.0,0.0,0.0,0.0,0.0,1.0,Manual Review,1
CLM-00705,736.06,12.0,115.0,250.0,6.0,0.597,1.0,1.0,0.0,1.0,1.0,0.0,1.0,1.0,1.0,0.0,0.0,0.0,1.0,0.0,0.0,1.0,0.0,0.0,0.0,0.0,0.0,0.0,Invalid Claim,0
CLM-00071,471.52,36.0,51.0,1045.0,13.0,0.579,0.0,1.0,0.0,1.0,1.0,1.0,0.0,0.0,1.0,0.0,0.0,0.0,0.0,0.0,1.0,0.0,0.0,1.0,0.0,0.0,0.0,0.0,Valid Claim,2
CLM-01028,872.69,36.0,592.0,504.0,0.0,0.63,0.0,0.0,1.0,1.0,1.0,1.0,1.0,0.0,1.0,0.0,0.0,0.0,0.0,0.0,1.0,0.0,0.0,1.0,0.0,0.0,0.0,0.0,Valid Claim,2
CLM-01461,739.14,24.0,719.0,12.0,8.0,0.58,0.0,0.0,0.0,1.0,1.0,1.0,1.0,0.0,1.0,0.0,0.0,0.0,1.0,0.0,0.0,0.0,0.0,0.0,0.0,0.0,1.0,0.0,Invalid Claim,0
CLM-00492,504.88,36.0,1124.0,-28.0,10.0,0.382,0.0,0.0,1.0,1.0,1.0,1.0,1.0,0.0,1.0,0.0,0.0,0.0,0.0,0.0,1.0,0.0,1.0,0.0,0.0,0.0,0.0,0.0,Invalid Claim,0
CLM-00794,258.87,36.0,1071.0,25.0,1093.0,0.861,1.0,0.0,0.0,1.0,1.0,1.0,1.0,1.0,1.0,0.0,0.0,1.0,0.0,0.0,1.0,1.0,0.0,0.0,0.0,0.0,0.0,0.0,Manual Review,1
CLM-01265,1138.83,12.0,218.0,147.0,6.0,0.517,0.0,0.0,0.0,1.0,1.0,1.0,1.0,0.0,1.0,0.0,0.0,0.0,1.0,0.0,0.0,0.0,1.0,0.0,0.0,0.0,0.0,0.0,Manual Review,1
CLM-00180,893.14,36.0,148.0,948.0,7.0,0.354,0.0,2.0,0.0,1.0,1.0,0.0,0.0,0.0,1.0,0.0,0.0,0.0,0.0,0.0,1.0,0.0,0.0,0.0,1.0,0.0,0.0,0.0,Manual Review,1
CLM-01007,428.29,12.0,285.0,80.0,0.0,0.659,1.0,1.0,0.0,1.0,0.0,1.0,1.0,1.0,1.0,0.0,0.0,0.0,1.0,0.0,0.0,0.0,0.0,0.0,0.0,1.0,0.0,0.0,Invalid Claim,0
CLM-00092,272.03,24.0,716.0,15.0,6.0,0.747,0.0,0.0,0.0,1.0,1.0,1.0,1.0,0.0,1.0,0.0,0.0,0.0,1.0,0.0,0.0,0.0,0.0,0.0,0.0,0.0,0.0,1.0,Valid Claim,2
CLM-01164,380.16,48.0,35.0,1426.0,25.0,0.747,2.0,1.0,1.0,1.0,1.0,0.0,1.0,1.0,1.0,1.0,0.0,0.0,0.0,0.0,1.0,1.0,0.0,0.0,0.0,0.0,0.0,0.0,Invalid Claim,0
CLM-00022,487.85,12.0,21.0,344.0,14.0,0.419,2.0,0.0,0.0,1.0,1.0,1.0,1.0,1.0,1.0,0.0,0.0,0.0,1.0,0.0,0.0,0.0,0.0,0.0,0.0,0.0,0.0,1.0,Manual Review,1
CLM-01062,223.3,24.0,1114.0,-383.0,6.0,0.969,0.0,0.0,0.0,1.0,1.0,1.0,1.0,0.0,1.0,0.0,0.0,0.0,1.0,0.0,0.0,1.0,0.0,0.0,0.0,0.0,0.0,0.0,Invalid Claim,0
CLM-00596,1631.74,36.0,216.0,880.0,24.0,0.24,1.0,1.0,0.0,0.0,1.0,1.0,1.0,1.0,1.0,0.0,0.0,0.0,0.0,0.0,1.0,0.0,1.0,0.0,0.0,0.0,0.0,0.0,Manual Review,1
CLM-00628,406.39,36.0,58.0,1038.0,0.0,0.335,0.0,0.0,0.0,1.0,1.0,1.0,1.0,0.0,1.0,0.0,0.0,0.0,0.0,0.0,1.0,0.0,0.0,0.0,0.0,0.0,1.0,0.0,Manual Review,1
CLM-00867,808.32,24.0,716.0,15.0,10.0,0.746,1.0,0.0,0.0,1.0,1.0,1.0,1.0,1.0,1.0,1.0,0.0,0.0,1.0,0.0,0.0,0.0,1.0,0.0,0.0,0.0,0.0,0.0,Invalid Claim,0
CLM-00688,478.01,36.0,1002.0,94.0,0.0,0.873,1.0,0.0,0.0,1.0,1.0,1.0,1.0,0.0,1.0,1.0,0.0,0.0,0.0,1.0,0.0,1.0,0.0,0.0,0.0,0.0,0.0,0.0,Invalid Claim,0
CLM-01105,648.67,12.0,380.0,-15.0,1.0,0.891,0.0,0.0,0.0,1.0,1.0,1.0,1.0,0.0,1.0,0.0,0.0,0.0,1.0,0.0,0.0,0.0,0.0,0.0,0.0,1.0,0.0,0.0,Invalid Claim,0
CLM-00905,1069.71,36.0,199.0,897.0,0.0,0.828,0.0,2.0,0.0,0.0,0.0,1.0,1.0,0.0,1.0,0.0,0.0,0.0,0.0,1.0,0.0,1.0,0.0,0.0,0.0,0.0,0.0,0.0,Manual Review,1
CLM-00109,874.09,12.0,73.0,292.0,1.0,0.494,0.0,0.0,0.0,1.0,1.0,1.0,1.0,0.0,1.0,0.0,0.0,0.0,1.0,0.0,0.0,1.0,0.0,0.0,0.0,0.0,0.0,0.0,Valid Claim,2
CLM-00736,413.64,36.0,766.0,330.0,9.0,0.261,1.0,1.0,1.0,1.0,1.0,0.0,1.0,0.0,1.0,0.0,0.0,0.0,0.0,1.0,0.0,0.0,0.0,0.0,1.0,0.0,0.0,0.0,Valid Claim,2
CLM-01287,606.23,36.0,1240.0,-144.0,12.0,0.16,0.0,1.0,0.0,0.0,1.0,1.0,1.0,0.0,1.0,0.0,0.0,0.0,0.0,0.0,1.0,0.0,1.0,0.0,0.0,0.0,0.0,0.0,Valid Claim,2
CLM-00341,583.28,36.0,527.0,569.0,0.0,0.388,0.0,0.0,1.0,1.0,1.0,1.0,1.0,0.0,1.0,0.0,0.0,0.0,0.0,0.0,1.0,0.0,1.0,0.0,0.0,0.0,0.0,0.0,Valid Claim,2
CLM-00664,490.58,48.0,911.0,550.0,3.0,0.583,1.0,0.0,1.0,1.0,1.0,1.0,1.0,0.0,1.0,1.0,0.0,0.0,0.0,1.0,0.0,0.0,1.0,0.0,0.0,0.0,0.0,0.0,Invalid Claim,0
CLM-00649,338.4,48.0,1117.0,344.0,7.0,0.386,1.0,0.0,1.0,1.0,1.0,1.0,1.0,1.0,1.0,0.0,0.0,0.0,0.0,1.0,0.0,0.0,0.0,0.0,1.0,0.0,0.0,0.0,Valid Claim,2
CLM-00324,960.97,36.0,1251.0,-155.0,23.0,0.832,0.0,0.0,1.0,1.0,1.0,1.0,1.0,0.0,1.0,0.0,0.0,0.0,0.0,1.0,0.0,1.0,0.0,0.0,0.0,0.0,0.0,0.0,Invalid Claim,0
CLM-00520,715.85,24.0,461.0,270.0,3.0,0.776,0.0,2.0,0.0,0.0,1.0,0.0,1.0,0.0,1.0,0.0,1.0,0.0,0.0,1.0,0.0,1.0,0.0,0.0,0.0,0.0,0.0,0.0,Manual Review,1
CLM-00079,471.73,36.0,81.0,1015.0,2.0,0.659,0.0,1.0,1.0,1.0,1.0,0.0,1.0,0.0,1.0,0.0,0.0,0.0,0.0,1.0,0.0,0.0,0.0,0.0,1.0,0.0,0.0,0.0,Valid Claim,2
CLM-00242,327.57,12.0,209.0,156.0,4.0,0.356,1.0,1.0,0.0,1.0,1.0,0.0,1.0,1.0,1.0,0.0,0.0,0.0,1.0,0.0,0.0,0.0,0.0,1.0,0.0,0.0,0.0,0.0,Manual Review,1
CLM-00854,453.02,24.0,477.0,254.0,10.0,0.414,0.0,0.0,0.0,1.0,1.0,1.0,1.0,0.0,1.0,0.0,0.0,0.0,0.0,0.0,1.0,0.0,1.0,0.0,0.0,0.0,0.0,0.0,Valid Claim,2
CLM-00041,171.17,36.0,193.0,903.0,13.0,0.849,0.0,1.0,0.0,1.0,1.0,1.0,0.0,0.0,1.0,0.0,1.0,0.0,0.0,0.0,1.0,1.0,0.0,0.0,0.0,0.0,0.0,0.0,Manual Review,1
CLM-00562,300.35,36.0,325.0,771.0,350.0,0.726,1.0,0.0,0.0,1.0,1.0,1.0,1.0,0.0,1.0,1.0,0.0,1.0,0.0,0.0,1.0,0.0,0.0,0.0,1.0,0.0,0.0,0.0,Valid Claim,2
CLM-00569,1072.38,24.0,947.0,-216.0,6.0,0.436,1.0,1.0,0.0,1.0,0.0,1.0,1.0,1.0,1.0,0.0,0.0,0.0,1.0,0.0,0.0,0.0,0.0,0.0,0.0,1.0,0.0,0.0,Invalid Claim,0
CLM-01333,215.62,36.0,1097.0,-1.0,7.0,0.448,0.0,0.0,0.0,1.0,1.0,1.0,1.0,0.0,1.0,0.0,0.0,0.0,0.0,0.0,1.0,1.0,0.0,0.0,0.0,0.0,0.0,0.0,Manual Review,1
CLM-01220,339.2,36.0,1090.0,6.0,1099.0,0.75,0.0,1.0,1.0,1.0,1.0,1.0,0.0,0.0,1.0,0.0,0.0,1.0,0.0,1.0,0.0,1.0,0.0,0.0,0.0,0.0,0.0,0.0,Manual Review,1
CLM-00892,336.98,12.0,331.0,34.0,0.0,0.791,3.0,0.0,0.0,1.0,1.0,1.0,1.0,0.0,1.0,1.0,0.0,0.0,1.0,0.0,0.0,0.0,0.0,0.0,0.0,1.0,0.0,0.0,Invalid Claim,0
CLM-00243,453.11,12.0,236.0,129.0,11.0,0.631,0.0,0.0,0.0,1.0,1.0,1.0,1.0,0.0,1.0,0.0,0.0,0.0,1.0,0.0,0.0,0.0,0.0,0.0,0.0,0.0,1.0,0.0,Invalid Claim,0
CLM-01151,993.39,36.0,1434.0,-338.0,37.0,0.386,0.0,1.0,1.0,1.0,0.0,1.0,1.0,0.0,1.0,0.0,0.0,0.0,1.0,0.0,0.0,0.0,1.0,0.0,0.0,0.0,0.0,0.0,Invalid Claim,0
CLM-01057,414.62,36.0,676.0,420.0,2.0,0.55,1.0,0.0,0.0,1.0,1.0,1.0,1.0,1.0,1.0,0.0,0.0,0.0,0.0,0.0,1.0,0.0,0.0,1.0,0.0,0.0,0.0,0.0,Valid Claim,2
CLM-01256,703.32,36.0,638.0,458.0,0.0,0.437,0.0,1.0,0.0,0.0,1.0,1.0,1.0,0.0,1.0,0.0,0.0,0.0,0.0,1.0,0.0,0.0,0.0,1.0,0.0,0.0,0.0,0.0,Manual Review,1
CLM-00258,586.7,24.0,734.0,-3.0,18.0,0.406,1.0,1.0,0.0,1.0,1.0,1.0,0.0,0.0,1.0,1.0,0.0,0.0,0.0,0.0,1.0,0.0,1.0,0.0,0.0,0.0,0.0,0.0,Invalid Claim,0
CLM-00732,811.7,36.0,1113.0,-17.0,11.0,0.399,0.0,0.0,1.0,1.0,1.0,1.0,1.0,0.0,1.0,0.0,0.0,0.0,0.0,1.0,0.0,0.0,0.0,1.0,0.0,0.0,0.0,0.0,Invalid Claim,0
CLM-00885,582.9,24.0,104.0,627.0,17.0,0.85,0.0,1.0,0.0,1.0,1.0,0.0,1.0,0.0,1.0,0.0,0.0,0.0,1.0,0.0,0.0,0.0,0.0,0.0,0.0,1.0,0.0,0.0,Invalid Claim,0
CLM-00904,472.49,36.0,1084.0,12.0,3.0,0.495,0.0,0.0,0.0,1.0,1.0,1.0,1.0,0.0,1.0,0.0,0.0,0.0,0.0,1.0,0.0,1.0,0.0,0.0,0.0,0.0,0.0,0.0,Invalid Claim,0
CLM-00709,1176.35,36.0,726.0,370.0,7.0,0.79,0.0,0.0,0.0,1.0,1.0,1.0,1.0,0.0,1.0,0.0,0.0,0.0,0.0,0.0,1.0,1.0,0.0,0.0,0.0,0.0,0.0,0.0,Valid Claim,2
CLM-00761,405.15,36.0,871.0,225.0,9.0,0.166,1.0,1.0,0.0,1.0,0.0,1.0,1.0,1.0,1.0,0.0,0.0,0.0,0.0,0.0,1.0,0.0,0.0,0.0,1.0,0.0,0.0,0.0,Valid Claim,2
CLM-00724,923.07,24.0,654.0,77.0,0.0,0.475,0.0,0.0,0.0,1.0,1.0,1.0,1.0,0.0,1.0,0.0,0.0,0.0,1.0,0.0,0.0,0.0,0.0,0.0,0.0,1.0,0.0,0.0,Manual Review,1
CLM-01301,331.24,12.0,197.0,168.0,5.0,0.531,1.0,1.0,0.0,1.0,1.0,1.0,0.0,1.0,1.0,0.0,0.0,0.0,1.0,0.0,0.0,0.0,0.0,0.0,0.0,1.0,0.0,0.0,Manual Review,1
CLM-00660,361.57,48.0,1455.0,6.0,1.0,0.611,1.0,2.0,1.0,0.0,1.0,0.0,1.0,1.0,1.0,0.0,0.0,0.0,0.0,1.0,0.0,0.0,0.0,0.0,0.0,0.0,0.0,1.0,Manual Review,1
CLM-00604,320.58,36.0,1086.0,10.0,3.0,0.548,0.0,0.0,0.0,1.0,1.0,1.0,1.0,0.0,1.0,0.0,0.0,0.0,0.0,1.0,0.0,0.0,0.0,0.0,0.0,1.0,0.0,0.0,Manual Review,1
CLM-01232,903.95,36.0,659.0,437.0,5.0,0.262,0.0,3.0,0.0,1.0,0.0,0.0,0.0,0.0,0.0,0.0,0.0,0.0,0.0,0.0,1.0,0.0,1.0,0.0,0.0,0.0,0.0,0.0,Manual Review,1
CLM-00746,1329.55,12.0,26.0,339.0,19.0,0.723,0.0,0.0,0.0,1.0,1.0,1.0,1.0,0.0,1.0,0.0,0.0,0.0,1.0,0.0,0.0,1.0,0.0,0.0,0.0,0.0,0.0,0.0,Valid Claim,2
CLM-00651,861.92,36.0,997.0,99.0,11.0,0.285,1.0,0.0,0.0,1.0,1.0,1.0,1.0,1.0,1.0,0.0,0.0,0.0,0.0,1.0,0.0,0.0,1.0,0.0,0.0,0.0,0.0,0.0,Valid Claim,2
CLM-01452,3502.66,36.0,481.0,615.0,16.0,0.562,1.0,0.0,0.0,1.0,1.0,1.0,1.0,1.0,0.0,0.0,0.0,0.0,0.0,0.0,1.0,1.0,0.0,0.0,0.0,0.0,0.0,0.0,Invalid Claim,0
CLM-01454,601.87,24.0,490.0,241.0,2.0,0.234,0.0,1.0,1.0,1.0,0.0,1.0,1.0,0.0,0.0,0.0,0.0,0.0,1.0,0.0,0.0,0.0,0.0,0.0,0.0,1.0,0.0,0.0,Invalid Claim,0
CLM-00815,1105.77,24.0,299.0,432.0,14.0,0.788,0.0,0.0,0.0,1.0,1.0,1.0,1.0,0.0,1.0,0.0,0.0,0.0,1.0,0.0,0.0,1.0,0.0,0.0,0.0,0.0,0.0,0.0,Valid Claim,2
CLM-01328,465.27,24.0,997.0,-266.0,3.0,0.242,0.0,0.0,0.0,1.0,1.0,1.0,1.0,0.0,1.0,0.0,0.0,0.0,0.0,0.0,1.0,0.0,0.0,0.0,0.0,0.0,1.0,0.0,Invalid Claim,0
CLM-01442,287.3,36.0,103.0,993.0,11.0,0.545,1.0,1.0,0.0,1.0,1.0,1.0,0.0,1.0,1.0,1.0,0.0,0.0,0.0,0.0,1.0,0.0,1.0,0.0,0.0,0.0,0.0,0.0,Invalid Claim,0
CLM-00893,612.38,36.0,1087.0,9.0,21.0,0.287,0.0,1.0,0.0,1.0,1.0,1.0,0.0,0.0,1.0,0.0,0.0,0.0,0.0,1.0,0.0,1.0,0.0,0.0,0.0,0.0,0.0,0.0,Valid Claim,2
CLM-00017,624.19,36.0,856.0,240.0,8.0,0.725,0.0,2.0,0.0,1.0,0.0,0.0,1.0,0.0,1.0,0.0,0.0,0.0,0.0,1.0,0.0,0.0,0.0,0.0,0.0,0.0,0.0,1.0,Manual Review,1
CLM-00874,677.93,12.0,201.0,164.0,212.0,0.818,1.0,1.0,0.0,1.0,0.0,1.0,1.0,0.0,1.0,0.0,0.0,1.0,1.0,0.0,0.0,0.0,1.0,0.0,0.0,0.0,0.0,0.0,Manual Review,1
CLM-01130,364.47,12.0,108.0,257.0,139.0,0.425,0.0,0.0,0.0,1.0,1.0,1.0,1.0,0.0,1.0,0.0,0.0,1.0,1.0,0.0,0.0,0.0,0.0,0.0,0.0,1.0,0.0,0.0,Manual Review,1
CLM-01374,427.28,36.0,1091.0,5.0,9.0,0.292,0.0,0.0,0.0,1.0,1.0,1.0,1.0,0.0,1.0,0.0,0.0,0.0,0.0,1.0,0.0,0.0,0.0,0.0,1.0,0.0,0.0,0.0,Valid Claim,2
CLM-00065,1656.07,24.0,686.0,45.0,10.0,0.834,0.0,0.0,0.0,1.0,1.0,1.0,1.0,0.0,0.0,0.0,0.0,0.0,0.0,0.0,1.0,1.0,0.0,0.0,0.0,0.0,0.0,0.0,Invalid Claim,0
CLM-01143,968.28,24.0,307.0,424.0,0.0,0.453,2.0,1.0,0.0,0.0,1.0,1.0,1.0,1.0,1.0,1.0,0.0,0.0,0.0,0.0,1.0,0.0,0.0,0.0,1.0,0.0,0.0,0.0,Invalid Claim,0
CLM-00640,425.14,24.0,164.0,567.0,1.0,0.455,0.0,1.0,1.0,1.0,0.0,1.0,1.0,0.0,1.0,0.0,0.0,0.0,1.0,0.0,0.0,0.0,0.0,0.0,0.0,0.0,1.0,0.0,Manual Review,1
CLM-01026,394.46,24.0,65.0,666.0,0.0,0.811,0.0,0.0,0.0,1.0,1.0,1.0,1.0,0.0,1.0,0.0,1.0,0.0,1.0,0.0,0.0,1.0,0.0,0.0,0.0,0.0,0.0,0.0,Manual Review,1
CLM-00730,389.45,36.0,1106.0,-10.0,12.0,0.788,0.0,0.0,0.0,1.0,1.0,1.0,1.0,0.0,1.0,0.0,0.0,0.0,0.0,0.0,1.0,1.0,0.0,0.0,0.0,0.0,0.0,0.0,Manual Review,1
CLM-00196,456.14,36.0,951.0,145.0,0.0,0.679,0.0,1.0,0.0,1.0,0.0,1.0,1.0,0.0,1.0,0.0,0.0,0.0,0.0,0.0,1.0,1.0,0.0,0.0,0.0,0.0,0.0,0.0,Valid Claim,2
CLM-00969,851.48,24.0,191.0,540.0,1.0,0.708,1.0,1.0,0.0,1.0,0.0,1.0,1.0,1.0,1.0,0.0,0.0,0.0,1.0,0.0,0.0,0.0,0.0,0.0,0.0,0.0,1.0,0.0,Invalid Claim,0
CLM-00412,1348.71,24.0,190.0,541.0,9.0,0.693,1.0,1.0,0.0,1.0,1.0,0.0,1.0,1.0,1.0,0.0,0.0,0.0,0.0,1.0,0.0,1.0,0.0,0.0,0.0,0.0,0.0,0.0,Valid Claim,2
CLM-00455,954.03,12.0,304.0,61.0,22.0,0.859,0.0,0.0,0.0,1.0,1.0,1.0,1.0,0.0,1.0,0.0,0.0,0.0,1.0,0.0,0.0,0.0,0.0,0.0,0.0,1.0,0.0,0.0,Invalid Claim,0
CLM-01242,1516.51,24.0,258.0,473.0,0.0,0.557,1.0,1.0,0.0,1.0,1.0,0.0,1.0,1.0,1.0,0.0,0.0,0.0,0.0,0.0,1.0,0.0,1.0,0.0,0.0,0.0,0.0,0.0,Valid Claim,2
CLM-00427,238.14,24.0,740.0,-9.0,22.0,0.463,1.0,2.0,0.0,1.0,0.0,1.0,0.0,1.0,1.0,0.0,0.0,0.0,1.0,0.0,0.0,0.0,0.0,0.0,0.0,1.0,0.0,0.0,Invalid Claim,0
CLM-00193,1073.35,48.0,399.0,1062.0,14.0,0.228,1.0,0.0,1.0,1.0,1.0,1.0,1.0,1.0,1.0,0.0,0.0,0.0,0.0,0.0,1.0,0.0,0.0,0.0,0.0,0.0,0.0,1.0,Manual Review,1
CLM-01391,1280.22,36.0,158.0,938.0,8.0,0.142,0.0,0.0,1.0,1.0,1.0,1.0,1.0,0.0,1.0,0.0,0.0,0.0,0.0,1.0,0.0,0.0,1.0,0.0,0.0,0.0,0.0,0.0,Valid Claim,2
CLM-00515,1195.05,24.0,365.0,366.0,0.0,0.523,0.0,0.0,0.0,1.0,1.0,1.0,1.0,0.0,1.0,0.0,0.0,0.0,1.0,0.0,0.0,0.0,0.0,0.0,0.0,0.0,1.0,0.0,Manual Review,1
CLM-01071,489.72,36.0,1231.0,-135.0,6.0,0.534,0.0,0.0,0.0,1.0,1.0,1.0,1.0,0.0,1.0,0.0,1.0,0.0,0.0,1.0,0.0,0.0,1.0,0.0,0.0,0.0,0.0,0.0,Invalid Claim,0
CLM-01116,767.24,36.0,1089.0,7.0,2.0,0.275,0.0,0.0,0.0,1.0,1.0,1.0,1.0,0.0,1.0,0.0,0.0,0.0,0.0,1.0,0.0,0.0,1.0,0.0,0.0,0.0,0.0,0.0,Valid Claim,2
CLM-00896,176.26,24.0,81.0,650.0,2.0,0.884,0.0,1.0,0.0,0.0,1.0,1.0,1.0,0.0,1.0,0.0,0.0,0.0,1.0,0.0,0.0,1.0,0.0,0.0,0.0,0.0,0.0,0.0,Manual Review,1
CLM-00289,493.14,36.0,167.0,929.0,4.0,0.455,0.0,0.0,0.0,1.0,1.0,1.0,1.0,0.0,1.0,0.0,0.0,0.0,0.0,0.0,1.0,0.0,0.0,0.0,1.0,0.0,0.0,0.0,Valid Claim,2
CLM-00735,258.85,24.0,722.0,9.0,11.0,0.271,0.0,0.0,0.0,1.0,1.0,1.0,1.0,0.0,1.0,0.0,0.0,0.0,0.0,0.0,1.0,0.0,1.0,0.0,0.0,0.0,0.0,0.0,Valid Claim,2
CLM-00122,382.77,36.0,676.0,420.0,715.0,0.462,0.0,0.0,0.0,1.0,1.0,1.0,1.0,0.0,1.0,0.0,0.0,1.0,0.0,0.0,1.0,1.0,0.0,0.0,0.0,0.0,0.0,0.0,Manual Review,1
CLM-00958,589.88,36.0,796.0,300.0,2.0,0.231,0.0,1.0,0.0,0.0,1.0,1.0,1.0,0.0,1.0,0.0,0.0,0.0,0.0,0.0,1.0,0.0,1.0,0.0,0.0,0.0,0.0,0.0,Manual Review,1
CLM-00037,1165.54,36.0,174.0,922.0,3.0,0.705,1.0,0.0,0.0,1.0,1.0,1.0,1.0,0.0,1.0,0.0,0.0,0.0,0.0,0.0,1.0,0.0,1.0,0.0,0.0,0.0,0.0,0.0,Valid Claim,2
CLM-00124,692.83,24.0,594.0,137.0,0.0,0.719,0.0,0.0,0.0,1.0,1.0,1.0,1.0,0.0,1.0,0.0,0.0,0.0,1.0,0.0,0.0,1.0,0.0,0.0,0.0,0.0,0.0,0.0,Valid Claim,2
CLM-01309,541.74,36.0,1076.0,20.0,11.0,0.468,1.0,0.0,1.0,1.0,1.0,1.0,1.0,1.0,1.0,0.0,0.0,0.0,0.0,1.0,0.0,0.0,0.0,0.0,1.0,0.0,0.0,0.0,Valid Claim,2
CLM-00284,1669.64,36.0,1148.0,-52.0,22.0,0.416,0.0,0.0,0.0,1.0,1.0,1.0,1.0,0.0,0.0,0.0,0.0,0.0,0.0,1.0,0.0,0.0,1.0,0.0,0.0,0.0,0.0,0.0,Invalid Claim,0
CLM-00941,402.42,12.0,331.0,34.0,359.0,0.291,0.0,0.0,0.0,1.0,1.0,1.0,1.0,0.0,1.0,0.0,0.0,1.0,1.0,0.0,0.0,0.0,0.0,0.0,0.0,1.0,0.0,0.0,Manual Review,1
CLM-00938,410.98,48.0,706.0,755.0,4.0,0.6,0.0,1.0,1.0,1.0,1.0,0.0,1.0,0.0,1.0,0.0,0.0,0.0,0.0,0.0,1.0,0.0,0.0,0.0,0.0,1.0,0.0,0.0,Invalid Claim,0
CLM-01296,644.38,24.0,156.0,575.0,0.0,0.868,0.0,1.0,0.0,1.0,1.0,0.0,1.0,0.0,1.0,0.0,0.0,0.0,0.0,0.0,1.0,1.0,0.0,0.0,0.0,0.0,0.0,0.0,Valid Claim,2
CLM-00165,434.37,24.0,25.0,706.0,21.0,0.856,1.0,0.0,0.0,1.0,1.0,1.0,1.0,1.0,1.0,0.0,0.0,0.0,1.0,0.0,0.0,1.0,0.0,0.0,0.0,0.0,0.0,0.0,Valid Claim,2
CLM-00012,1179.4,12.0,166.0,199.0,14.0,0.436,0.0,1.0,0.0,1.0,1.0,0.0,1.0,0.0,1.0,0.0,0.0,0.0,1.0,0.0,0.0,0.0,0.0,0.0,0.0,1.0,0.0,0.0,Manual Review,1
CLM-00921,845.81,36.0,331.0,765.0,3.0,0.789,2.0,0.0,0.0,1.0,1.0,1.0,1.0,1.0,1.0,0.0,0.0,0.0,0.0,1.0,0.0,1.0,0.0,0.0,0.0,0.0,0.0,0.0,Manual Review,1
CLM-00497,275.55,48.0,1474.0,-13.0,18.0,0.439,1.0,0.0,1.0,1.0,1.0,1.0,1.0,0.0,1.0,0.0,0.0,0.0,0.0,1.0,0.0,0.0,1.0,0.0,0.0,0.0,0.0,0.0,Invalid Claim,0
CLM-01310,509.76,36.0,67.0,1029.0,8.0,0.569,0.0,0.0,0.0,1.0,1.0,1.0,1.0,0.0,1.0,0.0,0.0,0.0,0.0,0.0,1.0,1.0,0.0,0.0,0.0,0.0,0.0,0.0,Valid Claim,2
CLM-00667,752.27,24.0,567.0,164.0,34.0,0.715,0.0,0.0,0.0,1.0,1.0,1.0,1.0,0.0,1.0,0.0,0.0,0.0,1.0,0.0,0.0,0.0,1.0,0.0,0.0,0.0,0.0,0.0,Invalid Claim,0
CLM-00848,680.82,24.0,17.0,714.0,13.0,0.6,0.0,0.0,0.0,1.0,1.0,1.0,1.0,0.0,1.0,0.0,0.0,0.0,0.0,1.0,0.0,0.0,0.0,0.0,0.0,0.0,1.0,0.0,Invalid Claim,0
CLM-01078,469.53,36.0,603.0,493.0,6.0,0.723,0.0,0.0,0.0,1.0,1.0,1.0,1.0,0.0,1.0,0.0,0.0,0.0,0.0,0.0,1.0,1.0,0.0,0.0,0.0,0.0,0.0,0.0,Valid Claim,2
CLM-01082,779.93,24.0,731.0,0.0,15.0,0.272,0.0,1.0,0.0,1.0,0.0,1.0,1.0,0.0,1.0,0.0,0.0,0.0,0.0,1.0,0.0,0.0,1.0,0.0,0.0,0.0,0.0,0.0,Valid Claim,2
CLM-00961,489.95,48.0,1477.0,-16.0,6.0,0.211,0.0,0.0,1.0,1.0,1.0,1.0,1.0,0.0,1.0,0.0,0.0,0.0,0.0,0.0,1.0,0.0,0.0,0.0,1.0,0.0,0.0,0.0,Invalid Claim,0
CLM-00616,547.49,24.0,733.0,-2.0,3.0,0.497,0.0,3.0,0.0,0.0,0.0,1.0,0.0,0.0,1.0,0.0,0.0,0.0,0.0,0.0,1.0,0.0,0.0,0.0,0.0,0.0,0.0,1.0,Manual Review,1
CLM-00368,367.93,24.0,1105.0,-374.0,15.0,0.628,1.0,1.0,0.0,1.0,0.0,1.0,1.0,1.0,1.0,0.0,0.0,0.0,1.0,0.0,0.0,1.0,0.0,0.0,0.0,0.0,0.0,0.0,Invalid Claim,0
CLM-00837,689.63,36.0,198.0,898.0,18.0,0.557,1.0,2.0,0.0,1.0,0.0,0.0,1.0,0.0,1.0,0.0,0.0,0.0,0.0,0.0,1.0,0.0,1.0,0.0,0.0,0.0,0.0,0.0,Manual Review,1
CLM-01255,364.26,36.0,1107.0,-11.0,1.0,0.891,0.0,0.0,0.0,1.0,1.0,1.0,1.0,0.0,1.0,0.0,0.0,0.0,0.0,1.0,0.0,1.0,0.0,0.0,0.0,0.0,0.0,0.0,Manual Review,1
CLM-00264,769.49,24.0,1079.0,-348.0,5.0,0.573,0.0,2.0,0.0,1.0,0.0,1.0,0.0,0.0,1.0,0.0,0.0,0.0,0.0,0.0,1.0,0.0,0.0,1.0,0.0,0.0,0.0,0.0,Invalid Claim,0
CLM-00990,488.42,24.0,525.0,206.0,3.0,0.595,0.0,1.0,0.0,1.0,1.0,1.0,0.0,0.0,1.0,0.0,0.0,0.0,0.0,1.0,0.0,0.0,1.0,0.0,0.0,0.0,0.0,0.0,Valid Claim,2
CLM-01417,2024.83,12.0,278.0,87.0,1.0,0.518,0.0,0.0,0.0,1.0,1.0,1.0,1.0,0.0,1.0,0.0,0.0,0.0,1.0,0.0,0.0,0.0,0.0,0.0,0.0,0.0,1.0,0.0,Manual Review,1
CLM-00803,406.11,24.0,1129.0,-398.0,11.0,0.688,1.0,1.0,0.0,1.0,0.0,1.0,1.0,0.0,1.0,0.0,0.0,0.0,0.0,0.0,1.0,0.0,0.0,0.0,1.0,0.0,0.0,0.0,Invalid Claim,0
CLM-01445,902.04,24.0,698.0,33.0,17.0,0.524,0.0,0.0,0.0,1.0,1.0,1.0,1.0,0.0,1.0,0.0,0.0,0.0,0.0,1.0,0.0,0.0,1.0,0.0,0.0,0.0,0.0,0.0,Valid Claim,2
CLM-00179,522.38,36.0,885.0,211.0,7.0,0.666,0.0,0.0,1.0,1.0,1.0,1.0,1.0,0.0,1.0,0.0,0.0,0.0,0.0,0.0,1.0,1.0,0.0,0.0,0.0,0.0,0.0,0.0,Valid Claim,2
CLM-01206,502.97,24.0,539.0,192.0,5.0,0.434,2.0,0.0,0.0,1.0,1.0,1.0,1.0,0.0,1.0,1.0,0.0,0.0,1.0,0.0,0.0,0.0,0.0,0.0,0.0,1.0,0.0,0.0,Invalid Claim,0
CLM-00599,356.83,24.0,643.0,88.0,12.0,0.716,0.0,0.0,0.0,1.0,1.0,1.0,1.0,0.0,1.0,0.0,0.0,0.0,0.0,0.0,1.0,0.0,1.0,0.0,0.0,0.0,0.0,0.0,Valid Claim,2
CLM-01050,510.89,36.0,1094.0,2.0,1.0,0.576,0.0,0.0,1.0,1.0,1.0,1.0,1.0,0.0,1.0,0.0,0.0,0.0,0.0,1.0,0.0,0.0,0.0,0.0,1.0,0.0,0.0,0.0,Valid Claim,2
CLM-01358,1018.27,24.0,748.0,-17.0,771.0,0.735,0.0,0.0,0.0,1.0,1.0,1.0,1.0,0.0,1.0,0.0,0.0,1.0,1.0,0.0,0.0,1.0,0.0,0.0,0.0,0.0,0.0,0.0,Invalid Claim,0
CLM-01276,543.36,36.0,974.0,122.0,10.0,0.686,0.0,2.0,0.0,1.0,0.0,0.0,1.0,0.0,1.0,0.0,0.0,0.0,0.0,0.0,1.0,0.0,0.0,0.0,1.0,0.0,0.0,0.0,Manual Review,1
CLM-00662,325.47,12.0,270.0,95.0,1.0,0.53,1.0,2.0,0.0,1.0,1.0,0.0,0.0,1.0,1.0,0.0,0.0,0.0,1.0,0.0,0.0,1.0,0.0,0.0,0.0,0.0,0.0,0.0,Manual Review,1
CLM-00979,816.46,24.0,441.0,290.0,4.0,0.628,1.0,0.0,0.0,1.0,1.0,1.0,1.0,0.0,1.0,1.0,0.0,0.0,1.0,0.0,0.0,0.0,0.0,1.0,0.0,0.0,0.0,0.0,Invalid Claim,0
CLM-00389,793.0,12.0,156.0,209.0,11.0,0.195,0.0,1.0,0.0,1.0,1.0,1.0,0.0,0.0,1.0,0.0,0.0,0.0,1.0,0.0,0.0,0.0,1.0,0.0,0.0,0.0,0.0,0.0,Valid Claim,2
CLM-00700,413.44,24.0,847.0,-116.0,7.0,0.617,0.0,0.0,0.0,1.0,1.0,1.0,1.0,0.0,1.0,0.0,0.0,0.0,0.0,1.0,0.0,0.0,0.0,1.0,0.0,0.0,0.0,0.0,Invalid Claim,0
CLM-00973,504.28,36.0,61.0,1035.0,7.0,0.382,0.0,0.0,1.0,1.0,1.0,1.0,1.0,0.0,1.0,0.0,0.0,0.0,1.0,0.0,0.0,0.0,0.0,0.0,0.0,0.0,1.0,0.0,Manual Review,1
CLM-01030,464.45,24.0,543.0,188.0,2.0,0.494,0.0,0.0,0.0,1.0,1.0,1.0,1.0,0.0,1.0,0.0,0.0,0.0,1.0,0.0,0.0,0.0,0.0,0.0,0.0,1.0,0.0,0.0,Manual Review,1
CLM-00708,870.06,12.0,127.0,238.0,32.0,0.878,1.0,0.0,0.0,1.0,1.0,1.0,1.0,1.0,1.0,0.0,0.0,0.0,1.0,0.0,0.0,0.0,0.0,0.0,0.0,1.0,0.0,0.0,Invalid Claim,0
CLM-00525,366.09,24.0,867.0,-136.0,18.0,0.571,0.0,0.0,0.0,1.0,1.0,1.0,1.0,0.0,1.0,0.0,0.0,0.0,0.0,0.0,1.0,0.0,0.0,0.0,1.0,0.0,0.0,0.0,Invalid Claim,0
CLM-00425,394.62,12.0,569.0,-204.0,0.0,0.442,0.0,0.0,0.0,1.0,1.0,1.0,1.0,0.0,1.0,0.0,0.0,0.0,1.0,0.0,0.0,0.0,0.0,0.0,0.0,1.0,0.0,0.0,Invalid Claim,0
CLM-00140,373.93,36.0,936.0,160.0,3.0,0.782,0.0,0.0,1.0,1.0,1.0,1.0,1.0,0.0,1.0,0.0,0.0,0.0,1.0,0.0,0.0,1.0,0.0,0.0,0.0,0.0,0.0,0.0,Valid Claim,2
CLM-00771,1065.85,36.0,506.0,590.0,1.0,0.427,0.0,0.0,0.0,1.0,1.0,1.0,1.0,0.0,1.0,0.0,0.0,0.0,0.0,1.0,0.0,0.0,0.0,0.0,0.0,0.0,1.0,0.0,Manual Review,1
CLM-00609,894.76,12.0,283.0,82.0,1.0,0.212,0.0,0.0,0.0,1.0,1.0,1.0,1.0,0.0,1.0,0.0,0.0,0.0,1.0,0.0,0.0,0.0,0.0,1.0,0.0,0.0,0.0,0.0,Manual Review,1
CLM-00123,316.24,24.0,409.0,322.0,6.0,0.729,0.0,1.0,0.0,0.0,1.0,1.0,1.0,0.0,1.0,0.0,0.0,0.0,0.0,1.0,0.0,0.0,0.0,1.0,0.0,0.0,0.0,0.0,Manual Review,1
CLM-01360,645.55,36.0,280.0,816.0,23.0,0.389,1.0,0.0,0.0,1.0,1.0,1.0,1.0,0.0,1.0,0.0,0.0,0.0,0.0,1.0,0.0,0.0,0.0,1.0,0.0,0.0,0.0,0.0,Valid Claim,2
CLM-01302,804.64,12.0,372.0,-7.0,0.0,0.304,0.0,1.0,0.0,1.0,1.0,1.0,0.0,0.0,1.0,0.0,0.0,0.0,1.0,0.0,0.0,0.0,0.0,0.0,0.0,0.0,1.0,0.0,Manual Review,1
CLM-00471,758.44,24.0,468.0,263.0,10.0,0.42,1.0,0.0,0.0,1.0,1.0,1.0,1.0,1.0,1.0,0.0,0.0,0.0,0.0,0.0,1.0,1.0,0.0,0.0,0.0,0.0,0.0,0.0,Valid Claim,2
CLM-00107,752.48,24.0,48.0,683.0,8.0,0.675,0.0,0.0,0.0,1.0,1.0,1.0,1.0,0.0,1.0,0.0,0.0,0.0,0.0,0.0,1.0,1.0,0.0,0.0,0.0,0.0,0.0,0.0,Valid Claim,2
CLM-00020,264.23,24.0,75.0,656.0,4.0,0.285,0.0,0.0,0.0,1.0,1.0,1.0,1.0,0.0,1.0,0.0,0.0,0.0,0.0,0.0,1.0,0.0,1.0,0.0,0.0,0.0,0.0,0.0,Valid Claim,2
CLM-00917,1058.7,24.0,1064.0,-333.0,0.0,0.782,3.0,0.0,1.0,1.0,1.0,1.0,1.0,1.0,1.0,1.0,0.0,0.0,1.0,0.0,0.0,1.0,0.0,0.0,0.0,0.0,0.0,0.0,Invalid Claim,0
CLM-00951,819.38,24.0,401.0,330.0,12.0,0.748,0.0,0.0,0.0,1.0,1.0,1.0,1.0,0.0,1.0,0.0,1.0,0.0,0.0,0.0,1.0,0.0,1.0,0.0,0.0,0.0,0.0,0.0,Manual Review,1
CLM-00316,2066.28,36.0,1414.0,-318.0,8.0,0.35,0.0,0.0,0.0,1.0,1.0,1.0,1.0,0.0,0.0,0.0,0.0,0.0,0.0,0.0,1.0,0.0,0.0,0.0,0.0,0.0,1.0,0.0,Invalid Claim,0
CLM-00907,946.88,24.0,335.0,396.0,2.0,0.427,0.0,1.0,0.0,1.0,1.0,0.0,1.0,0.0,1.0,0.0,0.0,0.0,1.0,0.0,0.0,0.0,0.0,1.0,0.0,0.0,0.0,0.0,Manual Review,1
CLM-00206,1086.88,36.0,262.0,834.0,54.0,0.536,0.0,0.0,0.0,1.0,1.0,1.0,1.0,0.0,1.0,0.0,0.0,0.0,0.0,0.0,1.0,0.0,0.0,0.0,0.0,0.0,0.0,1.0,Invalid Claim,0
CLM-01373,404.54,24.0,243.0,488.0,5.0,0.774,1.0,0.0,0.0,1.0,1.0,1.0,1.0,0.0,1.0,1.0,0.0,0.0,0.0,0.0,1.0,1.0,0.0,0.0,0.0,0.0,0.0,0.0,Invalid Claim,0
CLM-00148,2030.57,24.0,658.0,73.0,13.0,0.394,2.0,0.0,0.0,1.0,1.0,1.0,1.0,1.0,1.0,0.0,0.0,0.0,1.0,0.0,0.0,1.0,0.0,0.0,0.0,0.0,0.0,0.0,Manual Review,1
CLM-00098,292.77,24.0,253.0,478.0,21.0,0.378,0.0,0.0,0.0,1.0,1.0,1.0,1.0,0.0,1.0,0.0,0.0,0.0,0.0,1.0,0.0,0.0,0.0,1.0,0.0,0.0,0.0,0.0,Valid Claim,2
CLM-00306,433.23,36.0,586.0,510.0,23.0,0.826,0.0,0.0,1.0,1.0,1.0,1.0,1.0,0.0,1.0,0.0,0.0,0.0,0.0,0.0,1.0,0.0,1.0,0.0,0.0,0.0,0.0,0.0,Valid Claim,2
CLM-00292,683.14,24.0,166.0,565.0,2.0,0.367,0.0,1.0,0.0,0.0,1.0,1.0,1.0,0.0,1.0,0.0,0.0,0.0,0.0,1.0,0.0,1.0,0.0,0.0,0.0,0.0,0.0,0.0,Manual Review,1
CLM-01402,162.73,24.0,320.0,411.0,12.0,0.422,0.0,2.0,0.0,1.0,0.0,1.0,0.0,0.0,1.0,0.0,0.0,0.0,1.0,0.0,0.0,0.0,0.0,0.0,0.0,1.0,0.0,0.0,Manual Review,1
CLM-00675,508.62,36.0,1094.0,2.0,3.0,0.767,1.0,1.0,0.0,1.0,1.0,0.0,1.0,1.0,1.0,0.0,0.0,0.0,0.0,1.0,0.0,1.0,0.0,0.0,0.0,0.0,0.0,0.0,Valid Claim,2
CLM-01355,1334.23,36.0,1096.0,0.0,3.0,0.822,1.0,1.0,0.0,0.0,1.0,1.0,1.0,1.0,1.0,0.0,0.0,0.0,0.0,1.0,0.0,1.0,0.0,0.0,0.0,0.0,0.0,0.0,Manual Review,1
CLM-01210,587.85,48.0,617.0,844.0,6.0,0.808,0.0,0.0,1.0,1.0,1.0,1.0,1.0,0.0,1.0,0.0,0.0,0.0,0.0,0.0,1.0,1.0,0.0,0.0,0.0,0.0,0.0,0.0,Valid Claim,2
CLM-01179,251.82,36.0,1111.0,-15.0,11.0,0.755,0.0,0.0,1.0,1.0,1.0,1.0,1.0,0.0,1.0,0.0,0.0,0.0,0.0,1.0,0.0,0.0,1.0,0.0,0.0,0.0,0.0,0.0,Invalid Claim,0
CLM-00873,746.13,24.0,442.0,289.0,12.0,0.825,0.0,0.0,1.0,1.0,1.0,1.0,1.0,0.0,0.0,0.0,1.0,0.0,1.0,0.0,0.0,1.0,0.0,0.0,0.0,0.0,0.0,0.0,Invalid Claim,0
CLM-00374,541.51,36.0,192.0,904.0,14.0,0.788,2.0,0.0,0.0,1.0,1.0,1.0,1.0,0.0,0.0,0.0,0.0,0.0,0.0,0.0,1.0,1.0,0.0,0.0,0.0,0.0,0.0,0.0,Invalid Claim,0
CLM-00164,1263.16,48.0,452.0,1009.0,6.0,0.459,0.0,0.0,1.0,1.0,1.0,1.0,1.0,0.0,1.0,0.0,0.0,0.0,0.0,0.0,1.0,0.0,0.0,0.0,0.0,0.0,0.0,1.0,Manual Review,1
CLM-00352,361.64,24.0,79.0,652.0,17.0,0.937,1.0,0.0,0.0,1.0,1.0,1.0,1.0,0.0,1.0,1.0,0.0,0.0,0.0,0.0,1.0,1.0,0.0,0.0,0.0,0.0,0.0,0.0,Invalid Claim,0
CLM-01074,200.12,24.0,745.0,-14.0,15.0,0.641,0.0,0.0,0.0,1.0,1.0,1.0,1.0,0.0,1.0,0.0,0.0,0.0,0.0,1.0,0.0,0.0,0.0,1.0,0.0,0.0,0.0,0.0,Manual Review,1
CLM-00552,793.12,36.0,1083.0,13.0,0.0,0.283,0.0,0.0,0.0,1.0,1.0,1.0,1.0,0.0,1.0,0.0,0.0,0.0,0.0,0.0,1.0,0.0,0.0,0.0,0.0,0.0,1.0,0.0,Manual Review,1
CLM-00612,420.56,12.0,290.0,75.0,3.0,0.795,0.0,0.0,0.0,1.0,1.0,1.0,1.0,0.0,1.0,0.0,0.0,0.0,1.0,0.0,0.0,1.0,0.0,0.0,0.0,0.0,0.0,0.0,Valid Claim,2
CLM-01240,381.94,24.0,530.0,201.0,7.0,0.491,1.0,0.0,0.0,1.0,1.0,1.0,1.0,1.0,1.0,0.0,0.0,0.0,1.0,0.0,0.0,0.0,0.0,0.0,0.0,1.0,0.0,0.0,Manual Review,1
CLM-00415,889.97,24.0,490.0,241.0,0.0,0.594,0.0,0.0,1.0,1.0,1.0,1.0,1.0,0.0,1.0,0.0,0.0,0.0,1.0,0.0,0.0,0.0,0.0,0.0,0.0,0.0,1.0,0.0,Invalid Claim,0
CLM-00192,315.14,36.0,1141.0,-45.0,1.0,0.883,1.0,0.0,0.0,1.0,1.0,1.0,1.0,1.0,1.0,1.0,0.0,0.0,0.0,0.0,1.0,1.0,0.0,0.0,0.0,0.0,0.0,0.0,Invalid Claim,0
CLM-00406,845.35,24.0,747.0,-16.0,1.0,0.381,0.0,0.0,0.0,1.0,1.0,1.0,1.0,0.0,1.0,0.0,0.0,0.0,1.0,0.0,0.0,0.0,0.0,0.0,0.0,1.0,0.0,0.0,Invalid Claim,0
CLM-00158,1116.99,12.0,45.0,320.0,3.0,0.531,0.0,1.0,0.0,1.0,1.0,0.0,1.0,0.0,1.0,0.0,0.0,0.0,1.0,0.0,0.0,0.0,1.0,0.0,0.0,0.0,0.0,0.0,Valid Claim,2
CLM-01433,1016.35,24.0,557.0,174.0,5.0,0.44,1.0,1.0,0.0,1.0,1.0,0.0,1.0,0.0,1.0,0.0,0.0,0.0,0.0,1.0,0.0,0.0,1.0,0.0,0.0,0.0,0.0,0.0,Valid Claim,2
CLM-00044,481.66,36.0,855.0,241.0,16.0,0.83,1.0,1.0,1.0,1.0,0.0,1.0,1.0,1.0,1.0,0.0,0.0,0.0,0.0,1.0,0.0,0.0,0.0,0.0,0.0,1.0,0.0,0.0,Invalid Claim,0
CLM-00792,301.99,36.0,194.0,902.0,7.0,0.433,1.0,1.0,0.0,1.0,1.0,1.0,0.0,0.0,1.0,0.0,0.0,0.0,0.0,0.0,1.0,0.0,0.0,0.0,0.0,1.0,0.0,0.0,Manual Review,1
CLM-00310,490.96,12.0,283.0,82.0,17.0,0.79,0.0,1.0,0.0,1.0,1.0,0.0,1.0,0.0,1.0,0.0,0.0,0.0,1.0,0.0,0.0,1.0,0.0,0.0,0.0,0.0,0.0,0.0,Valid Claim,2
CLM-00693,517.73,24.0,1010.0,-279.0,8.0,0.739,1.0,1.0,0.0,1.0,1.0,0.0,1.0,1.0,1.0,1.0,0.0,0.0,0.0,0.0,1.0,0.0,1.0,0.0,0.0,0.0,0.0,0.0,Invalid Claim,0
CLM-00977,708.21,24.0,725.0,6.0,16.0,0.677,0.0,1.0,0.0,1.0,1.0,0.0,1.0,0.0,1.0,0.0,0.0,0.0,0.0,1.0,0.0,1.0,0.0,0.0,0.0,0.0,0.0,0.0,Valid Claim,2
CLM-00379,617.72,36.0,879.0,217.0,891.0,0.306,0.0,0.0,0.0,1.0,1.0,1.0,1.0,0.0,1.0,0.0,0.0,1.0,0.0,1.0,0.0,0.0,1.0,0.0,0.0,0.0,0.0,0.0,Manual Review,1
CLM-00798,606.42,24.0,640.0,91.0,6.0,0.46,0.0,0.0,0.0,1.0,1.0,1.0,1.0,0.0,1.0,0.0,0.0,0.0,0.0,1.0,0.0,0.0,0.0,0.0,0.0,0.0,1.0,0.0,Manual Review,1
CLM-00032,602.93,12.0,201.0,164.0,0.0,0.75,0.0,0.0,0.0,1.0,1.0,1.0,1.0,0.0,1.0,0.0,0.0,0.0,1.0,0.0,0.0,0.0,0.0,0.0,0.0,1.0,0.0,0.0,Invalid Claim,0
CLM-01274,700.45,24.0,475.0,256.0,22.0,0.395,1.0,0.0,0.0,1.0,1.0,1.0,1.0,1.0,1.0,0.0,0.0,0.0,0.0,0.0,1.0,0.0,0.0,0.0,1.0,0.0,0.0,0.0,Valid Claim,2
CLM-01033,1831.12,48.0,510.0,951.0,0.0,0.62,2.0,0.0,1.0,1.0,1.0,1.0,1.0,0.0,1.0,1.0,0.0,0.0,0.0,1.0,0.0,0.0,1.0,0.0,0.0,0.0,0.0,0.0,Invalid Claim,0
CLM-00403,514.07,24.0,731.0,0.0,12.0,0.784,0.0,2.0,0.0,0.0,0.0,1.0,1.0,0.0,1.0,0.0,0.0,0.0,0.0,0.0,1.0,0.0,0.0,0.0,1.0,0.0,0.0,0.0,Manual Review,1
CLM-00691,1404.77,24.0,110.0,621.0,114.0,0.389,0.0,0.0,0.0,1.0,1.0,1.0,1.0,0.0,1.0,0.0,0.0,1.0,1.0,0.0,0.0,1.0,0.0,0.0,0.0,0.0,0.0,0.0,Manual Review,1
CLM-00568,448.82,36.0,1183.0,-87.0,3.0,0.898,0.0,0.0,1.0,1.0,1.0,1.0,1.0,0.0,1.0,0.0,0.0,0.0,0.0,1.0,0.0,1.0,0.0,0.0,0.0,0.0,0.0,0.0,Invalid Claim,0
CLM-00028,1371.5,24.0,343.0,388.0,0.0,0.3,1.0,0.0,0.0,1.0,1.0,1.0,1.0,0.0,1.0,0.0,0.0,0.0,1.0,0.0,0.0,0.0,0.0,0.0,0.0,0.0,1.0,0.0,Manual Review,1
CLM-00225,1689.34,24.0,498.0,233.0,12.0,0.265,0.0,0.0,1.0,1.0,1.0,1.0,1.0,0.0,1.0,0.0,0.0,0.0,1.0,0.0,0.0,0.0,1.0,0.0,0.0,0.0,0.0,0.0,Valid Claim,2
CLM-00831,1090.98,48.0,1532.0,-71.0,1550.0,0.695,1.0,0.0,1.0,1.0,1.0,1.0,1.0,0.0,1.0,0.0,0.0,1.0,0.0,1.0,0.0,0.0,0.0,0.0,0.0,1.0,0.0,0.0,Invalid Claim,0
CLM-01295,850.88,24.0,120.0,611.0,0.0,0.58,0.0,0.0,0.0,1.0,1.0,1.0,1.0,0.0,1.0,0.0,0.0,0.0,0.0,1.0,0.0,0.0,1.0,0.0,0.0,0.0,0.0,0.0,Valid Claim,2
CLM-00676,160.37,24.0,688.0,43.0,12.0,0.565,0.0,0.0,0.0,1.0,1.0,1.0,1.0,0.0,1.0,0.0,0.0,0.0,0.0,1.0,0.0,0.0,0.0,1.0,0.0,0.0,0.0,0.0,Valid Claim,2
CLM-01362,493.0,12.0,71.0,294.0,59.0,0.931,0.0,1.0,0.0,1.0,0.0,1.0,1.0,0.0,1.0,0.0,0.0,0.0,1.0,0.0,0.0,0.0,0.0,0.0,0.0,0.0,0.0,1.0,Invalid Claim,0
CLM-00805,595.59,12.0,109.0,256.0,2.0,0.418,0.0,1.0,0.0,1.0,0.0,1.0,1.0,0.0,1.0,0.0,0.0,0.0,1.0,0.0,0.0,0.0,0.0,0.0,1.0,0.0,0.0,0.0,Valid Claim,2
CLM-01055,534.83,24.0,431.0,300.0,3.0,0.398,0.0,0.0,0.0,1.0,1.0,1.0,1.0,0.0,1.0,0.0,0.0,0.0,0.0,1.0,0.0,0.0,1.0,0.0,0.0,0.0,0.0,0.0,Valid Claim,2
CLM-01175,1076.14,48.0,1441.0,20.0,0.0,0.877,1.0,1.0,1.0,1.0,1.0,1.0,0.0,1.0,1.0,1.0,0.0,0.0,0.0,0.0,1.0,0.0,0.0,1.0,0.0,0.0,0.0,0.0,Invalid Claim,0
CLM-00772,872.09,48.0,77.0,1384.0,4.0,0.457,0.0,1.0,1.0,1.0,0.0,1.0,1.0,0.0,1.0,0.0,0.0,0.0,0.0,0.0,1.0,0.0,1.0,0.0,0.0,0.0,0.0,0.0,Valid Claim,2
CLM-00682,776.17,36.0,637.0,459.0,4.0,0.605,1.0,1.0,0.0,1.0,0.0,1.0,1.0,0.0,0.0,0.0,0.0,0.0,0.0,1.0,0.0,1.0,0.0,0.0,0.0,0.0,0.0,0.0,Invalid Claim,0
CLM-01458,575.2,36.0,1439.0,-343.0,3.0,0.517,0.0,0.0,0.0,1.0,1.0,1.0,1.0,0.0,1.0,0.0,0.0,0.0,0.0,0.0,1.0,0.0,1.0,0.0,0.0,0.0,0.0,0.0,Invalid Claim,0
CLM-00014,748.54,24.0,510.0,221.0,6.0,0.328,0.0,1.0,0.0,0.0,1.0,1.0,1.0,0.0,1.0,0.0,1.0,0.0,0.0,0.0,1.0,0.0,0.0,0.0,0.0,0.0,0.0,1.0,Manual Review,1
CLM-00273,1104.11,24.0,99.0,632.0,3.0,0.643,1.0,0.0,0.0,1.0,1.0,1.0,1.0,0.0,1.0,0.0,0.0,0.0,0.0,0.0,1.0,0.0,0.0,0.0,1.0,0.0,0.0,0.0,Valid Claim,2
CLM-00001,732.82,36.0,270.0,826.0,5.0,0.794,1.0,1.0,1.0,0.0,1.0,1.0,1.0,1.0,1.0,0.0,0.0,0.0,1.0,0.0,0.0,1.0,0.0,0.0,0.0,0.0,0.0,0.0,Manual Review,1
CLM-00336,349.24,24.0,244.0,487.0,0.0,0.868,0.0,1.0,0.0,0.0,1.0,1.0,1.0,0.0,1.0,0.0,0.0,0.0,0.0,0.0,1.0,1.0,0.0,0.0,0.0,0.0,0.0,0.0,Manual Review,1
CLM-00369,569.39,24.0,406.0,325.0,13.0,0.606,0.0,0.0,1.0,1.0,1.0,1.0,1.0,0.0,1.0,0.0,0.0,0.0,1.0,0.0,0.0,0.0,1.0,0.0,0.0,0.0,0.0,0.0,Valid Claim,2
CLM-00069,667.45,24.0,729.0,2.0,6.0,0.356,0.0,0.0,0.0,1.0,1.0,1.0,1.0,0.0,1.0,0.0,0.0,0.0,1.0,0.0,0.0,0.0,0.0,0.0,0.0,0.0,1.0,0.0,Manual Review,1
CLM-01385,256.9,36.0,667.0,429.0,6.0,0.662,1.0,0.0,0.0,1.0,1.0,1.0,1.0,1.0,1.0,0.0,0.0,0.0,0.0,0.0,1.0,1.0,0.0,0.0,0.0,0.0,0.0,0.0,Valid Claim,2
CLM-00361,831.74,24.0,167.0,564.0,0.0,0.776,2.0,0.0,0.0,1.0,1.0,1.0,1.0,1.0,1.0,0.0,0.0,0.0,0.0,1.0,0.0,0.0,0.0,0.0,0.0,0.0,1.0,0.0,Invalid Claim,0
CLM-00679,566.54,24.0,728.0,3.0,10.0,0.496,0.0,1.0,0.0,1.0,0.0,1.0,1.0,0.0,1.0,0.0,0.0,0.0,0.0,1.0,0.0,0.0,0.0,0.0,1.0,0.0,0.0,0.0,Valid Claim,2
CLM-01090,293.99,12.0,119.0,246.0,0.0,0.42,0.0,0.0,0.0,1.0,1.0,1.0,1.0,0.0,1.0,0.0,1.0,0.0,1.0,0.0,0.0,1.0,0.0,0.0,0.0,0.0,0.0,0.0,Manual Review,1
CLM-00321,825.42,36.0,34.0,1062.0,19.0,0.594,1.0,0.0,1.0,1.0,1.0,1.0,1.0,1.0,1.0,0.0,0.0,0.0,1.0,0.0,0.0,0.0,0.0,0.0,0.0,0.0,1.0,0.0,Invalid Claim,0
CLM-00754,361.33,36.0,700.0,396.0,2.0,0.54,0.0,2.0,0.0,0.0,1.0,1.0,0.0,0.0,1.0,0.0,0.0,0.0,0.0,0.0,1.0,0.0,1.0,0.0,0.0,0.0,0.0,0.0,Manual Review,1
CLM-00385,351.73,36.0,1303.0,-207.0,3.0,0.333,1.0,0.0,0.0,1.0,1.0,1.0,1.0,0.0,1.0,0.0,0.0,0.0,0.0,0.0,1.0,0.0,1.0,0.0,0.0,0.0,0.0,0.0,Invalid Claim,0
CLM-01093,767.06,24.0,824.0,-93.0,15.0,0.542,1.0,0.0,0.0,1.0,1.0,1.0,1.0,0.0,1.0,0.0,0.0,0.0,1.0,0.0,0.0,0.0,0.0,0.0,0.0,0.0,0.0,1.0,Invalid Claim,0
CLM-00669,285.49,36.0,1123.0,-27.0,3.0,0.912,1.0,1.0,1.0,1.0,1.0,1.0,0.0,1.0,1.0,0.0,0.0,0.0,0.0,1.0,0.0,1.0,0.0,0.0,0.0,0.0,0.0,0.0,Invalid Claim,0
CLM-01081,524.48,24.0,175.0,556.0,24.0,0.423,0.0,0.0,0.0,1.0,1.0,1.0,1.0,0.0,1.0,0.0,0.0,0.0,0.0,0.0,1.0,0.0,1.0,0.0,0.0,0.0,0.0,0.0,Valid Claim,2
CLM-00633,1915.14,36.0,289.0,807.0,8.0,0.773,1.0,0.0,0.0,1.0,1.0,1.0,1.0,1.0,1.0,0.0,0.0,0.0,0.0,1.0,0.0,0.0,0.0,0.0,1.0,0.0,0.0,0.0,Valid Claim,2
CLM-01080,352.39,36.0,885.0,211.0,16.0,0.497,1.0,0.0,0.0,1.0,1.0,1.0,1.0,1.0,1.0,0.0,0.0,0.0,0.0,0.0,1.0,0.0,0.0,0.0,0.0,1.0,0.0,0.0,Manual Review,1
CLM-01475,170.48,36.0,1020.0,76.0,9.0,0.441,0.0,0.0,0.0,1.0,1.0,1.0,1.0,0.0,1.0,0.0,0.0,0.0,0.0,1.0,0.0,1.0,0.0,0.0,0.0,0.0,0.0,0.0,Valid Claim,2
CLM-00788,1280.81,36.0,476.0,620.0,3.0,0.726,0.0,1.0,0.0,0.0,1.0,1.0,1.0,0.0,1.0,0.0,0.0,0.0,0.0,0.0,1.0,0.0,1.0,0.0,0.0,0.0,0.0,0.0,Manual Review,1
CLM-00231,932.92,36.0,1045.0,51.0,4.0,0.513,0.0,2.0,0.0,0.0,0.0,1.0,1.0,0.0,0.0,0.0,0.0,0.0,0.0,0.0,1.0,0.0,0.0,0.0,0.0,0.0,0.0,1.0,Manual Review,1
CLM-01075,467.41,24.0,490.0,241.0,15.0,0.487,0.0,0.0,0.0,1.0,1.0,1.0,1.0,0.0,0.0,0.0,0.0,0.0,0.0,0.0,1.0,0.0,0.0,0.0,1.0,0.0,0.0,0.0,Invalid Claim,0
CLM-00445,895.86,36.0,1051.0,45.0,0.0,0.297,1.0,0.0,1.0,1.0,1.0,1.0,1.0,1.0,1.0,0.0,0.0,0.0,0.0,0.0,1.0,0.0,0.0,0.0,1.0,0.0,0.0,0.0,Valid Claim,2
CLM-00236,377.91,24.0,732.0,-1.0,0.0,0.493,0.0,0.0,0.0,1.0,1.0,1.0,1.0,0.0,1.0,0.0,0.0,0.0,1.0,0.0,0.0,0.0,0.0,1.0,0.0,0.0,0.0,0.0,Manual Review,1
CLM-01325,220.94,24.0,750.0,-19.0,5.0,0.709,0.0,1.0,0.0,1.0,0.0,1.0,1.0,0.0,1.0,0.0,0.0,0.0,0.0,0.0,1.0,1.0,0.0,0.0,0.0,0.0,0.0,0.0,Invalid Claim,0
CLM-00526,509.54,24.0,574.0,157.0,36.0,0.449,1.0,1.0,1.0,1.0,0.0,1.0,1.0,0.0,1.0,0.0,0.0,0.0,1.0,0.0,0.0,0.0,1.0,0.0,0.0,0.0,0.0,0.0,Invalid Claim,0
CLM-00463,998.33,48.0,1702.0,-241.0,58.0,0.759,0.0,0.0,1.0,1.0,1.0,1.0,1.0,0.0,1.0,0.0,0.0,0.0,0.0,1.0,0.0,0.0,0.0,1.0,0.0,0.0,0.0,0.0,Valid Claim,2
CLM-00666,630.77,36.0,174.0,922.0,22.0,0.701,1.0,1.0,0.0,0.0,1.0,1.0,1.0,1.0,1.0,1.0,0.0,0.0,0.0,1.0,0.0,1.0,0.0,0.0,0.0,0.0,0.0,0.0,Invalid Claim,0
CLM-00665,640.82,36.0,881.0,215.0,5.0,0.36,2.0,0.0,0.0,1.0,1.0,1.0,1.0,1.0,0.0,0.0,0.0,0.0,0.0,1.0,0.0,0.0,0.0,1.0,0.0,0.0,0.0,0.0,Invalid Claim,0
CLM-01184,676.2,36.0,1278.0,-182.0,11.0,0.399,0.0,0.0,0.0,1.0,1.0,1.0,1.0,0.0,1.0,0.0,1.0,0.0,0.0,1.0,0.0,0.0,0.0,0.0,0.0,0.0,1.0,0.0,Invalid Claim,0
CLM-00237,303.98,12.0,202.0,163.0,20.0,0.365,1.0,0.0,0.0,1.0,1.0,1.0,1.0,1.0,1.0,0.0,0.0,0.0,1.0,0.0,0.0,0.0,0.0,0.0,0.0,0.0,1.0,0.0,Manual Review,1
CLM-01059,582.65,36.0,1363.0,-267.0,0.0,0.77,0.0,1.0,0.0,0.0,1.0,1.0,1.0,0.0,1.0,0.0,0.0,0.0,0.0,1.0,0.0,1.0,0.0,0.0,0.0,0.0,0.0,0.0,Invalid Claim,0
CLM-00933,545.81,12.0,351.0,14.0,3.0,0.835,0.0,0.0,0.0,1.0,1.0,1.0,1.0,0.0,1.0,0.0,0.0,0.0,1.0,0.0,0.0,1.0,0.0,0.0,0.0,0.0,0.0,0.0,Valid Claim,2
CLM-00980,606.73,36.0,984.0,112.0,0.0,0.718,1.0,1.0,0.0,1.0,1.0,1.0,0.0,0.0,1.0,0.0,0.0,0.0,0.0,1.0,0.0,1.0,0.0,0.0,0.0,0.0,0.0,0.0,Valid Claim,2
CLM-00985,767.01,24.0,62.0,669.0,1.0,0.842,0.0,2.0,0.0,1.0,1.0,0.0,0.0,0.0,1.0,0.0,0.0,0.0,1.0,0.0,0.0,1.0,0.0,0.0,0.0,0.0,0.0,0.0,Manual Review,1
CLM-00184,651.99,36.0,593.0,503.0,8.0,0.959,0.0,0.0,0.0,1.0,1.0,1.0,1.0,0.0,1.0,0.0,0.0,0.0,0.0,1.0,0.0,1.0,0.0,0.0,0.0,0.0,0.0,0.0,Valid Claim,2
CLM-01354,677.65,12.0,67.0,298.0,92.0,0.625,1.0,0.0,0.0,1.0,1.0,1.0,1.0,0.0,1.0,0.0,0.0,1.0,1.0,0.0,0.0,0.0,0.0,1.0,0.0,0.0,0.0,0.0,Invalid Claim,0
CLM-01449,1194.65,36.0,562.0,534.0,0.0,0.626,0.0,0.0,0.0,1.0,1.0,1.0,1.0,0.0,1.0,0.0,0.0,0.0,0.0,0.0,1.0,0.0,1.0,0.0,0.0,0.0,0.0,0.0,Valid Claim,2
CLM-00865,197.41,24.0,751.0,-20.0,6.0,0.401,0.0,1.0,0.0,1.0,1.0,1.0,0.0,0.0,1.0,0.0,1.0,0.0,0.0,1.0,0.0,1.0,0.0,0.0,0.0,0.0,0.0,0.0,Invalid Claim,0
CLM-00556,733.05,48.0,391.0,1070.0,1.0,0.436,1.0,0.0,1.0,1.0,1.0,1.0,1.0,1.0,1.0,0.0,0.0,0.0,0.0,1.0,0.0,0.0,0.0,1.0,0.0,0.0,0.0,0.0,Valid Claim,2
CLM-01314,531.63,24.0,523.0,208.0,532.0,0.661,0.0,1.0,0.0,1.0,1.0,0.0,1.0,0.0,1.0,0.0,0.0,1.0,1.0,0.0,0.0,0.0,0.0,0.0,0.0,0.0,0.0,1.0,Manual Review,1
CLM-00114,758.63,48.0,1217.0,244.0,15.0,0.816,0.0,0.0,1.0,1.0,1.0,1.0,1.0,0.0,1.0,0.0,0.0,0.0,0.0,1.0,0.0,0.0,1.0,0.0,0.0,0.0,0.0,0.0,Valid Claim,2
CLM-00441,1514.11,24.0,74.0,657.0,1.0,0.435,0.0,1.0,0.0,0.0,1.0,1.0,1.0,0.0,1.0,0.0,0.0,0.0,0.0,0.0,1.0,0.0,0.0,0.0,1.0,0.0,0.0,0.0,Manual Review,1
CLM-01135,941.59,48.0,893.0,568.0,2.0,0.484,0.0,1.0,1.0,0.0,1.0,1.0,1.0,0.0,1.0,0.0,0.0,0.0,0.0,0.0,1.0,0.0,1.0,0.0,0.0,0.0,0.0,0.0,Manual Review,1
CLM-01250,667.16,12.0,359.0,6.0,24.0,0.904,0.0,0.0,0.0,1.0,1.0,1.0,1.0,0.0,1.0,0.0,0.0,0.0,1.0,0.0,0.0,1.0,0.0,0.0,0.0,0.0,0.0,0.0,Valid Claim,2
CLM-00852,1285.9,24.0,627.0,104.0,1.0,0.502,1.0,0.0,0.0,1.0,1.0,1.0,1.0,1.0,1.0,1.0,0.0,0.0,1.0,0.0,0.0,0.0,0.0,0.0,0.0,0.0,1.0,0.0,Invalid Claim,0
CLM-00593,266.59,36.0,20.0,1076.0,8.0,0.301,1.0,0.0,1.0,1.0,1.0,1.0,1.0,0.0,1.0,0.0,0.0,0.0,1.0,0.0,0.0,1.0,0.0,0.0,0.0,0.0,0.0,0.0,Valid Claim,2
CLM-00147,1137.8,36.0,1202.0,-106.0,2.0,0.717,1.0,0.0,0.0,1.0,1.0,1.0,1.0,0.0,1.0,0.0,0.0,0.0,0.0,1.0,0.0,0.0,1.0,0.0,0.0,0.0,0.0,0.0,Invalid Claim,0
CLM-00638,1082.2,12.0,678.0,-313.0,7.0,0.612,1.0,1.0,0.0,1.0,1.0,1.0,0.0,1.0,1.0,1.0,0.0,0.0,1.0,0.0,0.0,0.0,0.0,0.0,0.0,1.0,0.0,0.0,Invalid Claim,0
CLM-00731,542.06,24.0,454.0,277.0,0.0,0.29,0.0,1.0,0.0,1.0,0.0,1.0,1.0,0.0,1.0,0.0,0.0,0.0,0.0,1.0,0.0,0.0,1.0,0.0,0.0,0.0,0.0,0.0,Valid Claim,2
CLM-00047,1760.31,24.0,647.0,84.0,4.0,0.517,1.0,1.0,0.0,1.0,1.0,0.0,1.0,1.0,1.0,0.0,0.0,0.0,0.0,0.0,1.0,0.0,1.0,0.0,0.0,0.0,0.0,0.0,Valid Claim,2
CLM-00828,823.99,36.0,1109.0,-13.0,7.0,0.516,1.0,1.0,0.0,1.0,0.0,1.0,1.0,0.0,1.0,0.0,0.0,0.0,0.0,0.0,1.0,0.0,0.0,1.0,0.0,0.0,0.0,0.0,Manual Review,1
CLM-00362,496.34,12.0,36.0,329.0,0.0,0.694,0.0,1.0,0.0,1.0,0.0,1.0,1.0,0.0,1.0,0.0,0.0,0.0,1.0,0.0,0.0,0.0,0.0,0.0,0.0,1.0,0.0,0.0,Invalid Claim,0
CLM-01200,614.91,12.0,209.0,156.0,5.0,0.414,0.0,1.0,0.0,1.0,1.0,1.0,0.0,0.0,1.0,0.0,0.0,0.0,1.0,0.0,0.0,0.0,0.0,0.0,0.0,0.0,1.0,0.0,Manual Review,1
CLM-01450,696.42,24.0,273.0,458.0,0.0,0.428,2.0,2.0,1.0,0.0,1.0,0.0,1.0,1.0,1.0,0.0,0.0,0.0,1.0,0.0,0.0,0.0,0.0,1.0,0.0,0.0,0.0,0.0,Manual Review,1
CLM-00160,132.66,12.0,45.0,320.0,2.0,0.547,0.0,1.0,0.0,1.0,0.0,1.0,1.0,0.0,1.0,0.0,0.0,0.0,1.0,0.0,0.0,0.0,0.0,0.0,0.0,0.0,0.0,1.0,Valid Claim,2
CLM-00684,405.85,12.0,331.0,34.0,23.0,0.531,0.0,2.0,0.0,1.0,0.0,1.0,0.0,0.0,1.0,0.0,0.0,0.0,1.0,0.0,0.0,0.0,0.0,0.0,0.0,1.0,0.0,0.0,Manual Review,1
CLM-00975,538.78,12.0,208.0,157.0,7.0,0.492,0.0,0.0,0.0,1.0,1.0,1.0,1.0,0.0,1.0,0.0,0.0,0.0,1.0,0.0,0.0,0.0,0.0,0.0,0.0,1.0,0.0,0.0,Manual Review,1
CLM-00034,301.4,48.0,183.0,1278.0,0.0,0.334,0.0,0.0,1.0,1.0,1.0,1.0,1.0,0.0,1.0,0.0,0.0,0.0,0.0,0.0,1.0,0.0,0.0,0.0,0.0,1.0,0.0,0.0,Manual Review,1
CLM-01257,757.93,36.0,693.0,403.0,8.0,0.722,0.0,0.0,0.0,1.0,1.0,1.0,1.0,0.0,1.0,0.0,0.0,0.0,0.0,0.0,1.0,0.0,1.0,0.0,0.0,0.0,0.0,0.0,Valid Claim,2
CLM-00533,1224.67,36.0,406.0,690.0,6.0,0.851,1.0,2.0,1.0,0.0,1.0,0.0,1.0,1.0,1.0,0.0,0.0,0.0,0.0,1.0,0.0,1.0,0.0,0.0,0.0,0.0,0.0,0.0,Manual Review,1
CLM-00181,653.48,24.0,347.0,384.0,5.0,0.419,1.0,0.0,0.0,1.0,1.0,1.0,1.0,0.0,1.0,0.0,0.0,0.0,0.0,0.0,1.0,0.0,0.0,0.0,1.0,0.0,0.0,0.0,Valid Claim,2
CLM-00090,380.57,24.0,744.0,-13.0,12.0,0.695,0.0,1.0,0.0,0.0,1.0,1.0,1.0,0.0,1.0,0.0,0.0,0.0,1.0,0.0,0.0,0.0,0.0,0.0,0.0,1.0,0.0,0.0,Invalid Claim,0
CLM-00112,1212.84,24.0,733.0,-2.0,0.0,0.516,0.0,0.0,0.0,1.0,1.0,1.0,1.0,0.0,1.0,0.0,0.0,0.0,0.0,0.0,1.0,0.0,0.0,1.0,0.0,0.0,0.0,0.0,Manual Review,1
CLM-01306,1565.65,24.0,921.0,-190.0,7.0,0.898,1.0,0.0,0.0,1.0,1.0,1.0,1.0,0.0,1.0,1.0,0.0,0.0,0.0,0.0,1.0,0.0,1.0,0.0,0.0,0.0,0.0,0.0,Invalid Claim,0
CLM-01338,676.13,24.0,556.0,175.0,2.0,0.463,0.0,1.0,0.0,0.0,1.0,1.0,1.0,0.0,1.0,0.0,0.0,0.0,1.0,0.0,0.0,0.0,0.0,1.0,0.0,0.0,0.0,0.0,Manual Review,1
CLM-00062,454.64,48.0,658.0,803.0,4.0,0.853,0.0,1.0,1.0,1.0,1.0,0.0,1.0,0.0,1.0,0.0,0.0,0.0,0.0,1.0,0.0,0.0,0.0,0.0,0.0,0.0,1.0,0.0,Invalid Claim,0
CLM-01068,984.46,24.0,31.0,700.0,0.0,0.574,0.0,1.0,1.0,1.0,1.0,1.0,0.0,0.0,1.0,0.0,0.0,0.0,1.0,0.0,0.0,1.0,0.0,0.0,0.0,0.0,0.0,0.0,Valid Claim,2
CLM-00944,449.45,36.0,282.0,814.0,14.0,0.898,1.0,1.0,0.0,1.0,1.0,0.0,1.0,1.0,1.0,0.0,0.0,0.0,0.0,1.0,0.0,1.0,0.0,0.0,0.0,0.0,0.0,0.0,Valid Claim,2
CLM-00099,384.04,24.0,170.0,561.0,10.0,0.396,0.0,0.0,0.0,1.0,1.0,1.0,1.0,0.0,1.0,0.0,0.0,0.0,1.0,0.0,0.0,0.0,0.0,1.0,0.0,0.0,0.0,0.0,Manual Review,1
CLM-00190,166.27,48.0,1464.0,-3.0,7.0,0.782,0.0,0.0,1.0,1.0,1.0,1.0,1.0,0.0,1.0,0.0,0.0,0.0,0.0,0.0,1.0,0.0,0.0,0.0,1.0,0.0,0.0,0.0,Manual Review,1
CLM-01029,455.71,12.0,254.0,111.0,0.0,0.456,0.0,2.0,0.0,0.0,0.0,1.0,1.0,0.0,1.0,0.0,0.0,0.0,1.0,0.0,0.0,0.0,0.0,1.0,0.0,0.0,0.0,0.0,Invalid Claim,0
CLM-00334,686.79,36.0,1268.0,-172.0,22.0,0.363,0.0,0.0,0.0,1.0,1.0,1.0,1.0,0.0,1.0,0.0,0.0,0.0,0.0,1.0,0.0,0.0,0.0,0.0,0.0,0.0,0.0,1.0,Invalid Claim,0
CLM-00348,925.85,36.0,1017.0,79.0,13.0,0.585,0.0,0.0,0.0,1.0,1.0,1.0,1.0,0.0,0.0,0.0,0.0,0.0,0.0,0.0,1.0,1.0,0.0,0.0,0.0,0.0,0.0,0.0,Invalid Claim,0
CLM-00452,358.78,36.0,1112.0,-16.0,8.0,0.733,0.0,0.0,1.0,1.0,1.0,1.0,1.0,0.0,1.0,0.0,0.0,0.0,1.0,0.0,0.0,1.0,0.0,0.0,0.0,0.0,0.0,0.0,Invalid Claim,0
CLM-00365,848.12,36.0,250.0,846.0,3.0,0.298,0.0,0.0,1.0,1.0,1.0,1.0,1.0,0.0,1.0,0.0,0.0,0.0,1.0,0.0,0.0,0.0,0.0,0.0,0.0,0.0,0.0,1.0,Manual Review,1
CLM-00038,829.77,36.0,636.0,460.0,1.0,0.96,1.0,0.0,0.0,1.0,1.0,1.0,1.0,1.0,1.0,0.0,0.0,0.0,0.0,0.0,1.0,1.0,0.0,0.0,0.0,0.0,0.0,0.0,Valid Claim,2
CLM-00214,881.26,24.0,415.0,316.0,6.0,0.456,2.0,0.0,0.0,1.0,1.0,1.0,1.0,1.0,1.0,0.0,0.0,0.0,0.0,1.0,0.0,1.0,0.0,0.0,0.0,0.0,0.0,0.0,Manual Review,1
CLM-00890,516.46,12.0,245.0,120.0,1.0,0.802,0.0,0.0,0.0,1.0,1.0,1.0,1.0,0.0,1.0,0.0,0.0,0.0,1.0,0.0,0.0,1.0,0.0,0.0,0.0,0.0,0.0,0.0,Valid Claim,2
CLM-00796,550.3,24.0,339.0,392.0,0.0,0.344,1.0,0.0,0.0,1.0,1.0,1.0,1.0,1.0,1.0,0.0,0.0,0.0,0.0,1.0,0.0,0.0,0.0,0.0,0.0,0.0,1.0,0.0,Manual Review,1
CLM-00531,1204.24,24.0,736.0,-5.0,2.0,0.599,1.0,1.0,0.0,1.0,1.0,1.0,0.0,1.0,1.0,0.0,0.0,0.0,1.0,0.0,0.0,1.0,0.0,0.0,0.0,0.0,0.0,0.0,Manual Review,1
CLM-00338,605.54,24.0,509.0,222.0,13.0,0.559,0.0,1.0,0.0,1.0,0.0,1.0,1.0,0.0,1.0,0.0,0.0,0.0,0.0,1.0,0.0,1.0,0.0,0.0,0.0,0.0,0.0,0.0,Valid Claim,2
CLM-00528,1002.18,24.0,493.0,238.0,34.0,0.173,2.0,0.0,1.0,1.0,1.0,1.0,1.0,1.0,1.0,0.0,0.0,0.0,1.0,0.0,0.0,0.0,0.0,0.0,0.0,0.0,0.0,1.0,Invalid Claim,0
CLM-00948,247.45,24.0,504.0,227.0,2.0,0.784,0.0,1.0,0.0,1.0,1.0,1.0,0.0,0.0,1.0,0.0,1.0,0.0,0.0,1.0,0.0,1.0,0.0,0.0,0.0,0.0,0.0,0.0,Manual Review,1
CLM-00795,181.76,12.0,144.0,221.0,4.0,0.541,0.0,0.0,0.0,1.0,1.0,1.0,1.0,0.0,1.0,0.0,0.0,0.0,1.0,0.0,0.0,0.0,1.0,0.0,0.0,0.0,0.0,0.0,Valid Claim,2
CLM-00384,873.16,12.0,196.0,169.0,0.0,0.652,0.0,1.0,0.0,1.0,0.0,1.0,1.0,0.0,0.0,0.0,1.0,0.0,1.0,0.0,0.0,0.0,0.0,1.0,0.0,0.0,0.0,0.0,Invalid Claim,0
CLM-01245,892.66,36.0,469.0,627.0,10.0,0.267,0.0,2.0,1.0,0.0,0.0,1.0,1.0,0.0,1.0,0.0,0.0,0.0,1.0,0.0,0.0,0.0,0.0,0.0,0.0,0.0,1.0,0.0,Manual Review,1
CLM-00899,845.81,24.0,382.0,349.0,10.0,0.511,0.0,0.0,0.0,1.0,1.0,1.0,1.0,0.0,1.0,0.0,0.0,0.0,0.0,0.0,1.0,0.0,0.0,0.0,1.0,0.0,0.0,0.0,Valid Claim,2
CLM-00832,1855.91,48.0,1358.0,103.0,21.0,0.473,1.0,0.0,1.0,1.0,1.0,1.0,1.0,0.0,1.0,0.0,0.0,0.0,0.0,0.0,1.0,1.0,0.0,0.0,0.0,0.0,0.0,0.0,Valid Claim,2
CLM-00639,857.65,36.0,128.0,968.0,18.0,0.657,1.0,0.0,1.0,1.0,1.0,1.0,1.0,1.0,1.0,0.0,0.0,0.0,1.0,0.0,0.0,0.0,1.0,0.0,0.0,0.0,0.0,0.0,Valid Claim,2
CLM-01228,472.75,36.0,128.0,968.0,28.0,0.536,0.0,1.0,1.0,0.0,1.0,1.0,1.0,0.0,1.0,0.0,0.0,0.0,0.0,0.0,1.0,0.0,0.0,0.0,1.0,0.0,0.0,0.0,Manual Review,1
CLM-01073,929.65,12.0,619.0,-254.0,5.0,0.34,0.0,1.0,0.0,0.0,1.0,1.0,1.0,0.0,1.0,0.0,0.0,0.0,1.0,0.0,0.0,0.0,0.0,1.0,0.0,0.0,0.0,0.0,Invalid Claim,0
CLM-01201,630.78,24.0,304.0,427.0,9.0,0.429,1.0,0.0,0.0,1.0,1.0,1.0,1.0,1.0,1.0,0.0,0.0,0.0,1.0,0.0,0.0,0.0,0.0,0.0,0.0,1.0,0.0,0.0,Invalid Claim,0
CLM-01434,796.13,36.0,723.0,373.0,2.0,0.56,0.0,0.0,0.0,1.0,1.0,1.0,1.0,0.0,1.0,0.0,0.0,0.0,0.0,1.0,0.0,0.0,0.0,0.0,1.0,0.0,0.0,0.0,Valid Claim,2
CLM-00780,367.66,48.0,1091.0,370.0,0.0,0.437,0.0,0.0,1.0,1.0,1.0,1.0,1.0,0.0,1.0,0.0,0.0,0.0,0.0,0.0,1.0,0.0,0.0,0.0,1.0,0.0,0.0,0.0,Valid Claim,2
CLM-00685,865.22,48.0,1536.0,-75.0,6.0,0.838,1.0,2.0,1.0,0.0,0.0,1.0,1.0,1.0,1.0,0.0,0.0,0.0,0.0,1.0,0.0,1.0,0.0,0.0,0.0,0.0,0.0,0.0,Invalid Claim,0
CLM-01097,477.75,36.0,1143.0,-47.0,17.0,0.741,0.0,0.0,0.0,1.0,1.0,1.0,1.0,0.0,1.0,0.0,0.0,0.0,0.0,1.0,0.0,0.0,0.0,1.0,0.0,0.0,0.0,0.0,Invalid Claim,0
CLM-00819,506.84,36.0,215.0,881.0,5.0,0.418,0.0,1.0,0.0,0.0,1.0,1.0,1.0,0.0,1.0,0.0,0.0,0.0,0.0,1.0,0.0,0.0,0.0,0.0,0.0,0.0,1.0,0.0,Manual Review,1
CLM-00011,248.73,36.0,1081.0,15.0,23.0,0.438,1.0,0.0,0.0,1.0,1.0,1.0,1.0,1.0,1.0,1.0,0.0,0.0,0.0,0.0,1.0,0.0,1.0,0.0,0.0,0.0,0.0,0.0,Invalid Claim,0
CLM-00626,406.8,36.0,579.0,517.0,37.0,0.633,0.0,0.0,1.0,1.0,1.0,1.0,1.0,0.0,1.0,0.0,0.0,0.0,1.0,0.0,0.0,0.0,0.0,0.0,0.0,0.0,0.0,1.0,Invalid Claim,0
CLM-00673,454.52,36.0,1420.0,-324.0,7.0,0.297,0.0,0.0,1.0,1.0,1.0,1.0,1.0,0.0,1.0,0.0,0.0,0.0,0.0,1.0,0.0,0.0,0.0,0.0,1.0,0.0,0.0,0.0,Invalid Claim,0
CLM-01350,740.58,36.0,1103.0,-7.0,6.0,0.629,0.0,1.0,0.0,0.0,1.0,1.0,1.0,0.0,1.0,0.0,0.0,0.0,0.0,1.0,0.0,1.0,0.0,0.0,0.0,0.0,0.0,0.0,Manual Review,1
CLM-00217,352.68,24.0,158.0,573.0,7.0,0.376,0.0,0.0,0.0,1.0,1.0,1.0,1.0,0.0,1.0,0.0,0.0,0.0,0.0,0.0,1.0,0.0,0.0,0.0,0.0,0.0,0.0,1.0,Manual Review,1
CLM-01459,493.3,36.0,1279.0,-183.0,1.0,0.388,0.0,0.0,0.0,1.0,1.0,1.0,1.0,0.0,1.0,0.0,0.0,0.0,0.0,0.0,1.0,0.0,1.0,0.0,0.0,0.0,0.0,0.0,Manual Review,1
CLM-00782,427.4,24.0,178.0,553.0,9.0,0.732,1.0,1.0,0.0,0.0,1.0,1.0,1.0,1.0,0.0,1.0,0.0,0.0,1.0,0.0,0.0,1.0,0.0,0.0,0.0,0.0,0.0,0.0,Invalid Claim,0
CLM-01339,730.13,24.0,121.0,610.0,11.0,0.898,0.0,0.0,0.0,1.0,1.0,1.0,1.0,0.0,0.0,0.0,0.0,0.0,0.0,1.0,0.0,1.0,0.0,0.0,0.0,0.0,0.0,0.0,Invalid Claim,0
CLM-00741,1685.35,24.0,210.0,521.0,10.0,0.393,1.0,0.0,0.0,1.0,1.0,1.0,1.0,1.0,1.0,0.0,0.0,0.0,0.0,0.0,1.0,0.0,1.0,0.0,0.0,0.0,0.0,0.0,Valid Claim,2
CLM-00509,227.78,36.0,1090.0,6.0,7.0,0.449,1.0,1.0,1.0,1.0,0.0,1.0,1.0,1.0,1.0,0.0,0.0,0.0,1.0,0.0,0.0,0.0,1.0,0.0,0.0,0.0,0.0,0.0,Valid Claim,2
CLM-00239,425.8,24.0,696.0,35.0,704.0,0.788,0.0,1.0,0.0,1.0,1.0,1.0,0.0,0.0,1.0,0.0,0.0,1.0,0.0,1.0,0.0,1.0,0.0,0.0,0.0,0.0,0.0,0.0,Manual Review,1
CLM-01304,327.52,36.0,544.0,552.0,13.0,0.656,0.0,0.0,0.0,1.0,1.0,1.0,1.0,0.0,1.0,0.0,0.0,0.0,0.0,0.0,1.0,1.0,0.0,0.0,0.0,0.0,0.0,0.0,Valid Claim,2
CLM-00671,656.95,24.0,563.0,168.0,5.0,0.626,1.0,1.0,0.0,1.0,1.0,1.0,0.0,1.0,1.0,0.0,0.0,0.0,1.0,0.0,0.0,1.0,0.0,0.0,0.0,0.0,0.0,0.0,Valid Claim,2
CLM-00058,702.57,36.0,593.0,503.0,7.0,0.812,1.0,1.0,0.0,1.0,1.0,1.0,0.0,1.0,1.0,0.0,0.0,0.0,0.0,1.0,0.0,1.0,0.0,0.0,0.0,0.0,0.0,0.0,Valid Claim,2
CLM-00758,422.65,24.0,229.0,502.0,0.0,0.464,1.0,0.0,0.0,1.0,1.0,1.0,1.0,1.0,1.0,0.0,0.0,0.0,1.0,0.0,0.0,0.0,0.0,0.0,0.0,1.0,0.0,0.0,Manual Review,1
CLM-01084,728.31,36.0,892.0,204.0,5.0,0.649,0.0,0.0,1.0,1.0,1.0,1.0,1.0,0.0,1.0,0.0,0.0,0.0,0.0,0.0,1.0,0.0,1.0,0.0,0.0,0.0,0.0,0.0,Valid Claim,2
CLM-00130,747.74,24.0,31.0,700.0,9.0,0.819,0.0,1.0,0.0,1.0,0.0,1.0,1.0,0.0,1.0,0.0,0.0,0.0,1.0,0.0,0.0,1.0,0.0,0.0,0.0,0.0,0.0,0.0,Valid Claim,2
CLM-00567,211.9,24.0,207.0,524.0,13.0,0.771,1.0,0.0,0.0,1.0,1.0,1.0,1.0,1.0,1.0,1.0,0.0,0.0,1.0,0.0,0.0,1.0,0.0,0.0,0.0,0.0,0.0,0.0,Invalid Claim,0
CLM-00601,316.3,36.0,1114.0,-18.0,9.0,0.602,0.0,0.0,0.0,1.0,1.0,1.0,1.0,0.0,1.0,0.0,0.0,0.0,0.0,0.0,1.0,1.0,0.0,0.0,0.0,0.0,0.0,0.0,Invalid Claim,0
CLM-00297,267.13,24.0,748.0,-17.0,4.0,0.455,1.0,2.0,0.0,1.0,0.0,1.0,0.0,1.0,1.0,0.0,0.0,0.0,0.0,1.0,0.0,0.0,1.0,0.0,0.0,0.0,0.0,0.0,Invalid Claim,0
CLM-01239,1071.75,36.0,1095.0,1.0,5.0,0.471,1.0,0.0,0.0,1.0,1.0,1.0,1.0,1.0,1.0,1.0,0.0,0.0,0.0,0.0,1.0,0.0,0.0,0.0,1.0,0.0,0.0,0.0,Invalid Claim,0
CLM-00290,651.42,24.0,601.0,130.0,31.0,0.449,2.0,1.0,0.0,1.0,1.0,0.0,1.0,0.0,1.0,0.0,0.0,0.0,0.0,1.0,0.0,0.0,0.0,0.0,0.0,0.0,0.0,1.0,Manual Review,1
CLM-00446,433.7,24.0,157.0,574.0,0.0,0.266,1.0,0.0,1.0,1.0,1.0,1.0,1.0,0.0,1.0,0.0,1.0,0.0,1.0,0.0,0.0,0.0,0.0,0.0,0.0,0.0,0.0,1.0,Manual Review,1
CLM-00783,1548.37,36.0,617.0,479.0,0.0,0.421,0.0,1.0,0.0,1.0,1.0,1.0,0.0,0.0,1.0,0.0,0.0,0.0,0.0,0.0,1.0,0.0,1.0,0.0,0.0,0.0,0.0,0.0,Valid Claim,2
CLM-01173,1654.18,24.0,942.0,-211.0,15.0,0.746,0.0,1.0,0.0,1.0,0.0,1.0,1.0,0.0,1.0,0.0,0.0,0.0,1.0,0.0,0.0,1.0,0.0,0.0,0.0,0.0,0.0,0.0,Invalid Claim,0
CLM-00558,606.4,24.0,720.0,11.0,1.0,0.302,0.0,1.0,0.0,0.0,1.0,1.0,1.0,0.0,1.0,0.0,0.0,0.0,1.0,0.0,0.0,0.0,0.0,0.0,0.0,0.0,1.0,0.0,Manual Review,1
CLM-00575,582.37,36.0,801.0,295.0,2.0,0.837,1.0,1.0,1.0,1.0,1.0,1.0,0.0,0.0,1.0,0.0,0.0,0.0,0.0,0.0,1.0,0.0,1.0,0.0,0.0,0.0,0.0,0.0,Valid Claim,2
CLM-00388,353.56,12.0,345.0,20.0,1.0,0.494,0.0,1.0,0.0,0.0,1.0,1.0,1.0,0.0,1.0,0.0,0.0,0.0,1.0,0.0,0.0,0.0,0.0,0.0,0.0,1.0,0.0,0.0,Manual Review,1
CLM-00747,2463.48,24.0,500.0,231.0,5.0,0.623,0.0,0.0,0.0,1.0,1.0,1.0,1.0,0.0,1.0,0.0,0.0,0.0,0.0,0.0,1.0,0.0,0.0,1.0,0.0,0.0,0.0,0.0,Valid Claim,2
CLM-01169,291.3,36.0,243.0,853.0,0.0,0.526,0.0,0.0,1.0,1.0,1.0,1.0,1.0,0.0,1.0,0.0,0.0,0.0,0.0,0.0,1.0,0.0,1.0,0.0,0.0,0.0,0.0,0.0,Valid Claim,2
CLM-00812,243.56,36.0,1098.0,-2.0,7.0,0.187,0.0,0.0,1.0,1.0,1.0,1.0,1.0,0.0,1.0,0.0,0.0,0.0,0.0,0.0,1.0,0.0,0.0,0.0,1.0,0.0,0.0,0.0,Manual Review,1
CLM-00188,599.3,48.0,17.0,1444.0,1.0,0.65,0.0,0.0,1.0,1.0,1.0,1.0,1.0,0.0,1.0,0.0,0.0,0.0,0.0,0.0,1.0,0.0,0.0,0.0,1.0,0.0,0.0,0.0,Valid Claim,2
CLM-00440,373.85,24.0,243.0,488.0,13.0,0.578,0.0,0.0,0.0,1.0,1.0,1.0,1.0,0.0,1.0,0.0,0.0,0.0,0.0,0.0,1.0,0.0,0.0,0.0,0.0,1.0,0.0,0.0,Invalid Claim,0
CLM-00027,345.83,36.0,392.0,704.0,19.0,0.103,1.0,0.0,0.0,1.0,1.0,1.0,1.0,0.0,1.0,0.0,0.0,0.0,0.0,0.0,1.0,0.0,0.0,0.0,0.0,1.0,0.0,0.0,Manual Review,1
CLM-01034,525.31,24.0,731.0,0.0,6.0,0.673,1.0,0.0,0.0,1.0,1.0,1.0,1.0,1.0,1.0,1.0,0.0,0.0,1.0,0.0,0.0,1.0,0.0,0.0,0.0,0.0,0.0,0.0,Valid Claim,2
CLM-00740,782.87,24.0,362.0,369.0,14.0,0.633,0.0,0.0,0.0,1.0,1.0,1.0,1.0,0.0,1.0,0.0,0.0,0.0,0.0,0.0,1.0,0.0,1.0,0.0,0.0,0.0,0.0,0.0,Valid Claim,2
CLM-00332,2287.04,24.0,182.0,549.0,34.0,0.51,0.0,0.0,0.0,1.0,1.0,1.0,1.0,0.0,1.0,0.0,0.0,0.0,1.0,0.0,0.0,0.0,0.0,0.0,0.0,0.0,1.0,0.0,Invalid Claim,0
CLM-00898,497.04,36.0,1106.0,-10.0,8.0,0.248,0.0,2.0,0.0,1.0,0.0,0.0,1.0,0.0,1.0,0.0,0.0,0.0,0.0,0.0,1.0,0.0,0.0,0.0,1.0,0.0,0.0,0.0,Manual Review,1
CLM-01234,147.6,36.0,87.0,1009.0,0.0,0.372,0.0,0.0,0.0,1.0,1.0,1.0,1.0,0.0,1.0,0.0,0.0,0.0,0.0,1.0,0.0,0.0,0.0,0.0,0.0,1.0,0.0,0.0,Manual Review,1
CLM-00834,1653.62,36.0,1096.0,0.0,2.0,0.474,0.0,1.0,0.0,0.0,1.0,1.0,1.0,0.0,1.0,0.0,0.0,0.0,0.0,0.0,1.0,0.0,1.0,0.0,0.0,0.0,0.0,0.0,Manual Review,1
CLM-00624,1444.52,48.0,1290.0,171.0,1.0,0.276,0.0,0.0,1.0,1.0,1.0,1.0,1.0,0.0,1.0,0.0,0.0,0.0,0.0,1.0,0.0,0.0,1.0,0.0,0.0,0.0,0.0,0.0,Valid Claim,2
CLM-00659,702.86,36.0,248.0,848.0,11.0,0.896,0.0,0.0,0.0,1.0,1.0,1.0,1.0,0.0,1.0,0.0,0.0,0.0,0.0,1.0,0.0,1.0,0.0,0.0,0.0,0.0,0.0,0.0,Valid Claim,2
CLM-00836,271.53,24.0,475.0,256.0,6.0,0.622,1.0,0.0,0.0,1.0,1.0,1.0,1.0,1.0,1.0,1.0,0.0,0.0,0.0,0.0,1.0,0.0,1.0,0.0,0.0,0.0,0.0,0.0,Invalid Claim,0
CLM-00246,292.76,12.0,759.0,-394.0,5.0,0.511,0.0,0.0,0.0,1.0,1.0,1.0,1.0,0.0,1.0,0.0,0.0,0.0,1.0,0.0,0.0,1.0,0.0,0.0,0.0,0.0,0.0,0.0,Invalid Claim,0
CLM-00686,332.48,36.0,749.0,347.0,0.0,0.686,0.0,0.0,1.0,1.0,1.0,1.0,1.0,0.0,1.0,0.0,0.0,0.0,0.0,0.0,1.0,0.0,1.0,0.0,0.0,0.0,0.0,0.0,Valid Claim,2
CLM-01223,347.2,36.0,1155.0,-59.0,1.0,0.078,0.0,1.0,1.0,1.0,1.0,0.0,1.0,0.0,1.0,0.0,0.0,0.0,0.0,0.0,1.0,0.0,1.0,0.0,0.0,0.0,0.0,0.0,Invalid Claim,0
CLM-00437,676.5,36.0,671.0,425.0,18.0,0.885,1.0,0.0,0.0,1.0,1.0,1.0,1.0,1.0,0.0,0.0,0.0,0.0,0.0,1.0,0.0,1.0,0.0,0.0,0.0,0.0,0.0,0.0,Invalid Claim,0
CLM-00500,416.59,12.0,305.0,60.0,16.0,0.67,0.0,3.0,0.0,0.0,1.0,0.0,0.0,0.0,1.0,0.0,0.0,0.0,1.0,0.0,0.0,1.0,0.0,0.0,0.0,0.0,0.0,0.0,Manual Review,1
CLM-00202,238.18,48.0,1633.0,-172.0,6.0,0.194,2.0,0.0,1.0,1.0,1.0,1.0,1.0,0.0,1.0,0.0,0.0,0.0,0.0,0.0,1.0,0.0,0.0,0.0,1.0,0.0,0.0,0.0,Invalid Claim,0
CLM-01436,943.15,36.0,1263.0,-167.0,7.0,0.084,0.0,0.0,0.0,1.0,1.0,1.0,1.0,0.0,1.0,0.0,0.0,0.0,0.0,1.0,0.0,0.0,1.0,0.0,0.0,0.0,0.0,0.0,Invalid Claim,0
CLM-00555,696.4,48.0,991.0,470.0,0.0,0.704,2.0,0.0,1.0,1.0,1.0,1.0,1.0,1.0,1.0,1.0,0.0,0.0,0.0,0.0,1.0,0.0,0.0,0.0,0.0,0.0,0.0,1.0,Invalid Claim,0
CLM-00838,679.62,36.0,745.0,351.0,4.0,0.667,0.0,0.0,1.0,1.0,1.0,1.0,1.0,0.0,0.0,0.0,0.0,0.0,1.0,0.0,0.0,0.0,0.0,0.0,0.0,0.0,0.0,1.0,Invalid Claim,0
CLM-01144,719.13,24.0,674.0,57.0,6.0,0.837,0.0,1.0,0.0,1.0,1.0,1.0,0.0,0.0,1.0,0.0,0.0,0.0,1.0,0.0,0.0,1.0,0.0,0.0,0.0,0.0,0.0,0.0,Valid Claim,2
CLM-00823,1193.63,36.0,1115.0,-19.0,1.0,0.835,0.0,0.0,0.0,1.0,1.0,1.0,1.0,0.0,1.0,0.0,0.0,0.0,0.0,0.0,1.0,1.0,0.0,0.0,0.0,0.0,0.0,0.0,Invalid Claim,0
CLM-00075,699.59,36.0,1276.0,-180.0,5.0,0.682,0.0,0.0,1.0,1.0,1.0,1.0,1.0,0.0,1.0,0.0,0.0,0.0,0.0,0.0,1.0,0.0,0.0,0.0,0.0,0.0,1.0,0.0,Invalid Claim,0
CLM-00844,1450.31,36.0,965.0,131.0,37.0,0.71,0.0,0.0,1.0,1.0,1.0,1.0,1.0,0.0,1.0,0.0,0.0,0.0,0.0,0.0,1.0,1.0,0.0,0.0,0.0,0.0,0.0,0.0,Invalid Claim,0
CLM-00086,291.35,24.0,603.0,128.0,3.0,0.641,1.0,1.0,0.0,1.0,0.0,1.0,1.0,1.0,1.0,0.0,0.0,0.0,0.0,1.0,0.0,0.0,0.0,0.0,0.0,0.0,0.0,1.0,Valid Claim,2
CLM-00447,475.7,24.0,445.0,286.0,1.0,0.717,0.0,0.0,0.0,1.0,1.0,1.0,1.0,0.0,0.0,0.0,0.0,0.0,1.0,0.0,0.0,0.0,0.0,0.0,0.0,0.0,1.0,0.0,Invalid Claim,0
CLM-00259,873.83,12.0,221.0,144.0,10.0,0.804,1.0,1.0,0.0,1.0,1.0,1.0,0.0,0.0,1.0,1.0,0.0,0.0,1.0,0.0,0.0,0.0,0.0,1.0,0.0,0.0,0.0,0.0,Invalid Claim,0
CLM-01149,750.5,36.0,354.0,742.0,7.0,0.569,1.0,1.0,1.0,1.0,1.0,1.0,0.0,1.0,1.0,0.0,0.0,0.0,0.0,0.0,1.0,0.0,1.0,0.0,0.0,0.0,0.0,0.0,Valid Claim,2
CLM-00661,521.88,12.0,281.0,84.0,20.0,0.651,1.0,0.0,0.0,1.0,1.0,1.0,1.0,1.0,1.0,0.0,0.0,0.0,1.0,0.0,0.0,0.0,0.0,0.0,0.0,0.0,0.0,1.0,Valid Claim,2
CLM-01478,838.99,36.0,780.0,316.0,3.0,0.717,0.0,0.0,0.0,1.0,1.0,1.0,1.0,0.0,1.0,0.0,0.0,0.0,0.0,0.0,1.0,0.0,0.0,0.0,0.0,0.0,0.0,1.0,Valid Claim,2
CLM-00317,402.66,24.0,671.0,60.0,23.0,0.307,1.0,1.0,0.0,1.0,0.0,1.0,1.0,0.0,1.0,1.0,0.0,0.0,1.0,0.0,0.0,0.0,1.0,0.0,0.0,0.0,0.0,0.0,Invalid Claim,0
CLM-01390,1275.37,36.0,1093.0,3.0,5.0,0.526,1.0,0.0,1.0,1.0,1.0,1.0,1.0,1.0,1.0,0.0,0.0,0.0,0.0,0.0,1.0,0.0,0.0,1.0,0.0,0.0,0.0,0.0,Valid Claim,2
CLM-00167,1104.81,24.0,258.0,473.0,33.0,0.124,1.0,2.0,0.0,1.0,0.0,1.0,0.0,0.0,1.0,0.0,0.0,0.0,0.0,1.0,0.0,0.0,0.0,1.0,0.0,0.0,0.0,0.0,Manual Review,1
CLM-00118,1201.71,24.0,46.0,685.0,6.0,0.631,0.0,0.0,0.0,1.0,1.0,1.0,1.0,0.0,1.0,0.0,0.0,0.0,0.0,0.0,1.0,0.0,0.0,0.0,1.0,0.0,0.0,0.0,Valid Claim,2
CLM-00952,624.36,48.0,84.0,1377.0,7.0,0.638,0.0,0.0,1.0,1.0,1.0,1.0,1.0,0.0,1.0,0.0,0.0,0.0,0.0,0.0,1.0,0.0,0.0,1.0,0.0,0.0,0.0,0.0,Valid Claim,2
CLM-00738,948.19,24.0,398.0,333.0,16.0,0.889,1.0,0.0,0.0,1.0,1.0,1.0,1.0,1.0,1.0,0.0,0.0,0.0,0.0,0.0,1.0,1.0,0.0,0.0,0.0,0.0,0.0,0.0,Valid Claim,2
CLM-00450,974.63,36.0,1093.0,3.0,1118.0,0.195,0.0,0.0,0.0,1.0,1.0,1.0,1.0,0.0,1.0,0.0,0.0,1.0,0.0,0.0,1.0,0.0,0.0,1.0,0.0,0.0,0.0,0.0,Manual Review,1
CLM-00142,1141.96,36.0,706.0,390.0,22.0,0.488,1.0,0.0,0.0,1.0,1.0,1.0,1.0,0.0,1.0,0.0,0.0,0.0,0.0,0.0,1.0,0.0,0.0,1.0,0.0,0.0,0.0,0.0,Valid Claim,2
CLM-00094,590.62,12.0,230.0,135.0,1.0,0.727,0.0,0.0,0.0,1.0,1.0,1.0,1.0,0.0,0.0,0.0,0.0,0.0,1.0,0.0,0.0,0.0,0.0,0.0,0.0,1.0,0.0,0.0,Manual Review,1
CLM-01233,671.83,36.0,896.0,200.0,1.0,0.342,1.0,0.0,0.0,1.0,1.0,1.0,1.0,1.0,1.0,1.0,0.0,0.0,0.0,1.0,0.0,0.0,1.0,0.0,0.0,0.0,0.0,0.0,Invalid Claim,0
CLM-00895,986.14,24.0,531.0,200.0,19.0,0.832,3.0,0.0,0.0,1.0,1.0,1.0,1.0,1.0,0.0,0.0,0.0,0.0,0.0,1.0,0.0,0.0,1.0,0.0,0.0,0.0,0.0,0.0,Invalid Claim,0
CLM-00687,361.79,24.0,31.0,700.0,5.0,0.339,1.0,0.0,0.0,1.0,1.0,1.0,1.0,0.0,1.0,0.0,0.0,0.0,0.0,1.0,0.0,0.0,0.0,0.0,0.0,0.0,0.0,1.0,Manual Review,1
CLM-01091,1118.47,24.0,514.0,217.0,3.0,0.668,1.0,1.0,0.0,1.0,1.0,1.0,0.0,1.0,1.0,0.0,0.0,0.0,0.0,1.0,0.0,1.0,0.0,0.0,0.0,0.0,0.0,0.0,Manual Review,1
CLM-01308,689.87,36.0,673.0,423.0,2.0,0.798,2.0,0.0,1.0,1.0,1.0,1.0,1.0,1.0,0.0,0.0,0.0,0.0,1.0,0.0,0.0,0.0,1.0,0.0,0.0,0.0,0.0,0.0,Invalid Claim,0
CLM-00434,433.81,24.0,239.0,492.0,2.0,0.265,1.0,0.0,0.0,1.0,1.0,1.0,1.0,1.0,1.0,0.0,0.0,0.0,0.0,1.0,0.0,0.0,0.0,0.0,1.0,0.0,0.0,0.0,Valid Claim,2
CLM-01400,441.94,36.0,362.0,734.0,7.0,0.172,0.0,0.0,0.0,1.0,1.0,1.0,1.0,0.0,1.0,0.0,0.0,0.0,0.0,0.0,1.0,0.0,1.0,0.0,0.0,0.0,0.0,0.0,Valid Claim,2
CLM-00765,725.85,36.0,1085.0,11.0,14.0,0.761,1.0,1.0,0.0,0.0,1.0,1.0,1.0,1.0,1.0,0.0,0.0,0.0,0.0,1.0,0.0,1.0,0.0,0.0,0.0,0.0,0.0,0.0,Manual Review,1
CLM-01410,346.31,36.0,1474.0,-378.0,29.0,0.629,0.0,0.0,1.0,1.0,1.0,1.0,1.0,0.0,1.0,0.0,0.0,0.0,0.0,0.0,1.0,0.0,0.0,0.0,0.0,1.0,0.0,0.0,Invalid Claim,0
CLM-00326,1404.04,36.0,387.0,709.0,1.0,0.412,0.0,0.0,0.0,1.0,1.0,1.0,1.0,0.0,1.0,0.0,0.0,0.0,0.0,0.0,1.0,0.0,0.0,0.0,0.0,1.0,0.0,0.0,Manual Review,1
CLM-00564,1175.76,36.0,754.0,342.0,10.0,0.602,0.0,2.0,1.0,0.0,0.0,1.0,1.0,0.0,1.0,0.0,0.0,0.0,1.0,0.0,0.0,0.0,0.0,0.0,0.0,0.0,0.0,1.0,Manual Review,1
CLM-01266,298.51,36.0,1000.0,96.0,2.0,0.875,1.0,0.0,0.0,1.0,1.0,1.0,1.0,0.0,1.0,0.0,0.0,0.0,0.0,1.0,0.0,1.0,0.0,0.0,0.0,0.0,0.0,0.0,Valid Claim,2
CLM-01037,730.95,24.0,980.0,-249.0,1014.0,0.752,0.0,0.0,1.0,1.0,1.0,1.0,1.0,0.0,1.0,0.0,0.0,1.0,1.0,0.0,0.0,1.0,0.0,0.0,0.0,0.0,0.0,0.0,Invalid Claim,0
CLM-00983,1164.07,48.0,1462.0,-1.0,1.0,0.556,0.0,0.0,1.0,1.0,1.0,1.0,1.0,0.0,1.0,0.0,0.0,0.0,0.0,0.0,1.0,0.0,0.0,0.0,0.0,1.0,0.0,0.0,Invalid Claim,0
CLM-00918,628.07,36.0,1088.0,8.0,22.0,0.445,0.0,0.0,0.0,1.0,1.0,1.0,1.0,0.0,0.0,0.0,0.0,0.0,0.0,0.0,1.0,0.0,0.0,0.0,1.0,0.0,0.0,0.0,Invalid Claim,0
CLM-01035,958.66,36.0,341.0,755.0,9.0,0.802,2.0,0.0,0.0,1.0,1.0,1.0,1.0,1.0,0.0,0.0,0.0,0.0,0.0,0.0,1.0,1.0,0.0,0.0,0.0,0.0,0.0,0.0,Invalid Claim,0
CLM-01448,355.55,36.0,1400.0,-304.0,1.0,0.701,0.0,1.0,0.0,1.0,1.0,0.0,1.0,0.0,1.0,0.0,0.0,0.0,0.0,1.0,0.0,1.0,0.0,0.0,0.0,0.0,0.0,0.0,Invalid Claim,0
CLM-01246,968.94,36.0,468.0,628.0,473.0,0.365,0.0,0.0,0.0,1.0,1.0,1.0,1.0,0.0,1.0,0.0,0.0,1.0,0.0,1.0,0.0,0.0,0.0,0.0,0.0,1.0,0.0,0.0,Valid Claim,2
CLM-00136,624.78,24.0,652.0,79.0,6.0,0.642,0.0,0.0,0.0,1.0,1.0,1.0,1.0,0.0,1.0,0.0,0.0,0.0,0.0,0.0,1.0,0.0,1.0,0.0,0.0,0.0,0.0,0.0,Valid Claim,2
CLM-00125,828.84,36.0,61.0,1035.0,12.0,0.397,0.0,1.0,0.0,1.0,0.0,1.0,1.0,0.0,1.0,0.0,0.0,0.0,0.0,1.0,0.0,0.0,0.0,1.0,0.0,0.0,0.0,0.0,Valid Claim,2
CLM-00590,880.95,48.0,611.0,850.0,643.0,0.454,0.0,0.0,1.0,1.0,1.0,1.0,1.0,0.0,1.0,0.0,0.0,1.0,0.0,1.0,0.0,0.0,0.0,0.0,0.0,0.0,0.0,1.0,Manual Review,1
CLM-00742,745.13,36.0,1201.0,-105.0,3.0,0.274,0.0,0.0,0.0,1.0,1.0,1.0,1.0,0.0,1.0,0.0,0.0,0.0,0.0,1.0,0.0,0.0,0.0,0.0,1.0,0.0,0.0,0.0,Invalid Claim,0
CLM-01205,485.18,36.0,375.0,721.0,0.0,0.055,0.0,1.0,1.0,1.0,1.0,0.0,1.0,0.0,1.0,0.0,0.0,0.0,1.0,0.0,0.0,0.0,0.0,1.0,0.0,0.0,0.0,0.0,Manual Review,1
CLM-01183,1214.87,36.0,1030.0,66.0,5.0,0.381,0.0,1.0,1.0,1.0,0.0,1.0,1.0,0.0,1.0,0.0,0.0,0.0,0.0,0.0,1.0,0.0,0.0,0.0,0.0,1.0,0.0,0.0,Manual Review,1
CLM-00351,2519.95,48.0,165.0,1296.0,6.0,0.646,0.0,1.0,1.0,1.0,0.0,1.0,1.0,0.0,1.0,0.0,0.0,0.0,0.0,1.0,0.0,0.0,0.0,0.0,1.0,0.0,0.0,0.0,Valid Claim,2
CLM-01043,929.58,24.0,445.0,286.0,2.0,0.21,3.0,1.0,1.0,1.0,0.0,1.0,1.0,1.0,1.0,1.0,0.0,0.0,1.0,0.0,0.0,0.0,1.0,0.0,0.0,0.0,0.0,0.0,Invalid Claim,0
CLM-00739,887.99,12.0,376.0,-11.0,3.0,0.297,0.0,0.0,0.0,1.0,1.0,1.0,1.0,0.0,1.0,0.0,0.0,0.0,1.0,0.0,0.0,1.0,0.0,0.0,0.0,0.0,0.0,0.0,Invalid Claim,0
CLM-00715,450.93,36.0,924.0,172.0,8.0,0.254,0.0,1.0,0.0,1.0,1.0,1.0,0.0,0.0,1.0,0.0,0.0,0.0,0.0,0.0,1.0,0.0,1.0,0.0,0.0,0.0,0.0,0.0,Valid Claim,2
CLM-00615,434.23,36.0,492.0,604.0,2.0,0.755,0.0,0.0,1.0,1.0,1.0,1.0,1.0,0.0,0.0,0.0,0.0,0.0,1.0,0.0,0.0,1.0,0.0,0.0,0.0,0.0,0.0,0.0,Invalid Claim,0
CLM-01006,1227.55,24.0,658.0,73.0,2.0,0.623,0.0,1.0,0.0,1.0,1.0,1.0,0.0,0.0,1.0,0.0,0.0,0.0,1.0,0.0,0.0,1.0,0.0,0.0,0.0,0.0,0.0,0.0,Valid Claim,2
CLM-01036,1329.08,24.0,477.0,254.0,13.0,0.864,0.0,0.0,0.0,1.0,1.0,1.0,1.0,0.0,1.0,0.0,0.0,0.0,1.0,0.0,0.0,1.0,0.0,0.0,0.0,0.0,0.0,0.0,Valid Claim,2
CLM-00753,328.54,24.0,892.0,-161.0,22.0,0.239,0.0,1.0,1.0,1.0,1.0,1.0,0.0,0.0,1.0,0.0,0.0,0.0,1.0,0.0,0.0,0.0,1.0,0.0,0.0,0.0,0.0,0.0,Manual Review,1
CLM-01107,347.61,36.0,975.0,121.0,0.0,0.317,1.0,2.0,0.0,0.0,0.0,1.0,1.0,0.0,1.0,0.0,0.0,0.0,0.0,1.0,0.0,0.0,0.0,0.0,0.0,0.0,1.0,0.0,Manual Review,1
CLM-00622,370.17,24.0,731.0,0.0,0.0,0.897,0.0,1.0,0.0,0.0,1.0,1.0,1.0,0.0,1.0,0.0,0.0,0.0,0.0,1.0,0.0,1.0,0.0,0.0,0.0,0.0,0.0,0.0,Manual Review,1
CLM-01282,720.53,36.0,671.0,425.0,0.0,0.549,0.0,0.0,0.0,1.0,1.0,1.0,1.0,0.0,1.0,0.0,0.0,0.0,0.0,1.0,0.0,0.0,1.0,0.0,0.0,0.0,0.0,0.0,Valid Claim,2
CLM-01027,1131.08,36.0,1090.0,6.0,0.0,0.635,0.0,0.0,0.0,1.0,1.0,1.0,1.0,0.0,1.0,0.0,0.0,0.0,0.0,1.0,0.0,0.0,0.0,1.0,0.0,0.0,0.0,0.0,Valid Claim,2
CLM-01044,872.99,24.0,306.0,425.0,0.0,0.837,0.0,0.0,0.0,1.0,1.0,1.0,1.0,0.0,1.0,0.0,0.0,0.0,1.0,0.0,0.0,1.0,0.0,0.0,0.0,0.0,0.0,0.0,Valid Claim,2
CLM-00480,1071.85,12.0,376.0,-11.0,1.0,0.27,0.0,0.0,0.0,1.0,1.0,1.0,1.0,0.0,1.0,0.0,0.0,0.0,1.0,0.0,0.0,0.0,0.0,0.0,0.0,0.0,0.0,1.0,Invalid Claim,0
CLM-00299,529.36,24.0,234.0,497.0,14.0,0.687,0.0,2.0,0.0,0.0,1.0,1.0,0.0,0.0,1.0,0.0,0.0,0.0,0.0,1.0,0.0,0.0,0.0,0.0,1.0,0.0,0.0,0.0,Manual Review,1
CLM-00212,496.08,36.0,674.0,422.0,13.0,0.524,0.0,1.0,0.0,1.0,0.0,1.0,1.0,0.0,1.0,0.0,1.0,0.0,0.0,0.0,1.0,0.0,1.0,0.0,0.0,0.0,0.0,0.0,Manual Review,1
CLM-01482,575.67,36.0,1468.0,-372.0,10.0,0.478,1.0,1.0,0.0,1.0,1.0,1.0,0.0,1.0,1.0,0.0,0.0,0.0,0.0,0.0,1.0,0.0,0.0,0.0,1.0,0.0,0.0,0.0,Invalid Claim,0
CLM-00068,608.38,36.0,136.0,960.0,1.0,0.301,0.0,1.0,0.0,0.0,1.0,1.0,1.0,0.0,1.0,0.0,0.0,0.0,0.0,1.0,0.0,0.0,0.0,1.0,0.0,0.0,0.0,0.0,Manual Review,1
CLM-01133,645.86,24.0,415.0,316.0,22.0,0.467,0.0,2.0,0.0,1.0,0.0,1.0,0.0,0.0,0.0,0.0,0.0,0.0,1.0,0.0,0.0,0.0,1.0,0.0,0.0,0.0,0.0,0.0,Manual Review,1
CLM-00376,792.86,12.0,383.0,-18.0,4.0,0.727,0.0,0.0,0.0,1.0,1.0,1.0,1.0,0.0,1.0,0.0,0.0,0.0,1.0,0.0,0.0,0.0,1.0,0.0,0.0,0.0,0.0,0.0,Invalid Claim,0
CLM-01438,1296.3,24.0,741.0,-10.0,1.0,0.599,0.0,1.0,0.0,0.0,1.0,1.0,1.0,0.0,1.0,0.0,0.0,0.0,0.0,1.0,0.0,1.0,0.0,0.0,0.0,0.0,0.0,0.0,Manual Review,1
CLM-00916,246.24,12.0,132.0,233.0,2.0,0.17,0.0,0.0,0.0,1.0,1.0,1.0,1.0,0.0,1.0,0.0,0.0,0.0,1.0,0.0,0.0,0.0,0.0,0.0,0.0,0.0,1.0,0.0,Manual Review,1
CLM-00716,1077.29,24.0,484.0,247.0,18.0,0.93,0.0,0.0,0.0,1.0,1.0,1.0,1.0,0.0,1.0,0.0,0.0,0.0,0.0,1.0,0.0,1.0,0.0,0.0,0.0,0.0,0.0,0.0,Valid Claim,2
CLM-00275,618.53,36.0,817.0,279.0,8.0,0.325,1.0,2.0,0.0,0.0,1.0,0.0,1.0,1.0,1.0,1.0,1.0,0.0,0.0,0.0,1.0,0.0,1.0,0.0,0.0,0.0,0.0,0.0,Invalid Claim,0
CLM-01439,197.22,36.0,116.0,980.0,1.0,0.279,0.0,0.0,0.0,1.0,1.0,1.0,1.0,0.0,1.0,0.0,0.0,0.0,0.0,1.0,0.0,0.0,0.0,1.0,0.0,0.0,0.0,0.0,Valid Claim,2
CLM-00301,1018.98,36.0,870.0,226.0,4.0,0.851,0.0,0.0,0.0,1.0,1.0,1.0,1.0,0.0,1.0,0.0,0.0,0.0,0.0,1.0,0.0,1.0,0.0,0.0,0.0,0.0,0.0,0.0,Valid Claim,2
CLM-00263,147.24,36.0,185.0,911.0,22.0,0.523,0.0,0.0,1.0,1.0,1.0,1.0,1.0,0.0,0.0,0.0,0.0,0.0,0.0,1.0,0.0,0.0,0.0,0.0,1.0,0.0,0.0,0.0,Invalid Claim,0
CLM-00937,468.46,36.0,388.0,708.0,396.0,0.771,2.0,0.0,0.0,1.0,1.0,1.0,1.0,1.0,1.0,0.0,0.0,1.0,0.0,0.0,1.0,1.0,0.0,0.0,0.0,0.0,0.0,0.0,Manual Review,1
CLM-01152,2044.09,48.0,321.0,1140.0,14.0,0.402,0.0,0.0,1.0,1.0,1.0,1.0,1.0,0.0,1.0,0.0,0.0,0.0,0.0,1.0,0.0,0.0,0.0,0.0,1.0,0.0,0.0,0.0,Valid Claim,2
CLM-01000,205.21,24.0,145.0,586.0,2.0,0.522,0.0,0.0,0.0,1.0,1.0,1.0,1.0,0.0,1.0,0.0,0.0,0.0,1.0,0.0,0.0,0.0,1.0,0.0,0.0,0.0,0.0,0.0,Valid Claim,2
CLM-01288,591.0,24.0,455.0,276.0,9.0,0.568,1.0,0.0,0.0,1.0,1.0,1.0,1.0,1.0,0.0,1.0,0.0,0.0,0.0,1.0,0.0,0.0,0.0,0.0,0.0,0.0,1.0,0.0,Invalid Claim,0
CLM-00965,949.11,12.0,383.0,-18.0,8.0,0.23,1.0,0.0,0.0,1.0,1.0,1.0,1.0,1.0,1.0,0.0,0.0,0.0,1.0,0.0,0.0,0.0,0.0,0.0,0.0,0.0,1.0,0.0,Invalid Claim,0
CLM-00470,468.22,36.0,314.0,782.0,3.0,0.839,0.0,1.0,0.0,0.0,1.0,1.0,1.0,0.0,1.0,0.0,0.0,0.0,0.0,1.0,0.0,1.0,0.0,0.0,0.0,0.0,0.0,0.0,Manual Review,1
CLM-01214,223.64,36.0,411.0,685.0,1.0,0.684,0.0,0.0,1.0,1.0,1.0,1.0,1.0,0.0,1.0,0.0,0.0,0.0,0.0,0.0,1.0,1.0,0.0,0.0,0.0,0.0,0.0,0.0,Valid Claim,2
CLM-00466,1057.6,12.0,49.0,316.0,12.0,0.705,1.0,0.0,0.0,1.0,1.0,1.0,1.0,1.0,1.0,0.0,0.0,0.0,1.0,0.0,0.0,0.0,0.0,0.0,0.0,1.0,0.0,0.0,Invalid Claim,0
CLM-01123,668.61,24.0,378.0,353.0,1.0,0.779,0.0,0.0,0.0,1.0,1.0,1.0,1.0,0.0,1.0,0.0,1.0,0.0,0.0,1.0,0.0,1.0,0.0,0.0,0.0,0.0,0.0,0.0,Manual Review,1
CLM-00251,591.24,24.0,833.0,-102.0,856.0,0.889,1.0,1.0,0.0,1.0,0.0,1.0,1.0,1.0,1.0,0.0,0.0,1.0,1.0,0.0,0.0,1.0,0.0,0.0,0.0,0.0,0.0,0.0,Manual Review,1
CLM-00583,549.47,48.0,811.0,650.0,9.0,0.791,2.0,0.0,1.0,1.0,1.0,1.0,1.0,1.0,1.0,0.0,0.0,0.0,0.0,1.0,0.0,1.0,0.0,0.0,0.0,0.0,0.0,0.0,Manual Review,1
CLM-01472,585.88,24.0,741.0,-10.0,14.0,0.073,0.0,0.0,0.0,1.0,1.0,1.0,1.0,0.0,1.0,0.0,0.0,0.0,0.0,0.0,1.0,0.0,0.0,0.0,0.0,1.0,0.0,0.0,Manual Review,1
CLM-00175,778.33,24.0,720.0,11.0,7.0,0.732,0.0,1.0,0.0,1.0,0.0,1.0,1.0,0.0,1.0,0.0,0.0,0.0,0.0,1.0,0.0,0.0,0.0,0.0,1.0,0.0,0.0,0.0,Valid Claim,2
CLM-00946,368.04,24.0,853.0,-122.0,27.0,0.702,0.0,0.0,0.0,1.0,1.0,1.0,1.0,0.0,1.0,0.0,0.0,0.0,0.0,0.0,1.0,1.0,0.0,0.0,0.0,0.0,0.0,0.0,Invalid Claim,0
CLM-01463,1281.05,36.0,1049.0,47.0,4.0,0.843,0.0,1.0,1.0,1.0,1.0,0.0,1.0,0.0,1.0,0.0,0.0,0.0,0.0,1.0,0.0,0.0,0.0,0.0,0.0,0.0,1.0,0.0,Invalid Claim,0
CLM-00322,553.58,36.0,346.0,750.0,15.0,0.73,0.0,1.0,0.0,1.0,1.0,1.0,0.0,0.0,1.0,0.0,1.0,0.0,0.0,0.0,1.0,0.0,0.0,0.0,1.0,0.0,0.0,0.0,Manual Review,1
CLM-00453,1131.35,24.0,699.0,32.0,12.0,0.65,0.0,0.0,0.0,1.0,1.0,1.0,1.0,0.0,1.0,0.0,0.0,0.0,0.0,0.0,1.0,1.0,0.0,0.0,0.0,0.0,0.0,0.0,Valid Claim,2
CLM-00244,905.56,12.0,366.0,-1.0,9.0,0.837,1.0,0.0,0.0,1.0,1.0,1.0,1.0,0.0,1.0,0.0,1.0,0.0,1.0,0.0,0.0,0.0,1.0,0.0,0.0,0.0,0.0,0.0,Valid Claim,2
CLM-00091,608.11,36.0,152.0,944.0,4.0,0.359,0.0,1.0,1.0,1.0,0.0,1.0,1.0,0.0,1.0,0.0,0.0,0.0,0.0,0.0,1.0,0.0,0.0,0.0,0.0,0.0,0.0,1.0,Manual Review,1
CLM-01405,268.06,36.0,1089.0,7.0,20.0,0.924,0.0,1.0,0.0,1.0,0.0,1.0,1.0,0.0,1.0,0.0,0.0,0.0,0.0,1.0,0.0,1.0,0.0,0.0,0.0,0.0,0.0,0.0,Valid Claim,2
CLM-00876,636.2,24.0,732.0,-1.0,13.0,0.131,0.0,0.0,0.0,1.0,1.0,1.0,1.0,0.0,1.0,0.0,0.0,0.0,0.0,0.0,1.0,0.0,0.0,1.0,0.0,0.0,0.0,0.0,Manual Review,1
CLM-00115,411.76,24.0,137.0,594.0,16.0,0.88,0.0,0.0,0.0,1.0,1.0,1.0,1.0,0.0,1.0,0.0,0.0,0.0,0.0,0.0,1.0,0.0,0.0,0.0,1.0,0.0,0.0,0.0,Valid Claim,2
CLM-00922,194.83,12.0,206.0,159.0,16.0,0.815,0.0,0.0,0.0,1.0,1.0,1.0,1.0,0.0,1.0,0.0,0.0,0.0,1.0,0.0,0.0,1.0,0.0,0.0,0.0,0.0,0.0,0.0,Valid Claim,2
CLM-00544,440.26,36.0,509.0,587.0,4.0,0.679,0.0,1.0,1.0,1.0,0.0,1.0,1.0,0.0,1.0,0.0,0.0,0.0,0.0,1.0,0.0,0.0,0.0,0.0,0.0,1.0,0.0,0.0,Invalid Claim,0
CLM-00170,409.75,36.0,846.0,250.0,3.0,0.569,0.0,0.0,0.0,1.0,1.0,1.0,1.0,0.0,1.0,0.0,0.0,0.0,0.0,1.0,0.0,1.0,0.0,0.0,0.0,0.0,0.0,0.0,Valid Claim,2
CLM-00997,772.73,24.0,746.0,-15.0,0.0,0.83,0.0,0.0,0.0,1.0,1.0,1.0,1.0,0.0,0.0,0.0,0.0,0.0,0.0,0.0,1.0,1.0,0.0,0.0,0.0,0.0,0.0,0.0,Invalid Claim,0
CLM-00964,798.82,24.0,698.0,33.0,735.0,0.299,1.0,1.0,1.0,1.0,0.0,1.0,1.0,1.0,0.0,0.0,0.0,1.0,1.0,0.0,0.0,0.0,0.0,1.0,0.0,0.0,0.0,0.0,Invalid Claim,0
CLM-00013,438.03,36.0,1379.0,-283.0,3.0,0.741,0.0,1.0,0.0,1.0,1.0,1.0,0.0,0.0,0.0,0.0,0.0,0.0,0.0,0.0,1.0,0.0,1.0,0.0,0.0,0.0,0.0,0.0,Invalid Claim,0
CLM-00570,1139.46,24.0,770.0,-39.0,1.0,0.774,0.0,0.0,0.0,1.0,1.0,1.0,1.0,0.0,1.0,0.0,0.0,0.0,0.0,0.0,1.0,1.0,0.0,0.0,0.0,0.0,0.0,0.0,Invalid Claim,0
CLM-01352,978.33,12.0,24.0,341.0,11.0,0.606,0.0,1.0,0.0,1.0,0.0,1.0,1.0,0.0,1.0,0.0,0.0,0.0,1.0,0.0,0.0,1.0,0.0,0.0,0.0,0.0,0.0,0.0,Valid Claim,2
CLM-01195,665.55,36.0,61.0,1035.0,10.0,0.394,1.0,0.0,1.0,1.0,1.0,1.0,1.0,0.0,1.0,0.0,0.0,0.0,1.0,0.0,0.0,0.0,0.0,0.0,0.0,1.0,0.0,0.0,Manual Review,1
CLM-01327,1213.65,24.0,735.0,-4.0,23.0,0.721,1.0,1.0,0.0,1.0,1.0,0.0,1.0,0.0,1.0,0.0,0.0,0.0,0.0,1.0,0.0,1.0,0.0,0.0,0.0,0.0,0.0,0.0,Manual Review,1
CLM-01387,470.18,24.0,722.0,9.0,6.0,0.327,0.0,0.0,0.0,1.0,1.0,1.0,1.0,0.0,1.0,0.0,0.0,0.0,0.0,0.0,1.0,1.0,0.0,0.0,0.0,0.0,0.0,0.0,Valid Claim,2
CLM-00493,609.31,24.0,616.0,115.0,3.0,0.351,0.0,0.0,0.0,1.0,1.0,1.0,1.0,0.0,1.0,0.0,0.0,0.0,1.0,0.0,0.0,0.0,0.0,0.0,0.0,0.0,0.0,1.0,Manual Review,1
CLM-00947,764.52,24.0,450.0,281.0,2.0,0.974,0.0,0.0,0.0,1.0,1.0,1.0,1.0,0.0,1.0,0.0,0.0,0.0,0.0,1.0,0.0,1.0,0.0,0.0,0.0,0.0,0.0,0.0,Valid Claim,2
CLM-00226,563.92,12.0,155.0,210.0,0.0,0.654,1.0,1.0,0.0,1.0,1.0,1.0,0.0,0.0,1.0,0.0,0.0,0.0,1.0,0.0,0.0,1.0,0.0,0.0,0.0,0.0,0.0,0.0,Valid Claim,2
CLM-00644,1359.4,24.0,572.0,159.0,3.0,0.695,0.0,0.0,0.0,1.0,1.0,1.0,1.0,0.0,1.0,0.0,0.0,0.0,0.0,1.0,0.0,1.0,0.0,0.0,0.0,0.0,0.0,0.0,Manual Review,1
CLM-01480,323.78,48.0,367.0,1094.0,0.0,0.523,0.0,0.0,1.0,1.0,1.0,1.0,1.0,0.0,1.0,0.0,0.0,0.0,0.0,1.0,0.0,0.0,0.0,0.0,0.0,1.0,0.0,0.0,Manual Review,1
CLM-00656,1546.94,24.0,585.0,146.0,15.0,0.666,2.0,1.0,0.0,1.0,0.0,1.0,1.0,1.0,1.0,0.0,0.0,0.0,0.0,1.0,0.0,1.0,0.0,0.0,0.0,0.0,0.0,0.0,Manual Review,1
CLM-01076,691.12,36.0,634.0,462.0,27.0,0.491,2.0,0.0,0.0,1.0,1.0,1.0,1.0,0.0,1.0,0.0,0.0,0.0,0.0,0.0,1.0,0.0,1.0,0.0,0.0,0.0,0.0,0.0,Manual Review,1
CLM-00265,1128.14,24.0,64.0,667.0,4.0,0.427,0.0,0.0,0.0,1.0,1.0,1.0,1.0,0.0,1.0,0.0,0.0,0.0,1.0,0.0,0.0,0.0,0.0,1.0,0.0,0.0,0.0,0.0,Manual Review,1
CLM-01363,509.63,36.0,1301.0,-205.0,22.0,0.71,2.0,0.0,0.0,1.0,1.0,1.0,1.0,0.0,1.0,1.0,0.0,0.0,0.0,0.0,1.0,0.0,0.0,0.0,1.0,0.0,0.0,0.0,Invalid Claim,0
CLM-00134,1095.27,36.0,615.0,481.0,2.0,0.407,1.0,2.0,0.0,1.0,0.0,1.0,0.0,1.0,1.0,0.0,0.0,0.0,0.0,1.0,0.0,0.0,1.0,0.0,0.0,0.0,0.0,0.0,Manual Review,1
CLM-01329,689.53,24.0,1020.0,-289.0,1023.0,0.307,0.0,0.0,0.0,1.0,1.0,1.0,1.0,0.0,1.0,0.0,0.0,1.0,0.0,1.0,0.0,0.0,0.0,0.0,1.0,0.0,0.0,0.0,Invalid Claim,0
CLM-01407,635.23,48.0,656.0,805.0,3.0,0.707,0.0,0.0,1.0,1.0,1.0,1.0,1.0,0.0,1.0,0.0,0.0,0.0,0.0,0.0,1.0,1.0,0.0,0.0,0.0,0.0,0.0,0.0,Valid Claim,2
CLM-00529,290.06,36.0,1054.0,42.0,0.0,0.542,0.0,0.0,0.0,1.0,1.0,1.0,1.0,0.0,1.0,0.0,0.0,0.0,0.0,1.0,0.0,0.0,0.0,1.0,0.0,0.0,0.0,0.0,Valid Claim,2
CLM-00157,1257.69,48.0,608.0,853.0,16.0,0.697,0.0,1.0,1.0,0.0,1.0,1.0,1.0,0.0,1.0,0.0,0.0,0.0,0.0,1.0,0.0,1.0,0.0,0.0,0.0,0.0,0.0,0.0,Manual Review,1
CLM-00045,462.64,24.0,63.0,668.0,11.0,0.647,0.0,1.0,0.0,0.0,1.0,1.0,1.0,0.0,1.0,0.0,0.0,0.0,0.0,0.0,1.0,0.0,1.0,0.0,0.0,0.0,0.0,0.0,Manual Review,1
CLM-00725,272.85,24.0,931.0,-200.0,28.0,0.645,0.0,1.0,0.0,1.0,1.0,1.0,0.0,0.0,1.0,0.0,0.0,0.0,0.0,1.0,0.0,0.0,0.0,0.0,1.0,0.0,0.0,0.0,Invalid Claim,0
CLM-00207,621.33,48.0,662.0,799.0,5.0,0.7,0.0,0.0,1.0,1.0,1.0,1.0,1.0,0.0,1.0,0.0,0.0,0.0,0.0,1.0,0.0,0.0,1.0,0.0,0.0,0.0,0.0,0.0,Valid Claim,2
CLM-00494,326.26,24.0,261.0,470.0,283.0,0.443,0.0,0.0,0.0,1.0,1.0,1.0,1.0,0.0,1.0,0.0,0.0,1.0,0.0,0.0,1.0,1.0,0.0,0.0,0.0,0.0,0.0,0.0,Manual Review,1
CLM-00674,362.76,12.0,356.0,9.0,13.0,0.613,0.0,1.0,0.0,1.0,1.0,1.0,0.0,0.0,1.0,0.0,0.0,0.0,1.0,0.0,0.0,1.0,0.0,0.0,0.0,0.0,0.0,0.0,Valid Claim,2
CLM-00422,435.36,36.0,700.0,396.0,43.0,0.502,0.0,1.0,0.0,1.0,1.0,1.0,0.0,0.0,1.0,0.0,0.0,0.0,0.0,0.0,1.0,0.0,1.0,0.0,0.0,0.0,0.0,0.0,Invalid Claim,0
CLM-00878,283.05,36.0,677.0,419.0,1.0,0.311,2.0,0.0,0.0,1.0,1.0,1.0,1.0,1.0,1.0,0.0,0.0,0.0,0.0,0.0,1.0,0.0,1.0,0.0,0.0,0.0,0.0,0.0,Manual Review,1
CLM-01247,1084.14,36.0,1075.0,21.0,3.0,0.797,0.0,0.0,1.0,1.0,1.0,1.0,1.0,0.0,1.0,0.0,0.0,0.0,0.0,0.0,1.0,1.0,0.0,0.0,0.0,0.0,0.0,0.0,Valid Claim,2
CLM-00400,566.44,36.0,1290.0,-194.0,6.0,0.67,0.0,0.0,1.0,1.0,1.0,1.0,1.0,0.0,1.0,0.0,0.0,0.0,0.0,0.0,1.0,0.0,0.0,0.0,0.0,1.0,0.0,0.0,Invalid Claim,0
CLM-00606,570.94,24.0,1061.0,-330.0,21.0,0.751,0.0,1.0,0.0,1.0,0.0,1.0,1.0,0.0,1.0,0.0,0.0,0.0,1.0,0.0,0.0,0.0,1.0,0.0,0.0,0.0,0.0,0.0,Invalid Claim,0
CLM-01077,535.08,48.0,1142.0,319.0,0.0,0.168,0.0,2.0,1.0,0.0,1.0,1.0,0.0,0.0,1.0,0.0,0.0,0.0,0.0,0.0,1.0,0.0,1.0,0.0,0.0,0.0,0.0,0.0,Invalid Claim,0
CLM-00144,384.23,48.0,1123.0,338.0,5.0,0.31,0.0,1.0,1.0,1.0,0.0,1.0,1.0,0.0,1.0,0.0,0.0,0.0,0.0,1.0,0.0,0.0,0.0,0.0,1.0,0.0,0.0,0.0,Valid Claim,2
CLM-00697,1667.06,36.0,84.0,1012.0,20.0,0.549,0.0,1.0,0.0,0.0,1.0,1.0,1.0,0.0,1.0,0.0,0.0,0.0,0.0,1.0,0.0,0.0,0.0,0.0,0.0,1.0,0.0,0.0,Manual Review,1
CLM-01464,406.07,24.0,721.0,10.0,3.0,0.557,0.0,0.0,0.0,1.0,1.0,1.0,1.0,0.0,0.0,0.0,0.0,0.0,0.0,0.0,1.0,0.0,1.0,0.0,0.0,0.0,0.0,0.0,Invalid Claim,0
CLM-00070,1390.89,48.0,383.0,1078.0,26.0,0.743,0.0,1.0,1.0,1.0,0.0,1.0,1.0,0.0,1.0,0.0,0.0,0.0,0.0,1.0,0.0,1.0,0.0,0.0,0.0,0.0,0.0,0.0,Valid Claim,2
CLM-00350,410.81,36.0,31.0,1065.0,1.0,0.827,0.0,1.0,0.0,0.0,1.0,1.0,1.0,0.0,0.0,0.0,0.0,0.0,0.0,1.0,0.0,1.0,0.0,0.0,0.0,0.0,0.0,0.0,Manual Review,1
CLM-00824,1028.36,36.0,66.0,1030.0,0.0,0.415,0.0,0.0,1.0,1.0,1.0,1.0,1.0,0.0,1.0,0.0,0.0,0.0,0.0,1.0,0.0,0.0,1.0,0.0,0.0,0.0,0.0,0.0,Valid Claim,2
CLM-01446,388.76,36.0,552.0,544.0,8.0,0.418,0.0,0.0,0.0,1.0,1.0,1.0,1.0,0.0,1.0,0.0,0.0,0.0,0.0,0.0,1.0,0.0,0.0,0.0,1.0,0.0,0.0,0.0,Valid Claim,2
CLM-01119,603.72,12.0,102.0,263.0,33.0,0.606,0.0,2.0,0.0,1.0,0.0,1.0,0.0,0.0,1.0,0.0,0.0,0.0,1.0,0.0,0.0,0.0,0.0,1.0,0.0,0.0,0.0,0.0,Invalid Claim,0
CLM-00986,749.43,24.0,489.0,242.0,29.0,0.454,0.0,0.0,0.0,1.0,1.0,1.0,1.0,0.0,1.0,0.0,0.0,0.0,0.0,0.0,1.0,0.0,0.0,0.0,1.0,0.0,0.0,0.0,Valid Claim,2
CLM-00613,354.17,36.0,30.0,1066.0,25.0,0.737,0.0,0.0,0.0,1.0,1.0,1.0,1.0,0.0,1.0,0.0,0.0,0.0,0.0,0.0,1.0,0.0,0.0,0.0,1.0,0.0,0.0,0.0,Valid Claim,2
CLM-00571,1143.05,12.0,255.0,110.0,0.0,0.498,2.0,0.0,0.0,1.0,1.0,1.0,1.0,0.0,1.0,1.0,0.0,0.0,1.0,0.0,0.0,0.0,0.0,1.0,0.0,0.0,0.0,0.0,Invalid Claim,0
CLM-00859,874.32,24.0,183.0,548.0,5.0,0.328,0.0,0.0,0.0,1.0,1.0,1.0,1.0,0.0,1.0,0.0,0.0,0.0,0.0,0.0,1.0,0.0,0.0,0.0,0.0,1.0,0.0,0.0,Manual Review,1
CLM-00743,1699.8,24.0,514.0,217.0,4.0,0.715,0.0,0.0,0.0,1.0,1.0,1.0,1.0,0.0,0.0,0.0,0.0,0.0,0.0,1.0,0.0,1.0,0.0,0.0,0.0,0.0,0.0,0.0,Invalid Claim,0
CLM-01171,326.55,24.0,925.0,-194.0,23.0,0.45,1.0,1.0,0.0,1.0,1.0,1.0,0.0,1.0,1.0,0.0,0.0,0.0,0.0,0.0,1.0,1.0,0.0,0.0,0.0,0.0,0.0,0.0,Invalid Claim,0
CLM-00218,1334.37,12.0,323.0,42.0,3.0,0.484,0.0,0.0,0.0,1.0,1.0,1.0,1.0,0.0,1.0,0.0,0.0,0.0,1.0,0.0,0.0,0.0,0.0,0.0,1.0,0.0,0.0,0.0,Valid Claim,2
CLM-00829,494.41,36.0,1228.0,-132.0,15.0,0.498,1.0,1.0,0.0,0.0,1.0,1.0,1.0,1.0,1.0,0.0,0.0,0.0,0.0,1.0,0.0,0.0,0.0,0.0,0.0,0.0,0.0,1.0,Invalid Claim,0
CLM-00536,216.09,12.0,238.0,127.0,244.0,0.949,1.0,0.0,0.0,1.0,1.0,1.0,1.0,1.0,1.0,0.0,0.0,1.0,1.0,0.0,0.0,1.0,0.0,0.0,0.0,0.0,0.0,0.0,Invalid Claim,0
CLM-00043,1000.95,24.0,427.0,304.0,1.0,0.175,2.0,0.0,0.0,1.0,1.0,1.0,1.0,0.0,1.0,0.0,0.0,0.0,0.0,1.0,0.0,0.0,0.0,0.0,1.0,0.0,0.0,0.0,Manual Review,1
CLM-00315,1077.45,24.0,528.0,203.0,2.0,0.394,1.0,1.0,0.0,1.0,1.0,0.0,1.0,1.0,1.0,0.0,0.0,0.0,1.0,0.0,0.0,0.0,0.0,0.0,0.0,0.0,1.0,0.0,Manual Review,1
CLM-00591,1732.21,12.0,341.0,24.0,7.0,0.661,0.0,1.0,0.0,1.0,0.0,1.0,1.0,0.0,1.0,0.0,0.0,0.0,1.0,0.0,0.0,0.0,1.0,0.0,0.0,0.0,0.0,0.0,Valid Claim,2
CLM-00116,816.69,24.0,434.0,297.0,18.0,0.686,0.0,0.0,0.0,1.0,1.0,1.0,1.0,0.0,1.0,0.0,0.0,0.0,0.0,0.0,1.0,0.0,0.0,0.0,1.0,0.0,0.0,0.0,Valid Claim,2
CLM-01343,596.47,48.0,835.0,626.0,2.0,0.219,3.0,1.0,1.0,1.0,0.0,1.0,1.0,0.0,1.0,0.0,0.0,0.0,0.0,1.0,0.0,0.0,1.0,0.0,0.0,0.0,0.0,0.0,Manual Review,1
CLM-00364,527.72,24.0,119.0,612.0,16.0,0.531,0.0,2.0,0.0,1.0,1.0,0.0,0.0,0.0,1.0,0.0,0.0,0.0,0.0,1.0,0.0,1.0,0.0,0.0,0.0,0.0,0.0,0.0,Manual Review,1
CLM-00672,253.74,24.0,245.0,486.0,7.0,0.617,0.0,0.0,0.0,1.0,1.0,1.0,1.0,0.0,1.0,0.0,0.0,0.0,0.0,0.0,1.0,0.0,1.0,0.0,0.0,0.0,0.0,0.0,Valid Claim,2
CLM-00375,573.33,24.0,741.0,-10.0,0.0,0.672,0.0,0.0,0.0,1.0,1.0,1.0,1.0,0.0,1.0,0.0,0.0,0.0,0.0,0.0,1.0,0.0,1.0,0.0,0.0,0.0,0.0,0.0,Manual Review,1
CLM-00847,2021.24,36.0,1123.0,-27.0,2.0,0.547,0.0,0.0,0.0,1.0,1.0,1.0,1.0,0.0,1.0,0.0,0.0,0.0,0.0,0.0,1.0,0.0,0.0,0.0,1.0,0.0,0.0,0.0,Invalid Claim,0
CLM-01332,350.16,12.0,371.0,-6.0,0.0,0.309,0.0,0.0,0.0,1.0,1.0,1.0,1.0,0.0,1.0,0.0,0.0,0.0,1.0,0.0,0.0,0.0,1.0,0.0,0.0,0.0,0.0,0.0,Manual Review,1
CLM-01494,233.0,36.0,1105.0,-9.0,27.0,0.437,0.0,0.0,1.0,1.0,1.0,1.0,1.0,0.0,1.0,0.0,0.0,0.0,0.0,1.0,0.0,0.0,0.0,0.0,1.0,0.0,0.0,0.0,Manual Review,1
CLM-00484,218.18,36.0,134.0,962.0,15.0,0.389,0.0,0.0,1.0,1.0,1.0,1.0,1.0,0.0,1.0,0.0,0.0,0.0,1.0,0.0,0.0,0.0,0.0,0.0,0.0,1.0,0.0,0.0,Manual Review,1
CLM-01005,161.98,24.0,357.0,374.0,0.0,0.988,0.0,0.0,1.0,1.0,1.0,1.0,1.0,0.0,1.0,0.0,0.0,0.0,1.0,0.0,0.0,1.0,0.0,0.0,0.0,0.0,0.0,0.0,Valid Claim,2
CLM-00135,1455.94,36.0,695.0,401.0,0.0,0.873,1.0,0.0,1.0,1.0,1.0,1.0,1.0,1.0,1.0,0.0,0.0,0.0,0.0,1.0,0.0,1.0,0.0,0.0,0.0,0.0,0.0,0.0,Invalid Claim,0
CLM-00699,657.32,48.0,323.0,1138.0,9.0,0.459,0.0,0.0,1.0,1.0,1.0,1.0,1.0,0.0,1.0,0.0,0.0,0.0,0.0,1.0,0.0,0.0,0.0,0.0,0.0,1.0,0.0,0.0,Manual Review,1
CLM-01476,1083.57,24.0,1124.0,-393.0,1133.0,0.636,0.0,0.0,1.0,1.0,1.0,1.0,1.0,0.0,1.0,0.0,0.0,1.0,1.0,0.0,0.0,1.0,0.0,0.0,0.0,0.0,0.0,0.0,Invalid Claim,0
CLM-01320,643.07,24.0,282.0,449.0,2.0,0.849,0.0,1.0,1.0,0.0,1.0,1.0,1.0,0.0,1.0,0.0,0.0,0.0,1.0,0.0,0.0,0.0,0.0,0.0,0.0,0.0,1.0,0.0,Invalid Claim,0
CLM-01018,1481.85,24.0,918.0,-187.0,40.0,0.28,0.0,0.0,0.0,1.0,1.0,1.0,1.0,0.0,1.0,0.0,0.0,0.0,0.0,0.0,1.0,0.0,0.0,0.0,0.0,1.0,0.0,0.0,Invalid Claim,0
CLM-00566,1520.33,48.0,120.0,1341.0,29.0,0.933,1.0,0.0,1.0,1.0,1.0,1.0,1.0,1.0,1.0,0.0,0.0,0.0,0.0,0.0,1.0,1.0,0.0,0.0,0.0,0.0,0.0,0.0,Valid Claim,2
CLM-00270,324.03,24.0,736.0,-5.0,16.0,0.599,1.0,0.0,1.0,1.0,1.0,1.0,1.0,1.0,1.0,0.0,0.0,0.0,1.0,0.0,0.0,0.0,0.0,0.0,0.0,1.0,0.0,0.0,Invalid Claim,0
CLM-00963,346.91,48.0,1014.0,447.0,5.0,0.385,1.0,2.0,1.0,0.0,1.0,1.0,0.0,1.0,1.0,0.0,0.0,0.0,0.0,0.0,1.0,0.0,0.0,0.0,1.0,0.0,0.0,0.0,Manual Review,1
CLM-00004,637.08,24.0,713.0,18.0,28.0,0.746,0.0,0.0,0.0,1.0,1.0,1.0,1.0,0.0,1.0,0.0,0.0,0.0,1.0,0.0,0.0,1.0,0.0,0.0,0.0,0.0,0.0,0.0,Valid Claim,2
CLM-00366,518.75,24.0,66.0,665.0,3.0,0.595,0.0,1.0,1.0,1.0,1.0,1.0,0.0,0.0,1.0,0.0,0.0,0.0,1.0,0.0,0.0,0.0,0.0,0.0,0.0,1.0,0.0,0.0,Invalid Claim,0
CLM-00698,497.42,24.0,603.0,128.0,2.0,0.494,0.0,0.0,0.0,1.0,1.0,1.0,1.0,0.0,1.0,0.0,0.0,0.0,1.0,0.0,0.0,0.0,0.0,0.0,0.0,0.0,1.0,0.0,Manual Review,1
CLM-00585,1075.62,48.0,219.0,1242.0,3.0,0.662,1.0,2.0,1.0,1.0,0.0,1.0,0.0,0.0,0.0,0.0,0.0,0.0,0.0,1.0,0.0,0.0,1.0,0.0,0.0,0.0,0.0,0.0,Manual Review,1
CLM-00200,641.31,36.0,1012.0,84.0,6.0,0.717,1.0,1.0,0.0,1.0,1.0,1.0,0.0,1.0,1.0,0.0,0.0,0.0,0.0,0.0,1.0,1.0,0.0,0.0,0.0,0.0,0.0,0.0,Valid Claim,2
CLM-01163,488.32,48.0,1636.0,-175.0,14.0,0.682,0.0,1.0,1.0,1.0,1.0,1.0,0.0,0.0,1.0,0.0,0.0,0.0,0.0,0.0,1.0,0.0,0.0,0.0,1.0,0.0,0.0,0.0,Invalid Claim,0
CLM-00064,827.26,24.0,170.0,561.0,0.0,0.792,0.0,0.0,0.0,1.0,1.0,1.0,1.0,0.0,1.0,0.0,0.0,0.0,1.0,0.0,0.0,1.0,0.0,0.0,0.0,0.0,0.0,0.0,Valid Claim,2
CLM-00295,332.77,24.0,750.0,-19.0,3.0,0.626,0.0,2.0,0.0,1.0,0.0,0.0,1.0,0.0,1.0,0.0,0.0,0.0,0.0,0.0,1.0,1.0,0.0,0.0,0.0,0.0,0.0,0.0,Invalid Claim,0
CLM-00260,509.37,36.0,1110.0,-14.0,20.0,0.541,0.0,0.0,0.0,1.0,1.0,1.0,1.0,0.0,1.0,0.0,0.0,0.0,0.0,1.0,0.0,0.0,0.0,1.0,0.0,0.0,0.0,0.0,Manual Review,1
CLM-01324,859.27,48.0,623.0,838.0,1.0,0.316,0.0,1.0,1.0,1.0,0.0,1.0,1.0,0.0,1.0,0.0,0.0,0.0,0.0,0.0,1.0,0.0,1.0,0.0,0.0,0.0,0.0,0.0,Valid Claim,2
CLM-00002,283.4,36.0,40.0,1056.0,0.0,0.413,0.0,1.0,1.0,0.0,1.0,1.0,1.0,0.0,1.0,0.0,0.0,0.0,0.0,1.0,0.0,0.0,1.0,0.0,0.0,0.0,0.0,0.0,Manual Review,1
CLM-00100,334.15,36.0,472.0,624.0,8.0,0.223,0.0,0.0,0.0,1.0,1.0,1.0,1.0,0.0,1.0,0.0,0.0,0.0,0.0,1.0,0.0,0.0,1.0,0.0,0.0,0.0,0.0,0.0,Valid Claim,2
CLM-01061,1060.28,24.0,733.0,-2.0,2.0,0.449,0.0,0.0,0.0,1.0,1.0,1.0,1.0,0.0,1.0,0.0,0.0,0.0,1.0,0.0,0.0,0.0,0.0,0.0,0.0,1.0,0.0,0.0,Manual Review,1
CLM-00728,469.44,48.0,782.0,679.0,31.0,0.832,2.0,2.0,1.0,1.0,0.0,0.0,1.0,1.0,1.0,0.0,0.0,0.0,0.0,1.0,0.0,1.0,0.0,0.0,0.0,0.0,0.0,0.0,Manual Review,1
CLM-00185,628.17,12.0,366.0,-1.0,1.0,0.756,0.0,0.0,0.0,1.0,1.0,1.0,1.0,0.0,1.0,0.0,0.0,0.0,1.0,0.0,0.0,1.0,0.0,0.0,0.0,0.0,0.0,0.0,Manual Review,1
CLM-00304,438.15,24.0,356.0,375.0,0.0,0.346,0.0,2.0,1.0,1.0,0.0,0.0,1.0,0.0,1.0,0.0,0.0,0.0,1.0,0.0,0.0,0.0,0.0,0.0,0.0,0.0,1.0,0.0,Manual Review,1
CLM-01423,453.46,24.0,302.0,429.0,0.0,0.687,1.0,0.0,0.0,1.0,1.0,1.0,1.0,1.0,1.0,1.0,0.0,0.0,1.0,0.0,0.0,1.0,0.0,0.0,0.0,0.0,0.0,0.0,Invalid Claim,0
CLM-00734,1481.4,36.0,514.0,582.0,4.0,0.815,0.0,0.0,0.0,1.0,1.0,1.0,1.0,0.0,1.0,0.0,0.0,0.0,0.0,0.0,1.0,1.0,0.0,0.0,0.0,0.0,0.0,0.0,Valid Claim,2
CLM-00353,671.29,24.0,481.0,250.0,22.0,0.35,0.0,0.0,0.0,1.0,1.0,1.0,1.0,0.0,1.0,0.0,0.0,0.0,0.0,1.0,0.0,0.0,1.0,0.0,0.0,0.0,0.0,0.0,Valid Claim,2
CLM-00035,606.7,24.0,447.0,284.0,22.0,0.774,0.0,0.0,0.0,1.0,1.0,1.0,1.0,0.0,1.0,0.0,0.0,0.0,0.0,1.0,0.0,1.0,0.0,0.0,0.0,0.0,0.0,0.0,Valid Claim,2
CLM-00696,684.24,24.0,41.0,690.0,18.0,0.609,1.0,0.0,0.0,1.0,1.0,1.0,1.0,0.0,1.0,0.0,0.0,0.0,0.0,0.0,1.0,0.0,0.0,0.0,0.0,0.0,0.0,1.0,Valid Claim,2
CLM-01408,454.56,12.0,377.0,-12.0,32.0,0.172,1.0,0.0,0.0,1.0,1.0,1.0,1.0,1.0,1.0,0.0,0.0,0.0,1.0,0.0,0.0,0.0,0.0,0.0,1.0,0.0,0.0,0.0,Invalid Claim,0
CLM-01121,162.6,36.0,490.0,606.0,54.0,0.486,0.0,1.0,1.0,1.0,1.0,1.0,0.0,0.0,1.0,0.0,0.0,0.0,1.0,0.0,0.0,1.0,0.0,0.0,0.0,0.0,0.0,0.0,Invalid Claim,0
CLM-00542,538.28,48.0,1464.0,-3.0,7.0,0.628,0.0,0.0,1.0,1.0,1.0,1.0,1.0,0.0,1.0,0.0,0.0,0.0,0.0,1.0,0.0,0.0,1.0,0.0,0.0,0.0,0.0,0.0,Manual Review,1
CLM-01238,589.96,36.0,919.0,177.0,21.0,0.43,0.0,2.0,1.0,0.0,1.0,1.0,0.0,0.0,1.0,0.0,0.0,0.0,0.0,0.0,1.0,0.0,0.0,1.0,0.0,0.0,0.0,0.0,Manual Review,1
CLM-01285,689.81,12.0,34.0,331.0,3.0,0.242,1.0,0.0,0.0,1.0,1.0,1.0,1.0,1.0,1.0,0.0,0.0,0.0,1.0,0.0,0.0,0.0,0.0,1.0,0.0,0.0,0.0,0.0,Manual Review,1
CLM-01468,1187.09,24.0,754.0,-23.0,3.0,0.877,1.0,0.0,0.0,1.0,1.0,1.0,1.0,0.0,1.0,1.0,0.0,0.0,1.0,0.0,0.0,1.0,0.0,0.0,0.0,0.0,0.0,0.0,Invalid Claim,0
CLM-01224,439.2,24.0,903.0,-172.0,5.0,0.904,1.0,0.0,0.0,1.0,1.0,1.0,1.0,1.0,1.0,1.0,0.0,0.0,0.0,0.0,1.0,1.0,0.0,0.0,0.0,0.0,0.0,0.0,Manual Review,1
CLM-00706,247.38,36.0,381.0,715.0,1.0,0.696,0.0,0.0,0.0,1.0,1.0,1.0,1.0,0.0,1.0,0.0,0.0,0.0,0.0,1.0,0.0,1.0,0.0,0.0,0.0,0.0,0.0,0.0,Valid Claim,2
CLM-01241,330.58,36.0,604.0,492.0,5.0,0.61,1.0,1.0,0.0,0.0,1.0,1.0,1.0,0.0,0.0,0.0,0.0,0.0,0.0,1.0,0.0,1.0,0.0,0.0,0.0,0.0,0.0,0.0,Manual Review,1
CLM-00563,392.66,48.0,1556.0,-95.0,37.0,0.801,0.0,1.0,1.0,1.0,0.0,1.0,1.0,0.0,1.0,0.0,0.0,0.0,0.0,0.0,1.0,1.0,0.0,0.0,0.0,0.0,0.0,0.0,Invalid Claim,0
CLM-01491,345.94,36.0,791.0,305.0,2.0,0.493,0.0,0.0,1.0,1.0,1.0,1.0,1.0,0.0,1.0,0.0,1.0,0.0,1.0,0.0,0.0,0.0,0.0,0.0,0.0,1.0,0.0,0.0,Manual Review,1
CLM-00513,539.43,24.0,402.0,329.0,2.0,0.634,1.0,1.0,0.0,1.0,1.0,1.0,0.0,0.0,1.0,0.0,0.0,0.0,0.0,0.0,1.0,0.0,1.0,0.0,0.0,0.0,0.0,0.0,Manual Review,1
CLM-00166,625.9,24.0,678.0,53.0,10.0,0.559,0.0,0.0,0.0,1.0,1.0,1.0,1.0,0.0,1.0,0.0,0.0,0.0,0.0,0.0,1.0,0.0,0.0,0.0,1.0,0.0,0.0,0.0,Valid Claim,2
CLM-00255,483.74,36.0,770.0,326.0,774.0,0.405,0.0,2.0,0.0,1.0,1.0,0.0,0.0,0.0,1.0,0.0,0.0,1.0,0.0,0.0,1.0,0.0,0.0,0.0,0.0,0.0,0.0,1.0,Manual Review,1
CLM-00629,528.97,48.0,1455.0,6.0,0.0,0.249,0.0,0.0,1.0,1.0,1.0,1.0,1.0,0.0,1.0,0.0,0.0,0.0,0.0,1.0,0.0,0.0,1.0,0.0,0.0,0.0,0.0,0.0,Valid Claim,2
CLM-00630,375.63,24.0,726.0,5.0,1.0,0.863,0.0,0.0,0.0,1.0,1.0,1.0,1.0,0.0,1.0,0.0,0.0,0.0,0.0,0.0,1.0,1.0,0.0,0.0,0.0,0.0,0.0,0.0,Valid Claim,2
CLM-00680,400.5,24.0,124.0,607.0,5.0,0.868,0.0,1.0,0.0,1.0,1.0,1.0,0.0,0.0,1.0,0.0,0.0,0.0,0.0,1.0,0.0,1.0,0.0,0.0,0.0,0.0,0.0,0.0,Valid Claim,2
CLM-00343,524.3,24.0,232.0,499.0,2.0,0.396,0.0,0.0,0.0,1.0,1.0,1.0,1.0,0.0,1.0,0.0,0.0,0.0,0.0,1.0,0.0,0.0,0.0,0.0,0.0,0.0,1.0,0.0,Manual Review,1
CLM-01412,737.01,36.0,1207.0,-111.0,12.0,0.659,0.0,0.0,0.0,1.0,1.0,1.0,1.0,0.0,1.0,0.0,0.0,0.0,0.0,0.0,1.0,0.0,0.0,0.0,0.0,0.0,0.0,1.0,Invalid Claim,0
CLM-00049,822.5,24.0,711.0,20.0,1.0,0.935,1.0,0.0,0.0,1.0,1.0,1.0,1.0,1.0,1.0,1.0,0.0,0.0,0.0,0.0,1.0,0.0,0.0,0.0,1.0,0.0,0.0,0.0,Invalid Claim,0
CLM-00454,570.46,24.0,89.0,642.0,2.0,0.735,1.0,1.0,0.0,1.0,0.0,1.0,1.0,0.0,1.0,1.0,0.0,0.0,1.0,0.0,0.0,0.0,0.0,0.0,0.0,0.0,1.0,0.0,Invalid Claim,0
CLM-00084,676.07,24.0,725.0,6.0,758.0,0.63,1.0,0.0,0.0,1.0,1.0,1.0,1.0,1.0,0.0,0.0,0.0,1.0,1.0,0.0,0.0,0.0,0.0,0.0,0.0,1.0,0.0,0.0,Invalid Claim,0
CLM-01422,1735.18,24.0,490.0,241.0,4.0,0.874,0.0,0.0,0.0,1.0,1.0,1.0,1.0,0.0,1.0,0.0,0.0,0.0,0.0,1.0,0.0,1.0,0.0,0.0,0.0,0.0,0.0,0.0,Valid Claim,2
CLM-00401,216.16,24.0,46.0,685.0,9.0,0.619,0.0,0.0,0.0,1.0,1.0,1.0,1.0,0.0,1.0,0.0,0.0,0.0,1.0,0.0,0.0,0.0,0.0,0.0,0.0,0.0,1.0,0.0,Invalid Claim,0
CLM-01120,631.6,36.0,707.0,389.0,1.0,0.563,2.0,0.0,1.0,1.0,1.0,1.0,1.0,1.0,1.0,1.0,0.0,0.0,0.0,1.0,0.0,0.0,1.0,0.0,0.0,0.0,0.0,0.0,Invalid Claim,0
CLM-00978,812.7,24.0,667.0,64.0,6.0,0.73,0.0,0.0,0.0,1.0,1.0,1.0,1.0,0.0,1.0,0.0,0.0,0.0,0.0,0.0,1.0,1.0,0.0,0.0,0.0,0.0,0.0,0.0,Valid Claim,2
CLM-01416,512.35,36.0,464.0,632.0,0.0,0.456,0.0,0.0,1.0,1.0,1.0,1.0,1.0,0.0,1.0,0.0,0.0,0.0,0.0,0.0,1.0,0.0,1.0,0.0,0.0,0.0,0.0,0.0,Valid Claim,2
CLM-01473,827.65,36.0,296.0,800.0,2.0,0.133,0.0,1.0,1.0,1.0,1.0,0.0,1.0,0.0,1.0,0.0,0.0,0.0,0.0,0.0,1.0,0.0,1.0,0.0,0.0,0.0,0.0,0.0,Valid Claim,2
CLM-00209,1751.1,24.0,480.0,251.0,1.0,0.665,0.0,1.0,0.0,1.0,1.0,1.0,0.0,0.0,1.0,0.0,0.0,0.0,1.0,0.0,0.0,1.0,0.0,0.0,0.0,0.0,0.0,0.0,Valid Claim,2
CLM-01351,739.35,24.0,585.0,146.0,26.0,0.696,0.0,0.0,1.0,1.0,1.0,1.0,1.0,0.0,1.0,0.0,0.0,0.0,1.0,0.0,0.0,1.0,0.0,0.0,0.0,0.0,0.0,0.0,Valid Claim,2
CLM-00634,1013.51,24.0,605.0,126.0,13.0,0.467,0.0,2.0,0.0,1.0,0.0,1.0,0.0,0.0,1.0,0.0,0.0,0.0,1.0,0.0,0.0,1.0,0.0,0.0,0.0,0.0,0.0,0.0,Manual Review,1
CLM-01399,2897.52,36.0,1087.0,9.0,12.0,0.475,0.0,0.0,0.0,1.0,1.0,1.0,1.0,0.0,1.0,0.0,0.0,0.0,0.0,0.0,1.0,1.0,0.0,0.0,0.0,0.0,0.0,0.0,Valid Claim,2
CLM-00076,1006.69,36.0,1105.0,-9.0,0.0,0.909,0.0,0.0,0.0,1.0,1.0,1.0,1.0,0.0,1.0,0.0,0.0,0.0,0.0,1.0,0.0,1.0,0.0,0.0,0.0,0.0,0.0,0.0,Manual Review,1
CLM-01380,937.58,24.0,751.0,-20.0,7.0,0.615,0.0,0.0,1.0,1.0,1.0,1.0,1.0,0.0,1.0,0.0,0.0,0.0,1.0,0.0,0.0,1.0,0.0,0.0,0.0,0.0,0.0,0.0,Invalid Claim,0
CLM-00631,742.9,36.0,368.0,728.0,19.0,0.372,0.0,1.0,0.0,1.0,1.0,1.0,0.0,0.0,0.0,0.0,0.0,0.0,0.0,1.0,0.0,0.0,0.0,0.0,0.0,0.0,1.0,0.0,Invalid Claim,0
CLM-00516,791.64,24.0,337.0,394.0,0.0,0.732,0.0,0.0,0.0,1.0,1.0,1.0,1.0,0.0,1.0,0.0,0.0,0.0,1.0,0.0,0.0,1.0,0.0,0.0,0.0,0.0,0.0,0.0,Valid Claim,2
CLM-00603,408.81,36.0,279.0,817.0,10.0,0.666,3.0,0.0,0.0,1.0,1.0,1.0,1.0,1.0,1.0,0.0,0.0,0.0,0.0,1.0,0.0,0.0,0.0,0.0,0.0,0.0,1.0,0.0,Invalid Claim,0
CLM-01269,1221.83,48.0,299.0,1162.0,10.0,0.559,1.0,0.0,1.0,1.0,1.0,1.0,1.0,0.0,1.0,1.0,0.0,0.0,0.0,0.0,1.0,0.0,0.0,1.0,0.0,0.0,0.0,0.0,Invalid Claim,0
CLM-00773,660.51,36.0,271.0,825.0,0.0,0.724,0.0,1.0,0.0,1.0,1.0,1.0,0.0,0.0,1.0,0.0,0.0,0.0,0.0,1.0,0.0,1.0,0.0,0.0,0.0,0.0,0.0,0.0,Valid Claim,2
CLM-00087,683.29,24.0,921.0,-190.0,1.0,0.9,0.0,0.0,0.0,1.0,1.0,1.0,1.0,0.0,1.0,0.0,0.0,0.0,1.0,0.0,0.0,0.0,0.0,0.0,1.0,0.0,0.0,0.0,Invalid Claim,0
CLM-00247,602.15,24.0,474.0,257.0,10.0,0.507,3.0,0.0,0.0,1.0,1.0,1.0,1.0,1.0,1.0,0.0,0.0,0.0,0.0,1.0,0.0,0.0,0.0,0.0,1.0,0.0,0.0,0.0,Manual Review,1
CLM-00507,253.73,24.0,437.0,294.0,4.0,0.398,0.0,0.0,0.0,1.0,1.0,1.0,1.0,0.0,1.0,0.0,0.0,0.0,0.0,0.0,1.0,0.0,0.0,0.0,1.0,0.0,0.0,0.0,Valid Claim,2
CLM-00370,329.12,36.0,655.0,441.0,689.0,0.36,0.0,0.0,0.0,1.0,1.0,1.0,1.0,0.0,1.0,0.0,0.0,1.0,0.0,0.0,1.0,0.0,0.0,0.0,1.0,0.0,0.0,0.0,Manual Review,1
CLM-00851,515.38,24.0,486.0,245.0,12.0,0.538,1.0,2.0,0.0,0.0,1.0,0.0,1.0,1.0,1.0,1.0,0.0,0.0,0.0,0.0,1.0,0.0,1.0,0.0,0.0,0.0,0.0,0.0,Invalid Claim,0
CLM-01216,1047.81,36.0,706.0,390.0,4.0,0.818,0.0,0.0,0.0,1.0,1.0,1.0,1.0,0.0,1.0,0.0,0.0,0.0,0.0,0.0,1.0,0.0,0.0,0.0,1.0,0.0,0.0,0.0,Invalid Claim,0
CLM-01252,556.16,48.0,1454.0,7.0,4.0,0.333,1.0,1.0,1.0,0.0,1.0,1.0,1.0,1.0,1.0,0.0,0.0,0.0,0.0,0.0,1.0,0.0,0.0,0.0,0.0,0.0,0.0,1.0,Manual Review,1
CLM-01132,499.02,36.0,876.0,220.0,1.0,0.274,1.0,0.0,1.0,1.0,1.0,1.0,1.0,0.0,1.0,0.0,0.0,0.0,0.0,0.0,1.0,0.0,0.0,0.0,0.0,1.0,0.0,0.0,Manual Review,1
CLM-00553,518.33,12.0,367.0,-2.0,21.0,0.557,0.0,2.0,0.0,1.0,0.0,1.0,0.0,0.0,1.0,0.0,0.0,0.0,1.0,0.0,0.0,0.0,0.0,0.0,0.0,0.0,1.0,0.0,Invalid Claim,0
CLM-00429,1004.16,24.0,721.0,10.0,12.0,0.484,0.0,0.0,0.0,1.0,1.0,1.0,1.0,0.0,1.0,0.0,0.0,0.0,0.0,1.0,0.0,0.0,1.0,0.0,0.0,0.0,0.0,0.0,Valid Claim,2
CLM-00719,496.88,12.0,233.0,132.0,4.0,0.781,0.0,0.0,0.0,1.0,1.0,1.0,1.0,0.0,0.0,0.0,0.0,0.0,1.0,0.0,0.0,0.0,0.0,1.0,0.0,0.0,0.0,0.0,Invalid Claim,0
CLM-00254,899.8,24.0,773.0,-42.0,804.0,0.558,0.0,1.0,0.0,1.0,1.0,0.0,1.0,0.0,1.0,0.0,0.0,1.0,0.0,1.0,0.0,0.0,1.0,0.0,0.0,0.0,0.0,0.0,Invalid Claim,0
CLM-00483,700.84,12.0,544.0,-179.0,9.0,0.642,1.0,0.0,0.0,1.0,1.0,1.0,1.0,1.0,1.0,0.0,0.0,0.0,1.0,0.0,0.0,0.0,0.0,0.0,0.0,1.0,0.0,0.0,Invalid Claim,0
CLM-00592,594.46,36.0,871.0,225.0,10.0,0.862,0.0,0.0,1.0,1.0,1.0,1.0,1.0,0.0,1.0,0.0,0.0,0.0,0.0,0.0,1.0,1.0,0.0,0.0,0.0,0.0,0.0,0.0,Valid Claim,2
CLM-01331,227.58,36.0,1082.0,14.0,3.0,0.537,1.0,2.0,0.0,1.0,0.0,0.0,1.0,1.0,1.0,0.0,0.0,0.0,0.0,0.0,1.0,0.0,0.0,0.0,1.0,0.0,0.0,0.0,Manual Review,1
CLM-00855,788.18,36.0,754.0,342.0,6.0,0.647,1.0,0.0,0.0,1.0,1.0,1.0,1.0,1.0,1.0,1.0,0.0,0.0,0.0,1.0,0.0,1.0,0.0,0.0,0.0,0.0,0.0,0.0,Invalid Claim,0
CLM-01185,390.28,36.0,1108.0,-12.0,2.0,0.263,2.0,0.0,0.0,1.0,1.0,1.0,1.0,0.0,1.0,0.0,1.0,0.0,0.0,0.0,1.0,0.0,1.0,0.0,0.0,0.0,0.0,0.0,Manual Review,1
CLM-00224,576.75,36.0,597.0,499.0,28.0,0.804,0.0,0.0,0.0,1.0,1.0,1.0,1.0,0.0,0.0,0.0,0.0,0.0,0.0,1.0,0.0,1.0,0.0,0.0,0.0,0.0,0.0,0.0,Invalid Claim,0
CLM-00733,1396.2,12.0,131.0,234.0,10.0,0.763,0.0,1.0,0.0,0.0,1.0,1.0,1.0,0.0,1.0,0.0,0.0,0.0,1.0,0.0,0.0,1.0,0.0,0.0,0.0,0.0,0.0,0.0,Manual Review,1
CLM-00405,696.13,36.0,60.0,1036.0,14.0,0.547,0.0,0.0,0.0,1.0,1.0,1.0,1.0,0.0,1.0,0.0,0.0,0.0,0.0,1.0,0.0,1.0,0.0,0.0,0.0,0.0,0.0,0.0,Valid Claim,2
CLM-00358,502.87,12.0,39.0,326.0,9.0,0.732,0.0,1.0,0.0,1.0,1.0,1.0,0.0,0.0,1.0,0.0,0.0,0.0,1.0,0.0,0.0,0.0,0.0,0.0,0.0,1.0,0.0,0.0,Invalid Claim,0
CLM-00056,1727.29,12.0,323.0,42.0,0.0,0.58,0.0,2.0,0.0,0.0,0.0,1.0,1.0,0.0,0.0,0.0,0.0,0.0,1.0,0.0,0.0,0.0,0.0,0.0,0.0,1.0,0.0,0.0,Invalid Claim,0
CLM-00617,946.96,24.0,509.0,222.0,5.0,0.484,1.0,0.0,0.0,1.0,1.0,1.0,1.0,1.0,1.0,0.0,0.0,0.0,0.0,1.0,0.0,1.0,0.0,0.0,0.0,0.0,0.0,0.0,Valid Claim,2
CLM-00359,924.48,24.0,749.0,-18.0,2.0,0.242,0.0,0.0,0.0,1.0,1.0,1.0,1.0,0.0,1.0,0.0,0.0,0.0,0.0,1.0,0.0,0.0,0.0,0.0,0.0,1.0,0.0,0.0,Invalid Claim,0
CLM-01312,483.43,24.0,16.0,715.0,2.0,0.474,0.0,1.0,0.0,1.0,1.0,0.0,1.0,0.0,1.0,0.0,0.0,0.0,0.0,0.0,1.0,0.0,0.0,0.0,0.0,0.0,0.0,1.0,Manual Review,1
CLM-00146,1157.34,36.0,476.0,620.0,13.0,0.52,0.0,0.0,0.0,1.0,1.0,1.0,1.0,0.0,0.0,0.0,0.0,0.0,0.0,0.0,1.0,0.0,0.0,0.0,1.0,0.0,0.0,0.0,Manual Review,1
CLM-00430,597.1,12.0,276.0,89.0,6.0,0.519,0.0,1.0,0.0,1.0,0.0,1.0,1.0,0.0,1.0,0.0,0.0,0.0,1.0,0.0,0.0,0.0,0.0,1.0,0.0,0.0,0.0,0.0,Manual Review,1
CLM-00173,1178.97,24.0,746.0,-15.0,0.0,0.592,1.0,0.0,0.0,1.0,1.0,1.0,1.0,0.0,1.0,0.0,0.0,0.0,1.0,0.0,0.0,0.0,0.0,0.0,0.0,1.0,0.0,0.0,Invalid Claim,0
CLM-00133,545.23,24.0,322.0,409.0,3.0,0.524,0.0,1.0,0.0,0.0,1.0,1.0,1.0,0.0,1.0,0.0,0.0,0.0,0.0,1.0,0.0,1.0,0.0,0.0,0.0,0.0,0.0,0.0,Manual Review,1
CLM-01336,869.9,24.0,676.0,55.0,1.0,0.804,1.0,0.0,0.0,1.0,1.0,1.0,1.0,1.0,1.0,1.0,1.0,0.0,0.0,1.0,0.0,1.0,0.0,0.0,0.0,0.0,0.0,0.0,Invalid Claim,0
CLM-00999,499.46,36.0,1105.0,-9.0,9.0,0.733,3.0,1.0,0.0,0.0,1.0,1.0,1.0,1.0,1.0,0.0,0.0,0.0,0.0,0.0,1.0,1.0,0.0,0.0,0.0,0.0,0.0,0.0,Manual Review,1
CLM-01315,406.14,36.0,677.0,419.0,4.0,0.381,2.0,1.0,1.0,1.0,1.0,1.0,0.0,0.0,1.0,0.0,0.0,0.0,0.0,1.0,0.0,0.0,1.0,0.0,0.0,0.0,0.0,0.0,Manual Review,1
CLM-00268,962.73,24.0,564.0,167.0,3.0,0.595,1.0,0.0,0.0,1.0,1.0,1.0,1.0,1.0,1.0,0.0,0.0,0.0,0.0,0.0,1.0,0.0,1.0,0.0,0.0,0.0,0.0,0.0,Valid Claim,2
CLM-00818,512.7,24.0,209.0,522.0,1.0,0.469,0.0,1.0,0.0,0.0,1.0,1.0,1.0,0.0,1.0,0.0,0.0,0.0,0.0,1.0,0.0,0.0,0.0,1.0,0.0,0.0,0.0,0.0,Manual Review,1
CLM-00580,961.08,24.0,701.0,30.0,16.0,0.74,1.0,1.0,0.0,1.0,0.0,1.0,1.0,0.0,0.0,1.0,0.0,0.0,0.0,1.0,0.0,1.0,0.0,0.0,0.0,0.0,0.0,0.0,Invalid Claim,0
CLM-00950,619.64,36.0,1204.0,-108.0,3.0,0.365,0.0,0.0,1.0,1.0,1.0,1.0,1.0,0.0,1.0,0.0,0.0,0.0,1.0,0.0,0.0,0.0,0.0,0.0,0.0,1.0,0.0,0.0,Invalid Claim,0
CLM-00459,619.01,48.0,537.0,924.0,5.0,0.557,0.0,0.0,1.0,1.0,1.0,1.0,1.0,0.0,1.0,0.0,0.0,0.0,0.0,0.0,1.0,0.0,1.0,0.0,0.0,0.0,0.0,0.0,Valid Claim,2
CLM-00155,263.65,36.0,1390.0,-294.0,18.0,0.387,1.0,0.0,0.0,1.0,1.0,1.0,1.0,1.0,1.0,0.0,0.0,0.0,0.0,1.0,0.0,0.0,0.0,1.0,0.0,0.0,0.0,0.0,Invalid Claim,0
CLM-00465,1965.43,24.0,258.0,473.0,3.0,0.592,0.0,1.0,0.0,1.0,0.0,1.0,1.0,0.0,1.0,0.0,0.0,0.0,0.0,0.0,1.0,0.0,0.0,0.0,1.0,0.0,0.0,0.0,Valid Claim,2
CLM-01056,684.99,24.0,368.0,363.0,9.0,0.274,0.0,1.0,0.0,1.0,0.0,1.0,1.0,0.0,1.0,0.0,0.0,0.0,0.0,0.0,1.0,0.0,1.0,0.0,0.0,0.0,0.0,0.0,Valid Claim,2
CLM-00213,534.05,12.0,376.0,-11.0,0.0,0.335,0.0,1.0,0.0,1.0,1.0,1.0,0.0,0.0,1.0,0.0,0.0,0.0,1.0,0.0,0.0,0.0,0.0,0.0,0.0,0.0,1.0,0.0,Invalid Claim,0
CLM-00557,1605.48,48.0,28.0,1433.0,0.0,0.422,1.0,0.0,1.0,1.0,1.0,1.0,1.0,1.0,1.0,0.0,0.0,0.0,0.0,0.0,1.0,0.0,0.0,0.0,1.0,0.0,0.0,0.0,Valid Claim,2
CLM-01065,867.23,36.0,350.0,746.0,3.0,0.724,2.0,1.0,0.0,1.0,1.0,1.0,0.0,1.0,1.0,1.0,0.0,0.0,0.0,1.0,0.0,1.0,0.0,0.0,0.0,0.0,0.0,0.0,Invalid Claim,0
CLM-00769,394.59,36.0,745.0,351.0,1.0,0.429,1.0,1.0,0.0,0.0,1.0,1.0,1.0,1.0,1.0,1.0,0.0,0.0,0.0,0.0,1.0,0.0,0.0,0.0,0.0,0.0,1.0,0.0,Invalid Claim,0
CLM-01004,374.62,24.0,731.0,0.0,14.0,0.95,0.0,1.0,0.0,1.0,1.0,1.0,0.0,0.0,1.0,0.0,0.0,0.0,0.0,0.0,1.0,1.0,0.0,0.0,0.0,0.0,0.0,0.0,Valid Claim,2
CLM-00272,584.5,48.0,177.0,1284.0,12.0,0.317,1.0,0.0,1.0,1.0,1.0,1.0,1.0,0.0,1.0,0.0,0.0,0.0,0.0,0.0,1.0,0.0,0.0,0.0,1.0,0.0,0.0,0.0,Valid Claim,2
CLM-01244,291.37,12.0,368.0,-3.0,0.0,0.659,1.0,1.0,0.0,1.0,1.0,0.0,1.0,1.0,1.0,0.0,0.0,0.0,1.0,0.0,0.0,0.0,1.0,0.0,0.0,0.0,0.0,0.0,Manual Review,1
CLM-00381,528.08,24.0,601.0,130.0,1.0,0.184,0.0,3.0,0.0,1.0,0.0,0.0,0.0,0.0,1.0,0.0,0.0,0.0,0.0,1.0,0.0,0.0,0.0,0.0,0.0,0.0,0.0,1.0,Manual Review,1
CLM-01160,322.0,12.0,241.0,124.0,7.0,0.789,1.0,1.0,0.0,0.0,1.0,1.0,1.0,1.0,0.0,0.0,0.0,0.0,1.0,0.0,0.0,1.0,0.0,0.0,0.0,0.0,0.0,0.0,Manual Review,1
CLM-00443,244.75,24.0,420.0,311.0,3.0,0.527,1.0,0.0,0.0,1.0,1.0,1.0,1.0,1.0,1.0,0.0,0.0,0.0,0.0,1.0,0.0,1.0,0.0,0.0,0.0,0.0,0.0,0.0,Valid Claim,2
CLM-01176,674.64,24.0,243.0,488.0,9.0,0.664,0.0,1.0,0.0,0.0,1.0,1.0,1.0,0.0,1.0,0.0,0.0,0.0,0.0,0.0,1.0,0.0,1.0,0.0,0.0,0.0,0.0,0.0,Manual Review,1
CLM-00330,1109.27,12.0,299.0,66.0,3.0,0.768,0.0,0.0,0.0,1.0,1.0,1.0,1.0,0.0,1.0,0.0,0.0,0.0,1.0,0.0,0.0,1.0,0.0,0.0,0.0,0.0,0.0,0.0,Valid Claim,2
CLM-00327,1511.83,48.0,113.0,1348.0,5.0,0.687,0.0,1.0,1.0,1.0,1.0,1.0,0.0,0.0,1.0,0.0,0.0,0.0,0.0,1.0,0.0,0.0,0.0,1.0,0.0,0.0,0.0,0.0,Valid Claim,2
CLM-01209,828.09,36.0,1352.0,-256.0,69.0,0.225,0.0,0.0,0.0,1.0,1.0,1.0,1.0,0.0,1.0,0.0,0.0,0.0,0.0,1.0,0.0,0.0,1.0,0.0,0.0,0.0,0.0,0.0,Invalid Claim,0
CLM-01326,983.17,36.0,79.0,1017.0,7.0,0.615,1.0,2.0,1.0,0.0,1.0,1.0,0.0,0.0,1.0,1.0,0.0,0.0,1.0,0.0,0.0,0.0,0.0,0.0,0.0,0.0,1.0,0.0,Invalid Claim,0
CLM-00235,307.26,12.0,162.0,203.0,179.0,0.352,2.0,1.0,0.0,1.0,0.0,1.0,1.0,1.0,1.0,0.0,0.0,1.0,1.0,0.0,0.0,0.0,0.0,0.0,0.0,1.0,0.0,0.0,Manual Review,1
CLM-00313,406.36,36.0,460.0,636.0,5.0,0.73,0.0,1.0,0.0,1.0,1.0,0.0,1.0,0.0,1.0,0.0,0.0,0.0,0.0,0.0,1.0,0.0,1.0,0.0,0.0,0.0,0.0,0.0,Valid Claim,2
CLM-00813,855.07,36.0,682.0,414.0,2.0,0.548,0.0,0.0,0.0,1.0,1.0,1.0,1.0,0.0,1.0,0.0,0.0,0.0,0.0,0.0,1.0,1.0,0.0,0.0,0.0,0.0,0.0,0.0,Valid Claim,2
CLM-00006,1089.71,24.0,974.0,-243.0,4.0,0.194,1.0,0.0,0.0,1.0,1.0,1.0,1.0,0.0,1.0,0.0,0.0,0.0,0.0,1.0,0.0,0.0,0.0,0.0,0.0,1.0,0.0,0.0,Invalid Claim,0
CLM-01221,563.79,36.0,1085.0,11.0,1.0,0.674,0.0,0.0,1.0,1.0,1.0,1.0,1.0,0.0,1.0,0.0,0.0,0.0,1.0,0.0,0.0,0.0,0.0,0.0,0.0,0.0,1.0,0.0,Invalid Claim,0
CLM-00726,296.56,36.0,534.0,562.0,11.0,0.666,0.0,0.0,0.0,1.0,1.0,1.0,1.0,0.0,1.0,0.0,0.0,0.0,0.0,0.0,1.0,1.0,0.0,0.0,0.0,0.0,0.0,0.0,Valid Claim,2
CLM-00489,792.51,24.0,218.0,513.0,0.0,0.489,0.0,0.0,0.0,1.0,1.0,1.0,1.0,0.0,1.0,0.0,1.0,0.0,0.0,0.0,1.0,0.0,0.0,1.0,0.0,0.0,0.0,0.0,Manual Review,1
CLM-00511,1101.9,36.0,874.0,222.0,15.0,0.568,1.0,0.0,0.0,1.0,1.0,1.0,1.0,1.0,1.0,0.0,0.0,0.0,0.0,0.0,1.0,0.0,0.0,0.0,0.0,0.0,0.0,1.0,Valid Claim,2
CLM-00579,472.33,48.0,1072.0,389.0,1.0,0.753,0.0,0.0,1.0,1.0,1.0,1.0,1.0,0.0,1.0,0.0,0.0,0.0,0.0,0.0,1.0,1.0,0.0,0.0,0.0,0.0,0.0,0.0,Valid Claim,2
CLM-00467,859.48,24.0,878.0,-147.0,3.0,0.733,1.0,0.0,1.0,1.0,1.0,1.0,1.0,0.0,1.0,0.0,0.0,0.0,1.0,0.0,0.0,1.0,0.0,0.0,0.0,0.0,0.0,0.0,Invalid Claim,0
CLM-00030,631.85,36.0,372.0,724.0,4.0,0.415,1.0,1.0,0.0,0.0,1.0,1.0,1.0,1.0,1.0,0.0,0.0,0.0,0.0,0.0,1.0,0.0,0.0,0.0,1.0,0.0,0.0,0.0,Manual Review,1
CLM-01253,1093.25,36.0,850.0,246.0,6.0,0.52,0.0,0.0,0.0,1.0,1.0,1.0,1.0,0.0,1.0,0.0,0.0,0.0,0.0,1.0,0.0,0.0,1.0,0.0,0.0,0.0,0.0,0.0,Valid Claim,2
CLM-00920,1631.99,48.0,297.0,1164.0,10.0,0.647,0.0,0.0,1.0,1.0,1.0,1.0,1.0,0.0,1.0,0.0,0.0,0.0,0.0,0.0,1.0,0.0,0.0,0.0,1.0,0.0,0.0,0.0,Valid Claim,2
CLM-00678,346.54,24.0,280.0,451.0,10.0,0.586,0.0,2.0,0.0,1.0,0.0,1.0,0.0,0.0,1.0,0.0,0.0,0.0,0.0,1.0,0.0,0.0,0.0,0.0,0.0,0.0,1.0,0.0,Invalid Claim,0
CLM-00953,363.0,36.0,505.0,591.0,14.0,0.47,1.0,0.0,1.0,1.0,1.0,1.0,1.0,1.0,1.0,0.0,0.0,0.0,1.0,0.0,0.0,1.0,0.0,0.0,0.0,0.0,0.0,0.0,Valid Claim,2
CLM-01064,1148.04,24.0,440.0,291.0,2.0,0.536,0.0,0.0,0.0,1.0,1.0,1.0,1.0,0.0,1.0,0.0,0.0,0.0,1.0,0.0,0.0,1.0,0.0,0.0,0.0,0.0,0.0,0.0,Valid Claim,2
CLM-00903,338.14,36.0,1367.0,-271.0,14.0,0.448,0.0,2.0,1.0,1.0,1.0,0.0,0.0,0.0,1.0,0.0,1.0,0.0,0.0,1.0,0.0,0.0,0.0,0.0,0.0,1.0,0.0,0.0,Invalid Claim,0
CLM-01146,980.41,24.0,672.0,59.0,9.0,0.894,1.0,0.0,1.0,1.0,1.0,1.0,1.0,1.0,0.0,0.0,0.0,0.0,1.0,0.0,0.0,1.0,0.0,0.0,0.0,0.0,0.0,0.0,Invalid Claim,0
CLM-01415,357.17,24.0,375.0,356.0,4.0,0.273,2.0,0.0,0.0,1.0,1.0,1.0,1.0,1.0,1.0,0.0,0.0,0.0,1.0,0.0,0.0,0.0,0.0,0.0,0.0,1.0,0.0,0.0,Manual Review,1
CLM-01142,642.78,24.0,608.0,123.0,19.0,0.478,0.0,0.0,0.0,1.0,1.0,1.0,1.0,0.0,1.0,0.0,0.0,0.0,0.0,1.0,0.0,1.0,0.0,0.0,0.0,0.0,0.0,0.0,Valid Claim,2
CLM-01349,178.52,48.0,1782.0,-321.0,23.0,0.958,0.0,0.0,1.0,1.0,1.0,1.0,1.0,0.0,1.0,0.0,0.0,0.0,0.0,0.0,1.0,1.0,0.0,0.0,0.0,0.0,0.0,0.0,Invalid Claim,0
CLM-00211,1480.35,36.0,265.0,831.0,9.0,0.457,0.0,1.0,1.0,1.0,1.0,1.0,0.0,0.0,1.0,0.0,0.0,0.0,0.0,1.0,0.0,0.0,0.0,0.0,1.0,0.0,0.0,0.0,Valid Claim,2
CLM-00394,392.29,36.0,1163.0,-67.0,0.0,0.674,0.0,1.0,1.0,1.0,1.0,1.0,0.0,0.0,1.0,0.0,0.0,0.0,0.0,0.0,1.0,0.0,0.0,0.0,0.0,0.0,0.0,1.0,Invalid Claim,0
CLM-00281,940.68,48.0,1464.0,-3.0,13.0,0.82,0.0,1.0,1.0,1.0,1.0,1.0,0.0,0.0,1.0,0.0,0.0,0.0,0.0,1.0,0.0,1.0,0.0,0.0,0.0,0.0,0.0,0.0,Manual Review,1
CLM-00756,616.28,12.0,89.0,276.0,3.0,0.867,0.0,0.0,0.0,1.0,1.0,1.0,1.0,0.0,1.0,0.0,0.0,0.0,1.0,0.0,0.0,1.0,0.0,0.0,0.0,0.0,0.0,0.0,Valid Claim,2
CLM-01014,549.98,24.0,571.0,160.0,14.0,0.857,0.0,1.0,0.0,0.0,1.0,1.0,1.0,0.0,1.0,0.0,0.0,0.0,1.0,0.0,0.0,1.0,0.0,0.0,0.0,0.0,0.0,0.0,Manual Review,1
CLM-00363,1345.41,36.0,1098.0,-2.0,11.0,0.813,1.0,0.0,0.0,1.0,1.0,1.0,1.0,1.0,1.0,0.0,0.0,0.0,0.0,1.0,0.0,1.0,0.0,0.0,0.0,0.0,0.0,0.0,Manual Review,1
CLM-01192,646.84,24.0,275.0,456.0,26.0,0.499,1.0,0.0,0.0,1.0,1.0,1.0,1.0,0.0,1.0,0.0,0.0,0.0,1.0,0.0,0.0,0.0,0.0,0.0,0.0,0.0,1.0,0.0,Manual Review,1
CLM-00005,1966.36,12.0,245.0,120.0,6.0,0.91,0.0,0.0,0.0,1.0,1.0,1.0,1.0,0.0,1.0,0.0,0.0,0.0,1.0,0.0,0.0,1.0,0.0,0.0,0.0,0.0,0.0,0.0,Valid Claim,2
CLM-00234,801.63,24.0,114.0,617.0,5.0,0.741,0.0,0.0,0.0,1.0,1.0,1.0,1.0,0.0,1.0,0.0,0.0,0.0,1.0,0.0,0.0,0.0,0.0,0.0,0.0,0.0,0.0,1.0,Manual Review,1
CLM-00204,529.91,36.0,503.0,593.0,5.0,0.454,0.0,0.0,0.0,1.0,1.0,1.0,1.0,0.0,1.0,0.0,0.0,0.0,0.0,1.0,0.0,0.0,1.0,0.0,0.0,0.0,0.0,0.0,Valid Claim,2
CLM-00174,1058.4,24.0,848.0,-117.0,31.0,0.643,0.0,1.0,0.0,1.0,1.0,1.0,0.0,0.0,1.0,0.0,0.0,0.0,0.0,1.0,0.0,1.0,0.0,0.0,0.0,0.0,0.0,0.0,Invalid Claim,0
CLM-01099,893.68,24.0,45.0,686.0,8.0,0.625,1.0,0.0,0.0,1.0,1.0,1.0,1.0,0.0,0.0,0.0,0.0,0.0,0.0,0.0,1.0,1.0,0.0,0.0,0.0,0.0,0.0,0.0,Invalid Claim,0
CLM-01484,591.08,24.0,341.0,390.0,3.0,0.51,0.0,0.0,0.0,1.0,1.0,1.0,1.0,0.0,1.0,0.0,0.0,0.0,0.0,1.0,0.0,1.0,0.0,0.0,0.0,0.0,0.0,0.0,Valid Claim,2
CLM-00790,176.31,36.0,270.0,826.0,14.0,0.389,1.0,1.0,1.0,1.0,1.0,0.0,1.0,0.0,1.0,1.0,0.0,0.0,0.0,0.0,1.0,0.0,0.0,0.0,0.0,0.0,0.0,1.0,Invalid Claim,0
CLM-00051,424.44,36.0,340.0,756.0,0.0,0.845,0.0,0.0,1.0,1.0,1.0,1.0,1.0,0.0,0.0,0.0,0.0,0.0,1.0,0.0,0.0,0.0,0.0,0.0,1.0,0.0,0.0,0.0,Invalid Claim,0
CLM-00748,228.22,36.0,362.0,734.0,20.0,0.907,0.0,1.0,0.0,1.0,1.0,0.0,1.0,0.0,1.0,0.0,0.0,0.0,0.0,1.0,0.0,1.0,0.0,0.0,0.0,0.0,0.0,0.0,Valid Claim,2
CLM-00695,549.48,24.0,133.0,598.0,19.0,0.876,1.0,2.0,0.0,0.0,1.0,0.0,1.0,1.0,1.0,0.0,0.0,0.0,0.0,0.0,1.0,0.0,0.0,0.0,0.0,0.0,1.0,0.0,Invalid Claim,0
CLM-01110,664.29,24.0,606.0,125.0,8.0,0.77,1.0,0.0,0.0,1.0,1.0,1.0,1.0,1.0,1.0,0.0,0.0,0.0,0.0,0.0,1.0,0.0,0.0,0.0,0.0,0.0,1.0,0.0,Invalid Claim,0
CLM-00305,377.47,36.0,21.0,1075.0,19.0,0.491,0.0,1.0,0.0,1.0,0.0,1.0,1.0,0.0,1.0,0.0,0.0,0.0,0.0,1.0,0.0,0.0,1.0,0.0,0.0,0.0,0.0,0.0,Valid Claim,2
CLM-00498,1714.55,24.0,582.0,149.0,7.0,0.668,0.0,0.0,0.0,1.0,1.0,1.0,1.0,0.0,1.0,0.0,0.0,0.0,1.0,0.0,0.0,1.0,0.0,0.0,0.0,0.0,0.0,0.0,Valid Claim,2
CLM-01283,532.08,24.0,407.0,324.0,23.0,0.819,0.0,0.0,0.0,1.0,1.0,1.0,1.0,0.0,1.0,0.0,0.0,0.0,0.0,1.0,0.0,1.0,0.0,0.0,0.0,0.0,0.0,0.0,Valid Claim,2
CLM-01386,395.8,24.0,444.0,287.0,25.0,0.131,0.0,0.0,0.0,1.0,1.0,1.0,1.0,0.0,1.0,0.0,0.0,0.0,1.0,0.0,0.0,0.0,0.0,0.0,0.0,1.0,0.0,0.0,Manual Review,1
CLM-00902,733.89,36.0,800.0,296.0,2.0,0.56,0.0,1.0,0.0,1.0,1.0,1.0,0.0,0.0,1.0,0.0,0.0,0.0,0.0,0.0,1.0,0.0,1.0,0.0,0.0,0.0,0.0,0.0,Valid Claim,2
CLM-01469,687.56,12.0,725.0,-360.0,7.0,0.727,0.0,0.0,0.0,1.0,1.0,1.0,1.0,0.0,1.0,0.0,0.0,0.0,1.0,0.0,0.0,1.0,0.0,0.0,0.0,0.0,0.0,0.0,Invalid Claim,0
CLM-00063,817.8,24.0,526.0,205.0,1.0,0.362,1.0,0.0,0.0,1.0,1.0,1.0,1.0,1.0,1.0,0.0,0.0,0.0,1.0,0.0,0.0,0.0,1.0,0.0,0.0,0.0,0.0,0.0,Valid Claim,2
CLM-01102,831.3,24.0,375.0,356.0,22.0,0.748,0.0,2.0,0.0,1.0,0.0,1.0,0.0,0.0,1.0,0.0,0.0,0.0,1.0,0.0,0.0,0.0,0.0,1.0,0.0,0.0,0.0,0.0,Invalid Claim,0
CLM-00797,2310.82,12.0,355.0,10.0,0.0,0.416,1.0,1.0,0.0,1.0,1.0,1.0,0.0,0.0,1.0,1.0,0.0,0.0,1.0,0.0,0.0,0.0,0.0,0.0,0.0,0.0,1.0,0.0,Invalid Claim,0
CLM-00474,463.8,24.0,211.0,520.0,8.0,0.345,0.0,1.0,0.0,1.0,1.0,1.0,0.0,0.0,1.0,0.0,0.0,0.0,0.0,0.0,1.0,0.0,1.0,0.0,0.0,0.0,0.0,0.0,Valid Claim,2
CLM-01124,674.67,36.0,461.0,635.0,3.0,0.184,2.0,0.0,0.0,1.0,1.0,1.0,1.0,1.0,1.0,1.0,0.0,0.0,0.0,0.0,1.0,1.0,0.0,0.0,0.0,0.0,0.0,0.0,Invalid Claim,0
CLM-01182,351.08,24.0,325.0,406.0,2.0,0.438,0.0,1.0,0.0,1.0,1.0,1.0,0.0,0.0,1.0,0.0,0.0,0.0,0.0,0.0,1.0,0.0,1.0,0.0,0.0,0.0,0.0,0.0,Valid Claim,2
CLM-01298,743.97,36.0,22.0,1074.0,1.0,0.48,0.0,1.0,1.0,1.0,1.0,0.0,1.0,0.0,1.0,0.0,0.0,0.0,1.0,0.0,0.0,1.0,0.0,0.0,0.0,0.0,0.0,0.0,Valid Claim,2
CLM-01167,759.11,24.0,358.0,373.0,0.0,0.859,1.0,1.0,0.0,0.0,1.0,1.0,1.0,0.0,1.0,0.0,0.0,0.0,0.0,0.0,1.0,1.0,0.0,0.0,0.0,0.0,0.0,0.0,Manual Review,1
CLM-01477,490.89,24.0,576.0,155.0,8.0,0.88,4.0,1.0,0.0,1.0,1.0,1.0,0.0,1.0,1.0,0.0,0.0,0.0,0.0,1.0,0.0,1.0,0.0,0.0,0.0,0.0,0.0,0.0,Manual Review,1
CLM-00996,1308.95,24.0,461.0,270.0,1.0,0.477,0.0,0.0,0.0,1.0,1.0,1.0,1.0,0.0,1.0,0.0,0.0,0.0,0.0,0.0,1.0,0.0,1.0,0.0,0.0,0.0,0.0,0.0,Valid Claim,2
CLM-01388,379.48,24.0,505.0,226.0,28.0,0.593,1.0,1.0,0.0,1.0,1.0,1.0,0.0,1.0,1.0,0.0,0.0,0.0,0.0,1.0,0.0,1.0,0.0,0.0,0.0,0.0,0.0,0.0,Valid Claim,2
CLM-01411,538.53,24.0,715.0,16.0,0.0,0.594,0.0,1.0,0.0,1.0,1.0,0.0,1.0,0.0,1.0,0.0,0.0,0.0,0.0,1.0,0.0,0.0,0.0,0.0,1.0,0.0,0.0,0.0,Valid Claim,2
CLM-01316,789.37,36.0,344.0,752.0,4.0,0.274,3.0,0.0,1.0,1.0,1.0,1.0,1.0,1.0,1.0,0.0,0.0,0.0,0.0,0.0,1.0,0.0,0.0,0.0,1.0,0.0,0.0,0.0,Manual Review,1
CLM-00949,1106.14,24.0,171.0,560.0,14.0,0.397,2.0,0.0,0.0,1.0,1.0,1.0,1.0,1.0,1.0,0.0,0.0,0.0,0.0,0.0,1.0,0.0,1.0,0.0,0.0,0.0,0.0,0.0,Manual Review,1
CLM-01172,765.66,12.0,224.0,141.0,15.0,0.623,1.0,1.0,0.0,1.0,0.0,1.0,1.0,1.0,1.0,1.0,0.0,0.0,1.0,0.0,0.0,0.0,0.0,0.0,1.0,0.0,0.0,0.0,Invalid Claim,0
CLM-01020,912.71,36.0,1086.0,10.0,1.0,0.569,1.0,0.0,0.0,1.0,1.0,1.0,1.0,1.0,1.0,0.0,0.0,0.0,0.0,0.0,1.0,0.0,0.0,0.0,1.0,0.0,0.0,0.0,Valid Claim,2
CLM-00800,545.66,48.0,1595.0,-134.0,12.0,0.67,1.0,0.0,1.0,1.0,1.0,1.0,1.0,0.0,1.0,1.0,0.0,0.0,0.0,0.0,1.0,1.0,0.0,0.0,0.0,0.0,0.0,0.0,Invalid Claim,0
CLM-01372,1118.13,48.0,1500.0,-39.0,16.0,0.326,1.0,0.0,1.0,1.0,1.0,1.0,1.0,1.0,1.0,0.0,0.0,0.0,0.0,1.0,0.0,0.0,0.0,1.0,0.0,0.0,0.0,0.0,Invalid Claim,0
CLM-00399,359.24,24.0,740.0,-9.0,7.0,0.76,1.0,0.0,0.0,1.0,1.0,1.0,1.0,1.0,1.0,0.0,0.0,0.0,0.0,0.0,1.0,1.0,0.0,0.0,0.0,0.0,0.0,0.0,Manual Review,1
CLM-00499,422.82,36.0,1102.0,-6.0,2.0,0.538,0.0,0.0,0.0,1.0,1.0,1.0,1.0,0.0,1.0,0.0,0.0,0.0,0.0,1.0,0.0,0.0,1.0,0.0,0.0,0.0,0.0,0.0,Manual Review,1
CLM-00635,359.91,36.0,1090.0,6.0,17.0,0.708,0.0,0.0,0.0,1.0,1.0,1.0,1.0,0.0,0.0,0.0,0.0,0.0,0.0,1.0,0.0,0.0,1.0,0.0,0.0,0.0,0.0,0.0,Invalid Claim,0
CLM-00031,985.04,24.0,198.0,533.0,0.0,0.526,0.0,0.0,0.0,1.0,1.0,1.0,1.0,0.0,1.0,0.0,1.0,0.0,0.0,1.0,0.0,0.0,1.0,0.0,0.0,0.0,0.0,0.0,Manual Review,1
CLM-01118,1692.42,36.0,1148.0,-52.0,27.0,0.645,0.0,0.0,0.0,1.0,1.0,1.0,1.0,0.0,1.0,0.0,0.0,0.0,0.0,0.0,1.0,0.0,0.0,0.0,1.0,0.0,0.0,0.0,Invalid Claim,0
CLM-00911,728.77,36.0,692.0,404.0,18.0,0.784,3.0,1.0,0.0,1.0,0.0,1.0,1.0,0.0,1.0,0.0,0.0,0.0,0.0,0.0,1.0,0.0,0.0,0.0,1.0,0.0,0.0,0.0,Manual Review,1
CLM-01139,1274.69,24.0,557.0,174.0,1.0,0.429,0.0,0.0,0.0,1.0,1.0,1.0,1.0,0.0,1.0,0.0,0.0,0.0,0.0,1.0,0.0,0.0,1.0,0.0,0.0,0.0,0.0,0.0,Valid Claim,2
CLM-01393,673.16,36.0,149.0,947.0,17.0,0.504,0.0,1.0,1.0,0.0,1.0,1.0,1.0,0.0,1.0,0.0,0.0,0.0,0.0,0.0,1.0,1.0,0.0,0.0,0.0,0.0,0.0,0.0,Manual Review,1
CLM-00354,458.47,24.0,634.0,97.0,636.0,0.544,1.0,0.0,0.0,1.0,1.0,1.0,1.0,1.0,1.0,0.0,0.0,1.0,1.0,0.0,0.0,1.0,0.0,0.0,0.0,0.0,0.0,0.0,Manual Review,1
CLM-00325,746.9,36.0,1087.0,9.0,1.0,0.466,1.0,1.0,1.0,1.0,1.0,1.0,0.0,1.0,1.0,1.0,0.0,0.0,0.0,1.0,0.0,0.0,0.0,0.0,0.0,0.0,0.0,1.0,Invalid Claim,0
CLM-01499,649.07,24.0,715.0,16.0,6.0,0.502,1.0,0.0,0.0,1.0,1.0,1.0,1.0,1.0,1.0,0.0,1.0,0.0,0.0,1.0,0.0,0.0,0.0,0.0,1.0,0.0,0.0,0.0,Manual Review,1
CLM-01089,421.47,24.0,561.0,170.0,9.0,0.959,1.0,0.0,0.0,1.0,1.0,1.0,1.0,1.0,1.0,0.0,0.0,0.0,1.0,0.0,0.0,1.0,0.0,0.0,0.0,0.0,0.0,0.0,Valid Claim,2
CLM-00760,481.34,36.0,1095.0,1.0,12.0,0.432,1.0,2.0,0.0,0.0,1.0,1.0,0.0,1.0,1.0,0.0,0.0,0.0,0.0,1.0,0.0,0.0,1.0,0.0,0.0,0.0,0.0,0.0,Valid Claim,2
CLM-00710,1335.6,24.0,282.0,449.0,17.0,0.563,1.0,0.0,0.0,1.0,1.0,1.0,1.0,0.0,1.0,1.0,0.0,0.0,0.0,1.0,0.0,1.0,0.0,0.0,0.0,0.0,0.0,0.0,Invalid Claim,0
CLM-01129,467.91,24.0,233.0,498.0,1.0,0.603,1.0,2.0,0.0,0.0,1.0,0.0,1.0,0.0,1.0,0.0,0.0,0.0,0.0,1.0,0.0,0.0,1.0,0.0,0.0,0.0,0.0,0.0,Manual Review,1
CLM-00477,470.44,36.0,1088.0,8.0,31.0,0.578,2.0,0.0,1.0,1.0,1.0,1.0,1.0,1.0,0.0,0.0,0.0,0.0,0.0,1.0,0.0,0.0,1.0,0.0,0.0,0.0,0.0,0.0,Invalid Claim,0
CLM-00408,991.05,48.0,1455.0,6.0,10.0,0.529,0.0,0.0,1.0,1.0,1.0,1.0,1.0,0.0,1.0,0.0,0.0,0.0,0.0,1.0,0.0,1.0,0.0,0.0,0.0,0.0,0.0,0.0,Valid Claim,2
CLM-00248,393.66,24.0,733.0,-2.0,2.0,0.822,1.0,0.0,0.0,1.0,1.0,1.0,1.0,1.0,1.0,0.0,0.0,0.0,1.0,0.0,0.0,1.0,0.0,0.0,0.0,0.0,0.0,0.0,Manual Review,1
CLM-00620,550.53,12.0,348.0,17.0,3.0,0.886,0.0,1.0,0.0,1.0,0.0,1.0,1.0,0.0,0.0,0.0,0.0,0.0,1.0,0.0,0.0,1.0,0.0,0.0,0.0,0.0,0.0,0.0,Invalid Claim,0
CLM-00468,430.28,24.0,59.0,672.0,10.0,0.615,0.0,1.0,0.0,0.0,1.0,1.0,1.0,0.0,1.0,0.0,0.0,0.0,0.0,1.0,0.0,0.0,0.0,0.0,1.0,0.0,0.0,0.0,Manual Review,1
CLM-00908,714.72,24.0,705.0,26.0,15.0,0.691,0.0,1.0,0.0,1.0,0.0,1.0,1.0,0.0,1.0,0.0,0.0,0.0,0.0,1.0,0.0,0.0,0.0,1.0,0.0,0.0,0.0,0.0,Valid Claim,2
CLM-01126,315.77,36.0,1398.0,-302.0,4.0,0.773,0.0,1.0,0.0,1.0,1.0,1.0,0.0,0.0,1.0,0.0,0.0,0.0,0.0,1.0,0.0,0.0,0.0,0.0,1.0,0.0,0.0,0.0,Invalid Claim,0
CLM-00357,1483.49,36.0,102.0,994.0,80.0,0.836,1.0,0.0,1.0,1.0,1.0,1.0,1.0,1.0,1.0,0.0,0.0,0.0,0.0,0.0,1.0,0.0,1.0,0.0,0.0,0.0,0.0,0.0,Invalid Claim,0
CLM-01486,707.21,24.0,720.0,11.0,1.0,0.197,1.0,1.0,0.0,1.0,0.0,1.0,1.0,0.0,0.0,0.0,0.0,0.0,0.0,0.0,1.0,0.0,0.0,0.0,1.0,0.0,0.0,0.0,Manual Review,1
CLM-00532,270.89,36.0,660.0,436.0,2.0,0.486,0.0,0.0,0.0,1.0,1.0,1.0,1.0,0.0,1.0,0.0,0.0,0.0,0.0,1.0,0.0,0.0,1.0,0.0,0.0,0.0,0.0,0.0,Valid Claim,2
CLM-00342,601.1,36.0,894.0,202.0,30.0,0.603,0.0,0.0,0.0,1.0,1.0,1.0,1.0,0.0,0.0,0.0,0.0,0.0,0.0,0.0,1.0,0.0,0.0,0.0,1.0,0.0,0.0,0.0,Invalid Claim,0
CLM-01045,1214.98,24.0,185.0,546.0,0.0,0.589,0.0,0.0,0.0,1.0,1.0,1.0,1.0,0.0,1.0,0.0,0.0,0.0,1.0,0.0,0.0,1.0,0.0,0.0,0.0,0.0,0.0,0.0,Valid Claim,2
CLM-00987,431.04,48.0,406.0,1055.0,19.0,0.379,0.0,0.0,1.0,1.0,1.0,1.0,1.0,0.0,1.0,0.0,0.0,0.0,0.0,1.0,0.0,0.0,1.0,0.0,0.0,0.0,0.0,0.0,Valid Claim,2
CLM-01406,348.08,36.0,1471.0,-375.0,0.0,0.373,2.0,0.0,0.0,1.0,1.0,1.0,1.0,1.0,1.0,0.0,0.0,0.0,0.0,1.0,0.0,0.0,1.0,0.0,0.0,0.0,0.0,0.0,Invalid Claim,0
CLM-01495,508.68,12.0,27.0,338.0,2.0,0.426,0.0,0.0,0.0,1.0,1.0,1.0,1.0,0.0,1.0,0.0,0.0,0.0,1.0,0.0,0.0,0.0,0.0,0.0,0.0,0.0,0.0,1.0,Manual Review,1
CLM-00456,941.33,36.0,1082.0,14.0,8.0,0.402,0.0,0.0,1.0,1.0,1.0,1.0,1.0,0.0,1.0,0.0,1.0,0.0,0.0,1.0,0.0,0.0,1.0,0.0,0.0,0.0,0.0,0.0,Manual Review,1
CLM-01267,405.5,36.0,1078.0,18.0,9.0,0.629,0.0,0.0,1.0,1.0,1.0,1.0,1.0,0.0,1.0,0.0,0.0,0.0,1.0,0.0,0.0,1.0,0.0,0.0,0.0,0.0,0.0,0.0,Valid Claim,2
CLM-01051,639.09,24.0,914.0,-183.0,0.0,0.535,1.0,1.0,0.0,1.0,1.0,1.0,0.0,0.0,1.0,1.0,0.0,0.0,0.0,1.0,0.0,1.0,0.0,0.0,0.0,0.0,0.0,0.0,Invalid Claim,0
CLM-00835,604.24,24.0,730.0,1.0,12.0,0.678,0.0,1.0,0.0,1.0,1.0,1.0,0.0,0.0,1.0,0.0,0.0,0.0,0.0,1.0,0.0,0.0,0.0,1.0,0.0,0.0,0.0,0.0,Valid Claim,2
CLM-01318,297.93,24.0,35.0,696.0,1.0,0.502,0.0,1.0,0.0,0.0,1.0,1.0,1.0,0.0,0.0,0.0,0.0,0.0,1.0,0.0,0.0,0.0,0.0,0.0,0.0,0.0,1.0,0.0,Manual Review,1
CLM-01156,2006.31,36.0,205.0,891.0,10.0,0.659,0.0,0.0,0.0,1.0,1.0,1.0,1.0,0.0,0.0,0.0,0.0,0.0,0.0,1.0,0.0,0.0,0.0,1.0,0.0,0.0,0.0,0.0,Invalid Claim,0
CLM-00727,644.05,36.0,435.0,661.0,0.0,0.29,0.0,0.0,0.0,1.0,1.0,1.0,1.0,0.0,1.0,0.0,0.0,0.0,0.0,0.0,1.0,0.0,0.0,0.0,1.0,0.0,0.0,0.0,Valid Claim,2
CLM-00928,548.09,24.0,245.0,486.0,8.0,0.778,0.0,1.0,0.0,1.0,0.0,1.0,1.0,0.0,1.0,0.0,0.0,0.0,1.0,0.0,0.0,1.0,0.0,0.0,0.0,0.0,0.0,0.0,Valid Claim,2
CLM-00894,947.46,24.0,498.0,233.0,5.0,0.867,0.0,0.0,0.0,1.0,1.0,1.0,1.0,0.0,1.0,0.0,0.0,0.0,0.0,1.0,0.0,1.0,0.0,0.0,0.0,0.0,0.0,0.0,Valid Claim,2
CLM-00303,1362.64,36.0,871.0,225.0,4.0,0.639,0.0,2.0,0.0,1.0,0.0,0.0,1.0,0.0,1.0,0.0,0.0,0.0,0.0,0.0,1.0,0.0,1.0,0.0,0.0,0.0,0.0,0.0,Manual Review,1
CLM-00636,677.84,24.0,362.0,369.0,8.0,0.44,0.0,0.0,0.0,1.0,1.0,1.0,1.0,0.0,0.0,0.0,1.0,0.0,0.0,0.0,1.0,0.0,0.0,0.0,1.0,0.0,0.0,0.0,Invalid Claim,0
CLM-01429,939.19,36.0,348.0,748.0,3.0,0.158,0.0,1.0,0.0,1.0,0.0,1.0,1.0,0.0,1.0,0.0,0.0,0.0,0.0,0.0,1.0,0.0,0.0,0.0,0.0,0.0,1.0,0.0,Manual Review,1
CLM-00543,1024.64,24.0,172.0,559.0,0.0,0.832,1.0,1.0,0.0,1.0,0.0,1.0,1.0,0.0,1.0,0.0,0.0,0.0,0.0,1.0,0.0,1.0,0.0,0.0,0.0,0.0,0.0,0.0,Valid Claim,2
CLM-01194,336.28,24.0,602.0,129.0,0.0,0.575,0.0,1.0,0.0,0.0,1.0,1.0,1.0,0.0,1.0,0.0,0.0,0.0,0.0,0.0,1.0,0.0,0.0,0.0,0.0,1.0,0.0,0.0,Invalid Claim,0
CLM-00550,752.79,24.0,634.0,97.0,16.0,0.895,0.0,0.0,0.0,1.0,1.0,1.0,1.0,0.0,1.0,0.0,0.0,0.0,0.0,1.0,0.0,1.0,0.0,0.0,0.0,0.0,0.0,0.0,Valid Claim,2
CLM-00487,632.36,36.0,1008.0,88.0,4.0,0.305,0.0,1.0,0.0,1.0,0.0,1.0,1.0,0.0,1.0,0.0,0.0,0.0,0.0,0.0,1.0,0.0,1.0,0.0,0.0,0.0,0.0,0.0,Valid Claim,2
