claim_id,split,claim_class,variation,filename,relative_path
CLM-00055,train,Invalid Claim,1,CLM-00055_v1.jpg,train/invalid/CLM-00055_v1.jpg
CLM-00055,train,Invalid Claim,2,CLM-00055_v2.jpg,train/invalid/CLM-00055_v2.jpg
CLM-00910,train,Manual Review,1,CLM-00910_v1.jpg,train/manual_review/CLM-00910_v1.jpg
CLM-00910,train,Manual Review,2,CLM-00910_v2.jpg,train/manual_review/CLM-00910_v2.jpg
CLM-01375,train,Invalid Claim,1,CLM-01375_v1.jpg,train/invalid/CLM-01375_v1.jpg
CLM-01375,train,Invalid Claim,2,CLM-01375_v2.jpg,train/invalid/CLM-01375_v2.jpg
CLM-00083,train,Valid Claim,1,CLM-00083_v1.jpg,train/valid/CLM-00083_v1.jpg
CLM-00083,train,Valid Claim,2,CLM-00083_v2.jpg,train/valid/CLM-00083_v2.jpg
CLM-01147,train,Invalid Claim,1,CLM-01147_v1.jpg,train/invalid/CLM-01147_v1.jpg
CLM-01147,train,Invalid Claim,2,CLM-01147_v2.jpg,train/invalid/CLM-01147_v2.jpg
CLM-01258,train,Valid Claim,1,CLM-01258_v1.jpg,train/valid/CLM-01258_v1.jpg
CLM-01258,train,Valid Claim,2,CLM-01258_v2.jpg,train/valid/CLM-01258_v2.jpg
CLM-00924,train,Manual Review,1,CLM-00924_v1.jpg,train/manual_review/CLM-00924_v1.jpg
CLM-00924,train,Manual Review,2,CLM-00924_v2.jpg,train/manual_review/CLM-00924_v2.jpg
CLM-00541,train,Manual Review,1,CLM-00541_v1.jpg,train/manual_review/CLM-00541_v1.jpg
CLM-00541,train,Manual Review,2,CLM-00541_v2.jpg,train/manual_review/CLM-00541_v2.jpg
CLM-00349,train,Valid Claim,1,CLM-00349_v1.jpg,train/valid/CLM-00349_v1.jpg
CLM-00349,train,Valid Claim,2,CLM-00349_v2.jpg,train/valid/CLM-00349_v2.jpg
CLM-00565,train,Invalid Claim,1,CLM-00565_v1.jpg,train/invalid/CLM-00565_v1.jpg
CLM-00565,train,Invalid Claim,2,CLM-00565_v2.jpg,train/invalid/CLM-00565_v2.jpg
CLM-01157,train,Valid Claim,1,CLM-01157_v1.jpg,train/valid/CLM-01157_v1.jpg
CLM-01157,train,Valid Claim,2,CLM-01157_v2.jpg,train/valid/CLM-01157_v2.jpg
CLM-00048,train,Valid Claim,1,CLM-00048_v1.jpg,train/valid/CLM-00048_v1.jpg
CLM-00048,train,Valid Claim,2,CLM-00048_v2.jpg,train/valid/CLM-00048_v2.jpg
CLM-01496,train,Manual Review,1,CLM-01496_v1.jpg,train/manual_review/CLM-01496_v1.jpg
CLM-01496,train,Manual Review,2,CLM-01496_v2.jpg,train/manual_review/CLM-01496_v2.jpg
CLM-01466,train,Manual Review,1,CLM-01466_v1.jpg,train/manual_review/CLM-01466_v1.jpg
CLM-01466,train,Manual Review,2,CLM-01466_v2.jpg,train/manual_review/CLM-01466_v2.jpg
CLM-01270,train,Manual Review,1,CLM-01270_v1.jpg,train/manual_review/CLM-01270_v1.jpg
CLM-01270,train,Manual Review,2,CLM-01270_v2.jpg,train/manual_review/CLM-01270_v2.jpg
CLM-01067,train,Valid Claim,1,CLM-01067_v1.jpg,train/valid/CLM-01067_v1.jpg
CLM-01067,train,Valid Claim,2,CLM-01067_v2.jpg,train/valid/CLM-01067_v2.jpg
CLM-00232,train,Valid Claim,1,CLM-00232_v1.jpg,train/valid/CLM-00232_v1.jpg
CLM-00232,train,Valid Claim,2,CLM-00232_v2.jpg,train/valid/CLM-00232_v2.jpg
CLM-00637,train,Invalid Claim,1,CLM-00637_v1.jpg,train/invalid/CLM-00637_v1.jpg
CLM-00637,train,Invalid Claim,2,CLM-00637_v2.jpg,train/invalid/CLM-00637_v2.jpg
CLM-00745,train,Invalid Claim,1,CLM-00745_v1.jpg,train/invalid/CLM-00745_v1.jpg
CLM-00745,train,Invalid Claim,2,CLM-00745_v2.jpg,train/invalid/CLM-00745_v2.jpg
CLM-01207,train,Manual Review,1,CLM-01207_v1.jpg,train/manual_review/CLM-01207_v1.jpg
CLM-01207,train,Manual Review,2,CLM-01207_v2.jpg,train/manual_review/CLM-01207_v2.jpg
CLM-01348,train,Manual Review,1,CLM-01348_v1.jpg,train/manual_review/CLM-01348_v1.jpg
CLM-01348,train,Manual Review,2,CLM-01348_v2.jpg,train/manual_review/CLM-01348_v2.jpg
CLM-00595,train,Invalid Claim,1,CLM-00595_v1.jpg,train/invalid/CLM-00595_v1.jpg
CLM-00595,train,Invalid Claim,2,CLM-00595_v2.jpg,train/invalid/CLM-00595_v2.jpg
CLM-01213,train,Manual Review,1,CLM-01213_v1.jpg,train/manual_review/CLM-01213_v1.jpg
CLM-01213,train,Manual Review,2,CLM-01213_v2.jpg,train/manual_review/CLM-01213_v2.jpg
CLM-00611,train,Valid Claim,1,CLM-00611_v1.jpg,train/valid/CLM-00611_v1.jpg
CLM-00611,train,Valid Claim,2,CLM-00611_v2.jpg,train/valid/CLM-00611_v2.jpg
CLM-00752,train,Valid Claim,1,CLM-00752_v1.jpg,train/valid/CLM-00752_v1.jpg
CLM-00752,train,Valid Claim,2,CLM-00752_v2.jpg,train/valid/CLM-00752_v2.jpg
CLM-00380,train,Valid Claim,1,CLM-00380_v1.jpg,train/valid/CLM-00380_v1.jpg
CLM-00380,train,Valid Claim,2,CLM-00380_v2.jpg,train/valid/CLM-00380_v2.jpg
CLM-01174,train,Invalid Claim,1,CLM-01174_v1.jpg,train/invalid/CLM-01174_v1.jpg
CLM-01174,train,Invalid Claim,2,CLM-01174_v2.jpg,train/invalid/CLM-01174_v2.jpg
CLM-00344,train,Manual Review,1,CLM-00344_v1.jpg,train/manual_review/CLM-00344_v1.jpg
CLM-00344,train,Manual Review,2,CLM-00344_v2.jpg,train/manual_review/CLM-00344_v2.jpg
CLM-00072,train,Invalid Claim,1,CLM-00072_v1.jpg,train/invalid/CLM-00072_v1.jpg
CLM-00072,train,Invalid Claim,2,CLM-00072_v2.jpg,train/invalid/CLM-00072_v2.jpg
CLM-01100,train,Manual Review,1,CLM-01100_v1.jpg,train/manual_review/CLM-01100_v1.jpg
CLM-01100,train,Manual Review,2,CLM-01100_v2.jpg,train/manual_review/CLM-01100_v2.jpg
CLM-00982,train,Invalid Claim,1,CLM-00982_v1.jpg,train/invalid/CLM-00982_v1.jpg
CLM-00982,train,Invalid Claim,2,CLM-00982_v2.jpg,train/invalid/CLM-00982_v2.jpg
CLM-01272,train,Invalid Claim,1,CLM-01272_v1.jpg,train/invalid/CLM-01272_v1.jpg
CLM-01272,train,Invalid Claim,2,CLM-01272_v2.jpg,train/invalid/CLM-01272_v2.jpg
CLM-01017,train,Manual Review,1,CLM-01017_v1.jpg,train/manual_review/CLM-01017_v1.jpg
CLM-01017,train,Manual Review,2,CLM-01017_v2.jpg,train/manual_review/CLM-01017_v2.jpg
CLM-00820,train,Valid Claim,1,CLM-00820_v1.jpg,train/valid/CLM-00820_v1.jpg
CLM-00820,train,Valid Claim,2,CLM-00820_v2.jpg,train/valid/CLM-00820_v2.jpg
CLM-01010,train,Valid Claim,1,CLM-01010_v1.jpg,train/valid/CLM-01010_v1.jpg
CLM-01010,train,Valid Claim,2,CLM-01010_v2.jpg,train/valid/CLM-01010_v2.jpg
CLM-00149,train,Valid Claim,1,CLM-00149_v1.jpg,train/valid/CLM-00149_v1.jpg
CLM-00149,train,Valid Claim,2,CLM-00149_v2.jpg,train/valid/CLM-00149_v2.jpg
CLM-00711,train,Invalid Claim,1,CLM-00711_v1.jpg,train/invalid/CLM-00711_v1.jpg
CLM-00711,train,Invalid Claim,2,CLM-00711_v2.jpg,train/invalid/CLM-00711_v2.jpg
CLM-00145,train,Invalid Claim,1,CLM-00145_v1.jpg,train/invalid/CLM-00145_v1.jpg
CLM-00145,train,Invalid Claim,2,CLM-00145_v2.jpg,train/invalid/CLM-00145_v2.jpg
CLM-00560,train,Valid Claim,1,CLM-00560_v1.jpg,train/valid/CLM-00560_v1.jpg
CLM-00560,train,Valid Claim,2,CLM-00560_v2.jpg,train/valid/CLM-00560_v2.jpg
CLM-00302,train,Invalid Claim,1,CLM-00302_v1.jpg,train/invalid/CLM-00302_v1.jpg
CLM-00302,train,Invalid Claim,2,CLM-00302_v2.jpg,train/invalid/CLM-00302_v2.jpg
CLM-00545,train,Manual Review,1,CLM-00545_v1.jpg,train/manual_review/CLM-00545_v1.jpg
CLM-00545,train,Manual Review,2,CLM-00545_v2.jpg,train/manual_review/CLM-00545_v2.jpg
CLM-00183,train,Valid Claim,1,CLM-00183_v1.jpg,train/valid/CLM-00183_v1.jpg
CLM-00183,train,Valid Claim,2,CLM-00183_v2.jpg,train/valid/CLM-00183_v2.jpg
CLM-00300,train,Invalid Claim,1,CLM-00300_v1.jpg,train/invalid/CLM-00300_v1.jpg
CLM-00300,train,Invalid Claim,2,CLM-00300_v2.jpg,train/invalid/CLM-00300_v2.jpg
CLM-00154,train,Manual Review,1,CLM-00154_v1.jpg,train/manual_review/CLM-00154_v1.jpg
CLM-00154,train,Manual Review,2,CLM-00154_v2.jpg,train/manual_review/CLM-00154_v2.jpg
CLM-00737,train,Valid Claim,1,CLM-00737_v1.jpg,train/valid/CLM-00737_v1.jpg
CLM-00737,train,Valid Claim,2,CLM-00737_v2.jpg,train/valid/CLM-00737_v2.jpg
CLM-00537,train,Manual Review,1,CLM-00537_v1.jpg,train/manual_review/CLM-00537_v1.jpg
CLM-00537,train,Manual Review,2,CLM-00537_v2.jpg,train/manual_review/CLM-00537_v2.jpg
CLM-00404,train,Manual Review,1,CLM-00404_v1.jpg,train/manual_review/CLM-00404_v1.jpg
CLM-00404,train,Manual Review,2,CLM-00404_v2.jpg,train/manual_review/CLM-00404_v2.jpg
CLM-00283,train,Manual Review,1,CLM-00283_v1.jpg,train/manual_review/CLM-00283_v1.jpg
CLM-00283,train,Manual Review,2,CLM-00283_v2.jpg,train/manual_review/CLM-00283_v2.jpg
CLM-00287,train,Valid Claim,1,CLM-00287_v1.jpg,train/valid/CLM-00287_v1.jpg
CLM-00287,train,Valid Claim,2,CLM-00287_v2.jpg,train/valid/CLM-00287_v2.jpg
CLM-00469,train,Invalid Claim,1,CLM-00469_v1.jpg,train/invalid/CLM-00469_v1.jpg
CLM-00469,train,Invalid Claim,2,CLM-00469_v2.jpg,train/invalid/CLM-00469_v2.jpg
CLM-00215,train,Valid Claim,1,CLM-00215_v1.jpg,train/valid/CLM-00215_v1.jpg
CLM-00215,train,Valid Claim,2,CLM-00215_v2.jpg,train/valid/CLM-00215_v2.jpg
CLM-01424,train,Valid Claim,1,CLM-01424_v1.jpg,train/valid/CLM-01424_v1.jpg
CLM-01424,train,Valid Claim,2,CLM-01424_v2.jpg,train/valid/CLM-01424_v2.jpg
CLM-00668,train,Invalid Claim,1,CLM-00668_v1.jpg,train/invalid/CLM-00668_v1.jpg
CLM-00668,train,Invalid Claim,2,CLM-00668_v2.jpg,train/invalid/CLM-00668_v2.jpg
CLM-00393,train,Manual Review,1,CLM-00393_v1.jpg,train/manual_review/CLM-00393_v1.jpg
CLM-00393,train,Manual Review,2,CLM-00393_v2.jpg,train/manual_review/CLM-00393_v2.jpg
CLM-01031,train,Manual Review,1,CLM-01031_v1.jpg,train/manual_review/CLM-01031_v1.jpg
CLM-01031,train,Manual Review,2,CLM-01031_v2.jpg,train/manual_review/CLM-01031_v2.jpg
CLM-00397,train,Valid Claim,1,CLM-00397_v1.jpg,train/valid/CLM-00397_v1.jpg
CLM-00397,train,Valid Claim,2,CLM-00397_v2.jpg,train/valid/CLM-00397_v2.jpg
CLM-00872,train,Valid Claim,1,CLM-00872_v1.jpg,train/valid/CLM-00872_v1.jpg
CLM-00872,train,Valid Claim,2,CLM-00872_v2.jpg,train/valid/CLM-00872_v2.jpg
CLM-01112,train,Invalid Claim,1,CLM-01112_v1.jpg,train/invalid/CLM-01112_v1.jpg
CLM-01112,train,Invalid Claim,2,CLM-01112_v2.jpg,train/invalid/CLM-01112_v2.jpg
CLM-00238,train,Manual Review,1,CLM-00238_v1.jpg,train/manual_review/CLM-00238_v1.jpg
CLM-00238,train,Manual Review,2,CLM-00238_v2.jpg,train/manual_review/CLM-00238_v2.jpg
CLM-01145,train,Manual Review,1,CLM-01145_v1.jpg,train/manual_review/CLM-01145_v1.jpg
CLM-01145,train,Manual Review,2,CLM-01145_v2.jpg,train/manual_review/CLM-01145_v2.jpg
CLM-00574,train,Manual Review,1,CLM-00574_v1.jpg,train/manual_review/CLM-00574_v1.jpg
CLM-00574,train,Manual Review,2,CLM-00574_v2.jpg,train/manual_review/CLM-00574_v2.jpg
CLM-01384,train,Manual Review,1,CLM-01384_v1.jpg,train/manual_review/CLM-01384_v1.jpg
CLM-01384,train,Manual Review,2,CLM-01384_v2.jpg,train/manual_review/CLM-01384_v2.jpg
CLM-00093,train,Valid Claim,1,CLM-00093_v1.jpg,train/valid/CLM-00093_v1.jpg
CLM-00093,train,Valid Claim,2,CLM-00093_v2.jpg,train/valid/CLM-00093_v2.jpg
CLM-01321,train,Manual Review,1,CLM-01321_v1.jpg,train/manual_review/CLM-01321_v1.jpg
CLM-01321,train,Manual Review,2,CLM-01321_v2.jpg,train/manual_review/CLM-01321_v2.jpg
CLM-00249,train,Manual Review,1,CLM-00249_v1.jpg,train/manual_review/CLM-00249_v1.jpg
CLM-00249,train,Manual Review,2,CLM-00249_v2.jpg,train/manual_review/CLM-00249_v2.jpg
CLM-00373,train,Manual Review,1,CLM-00373_v1.jpg,train/manual_review/CLM-00373_v1.jpg
CLM-00373,train,Manual Review,2,CLM-00373_v2.jpg,train/manual_review/CLM-00373_v2.jpg
CLM-01012,train,Valid Claim,1,CLM-01012_v1.jpg,train/valid/CLM-01012_v1.jpg
CLM-01012,train,Valid Claim,2,CLM-01012_v2.jpg,train/valid/CLM-01012_v2.jpg
CLM-00956,train,Invalid Claim,1,CLM-00956_v1.jpg,train/invalid/CLM-00956_v1.jpg
CLM-00956,train,Invalid Claim,2,CLM-00956_v2.jpg,train/invalid/CLM-00956_v2.jpg
CLM-00460,train,Valid Claim,1,CLM-00460_v1.jpg,train/valid/CLM-00460_v1.jpg
CLM-00460,train,Valid Claim,2,CLM-00460_v2.jpg,train/valid/CLM-00460_v2.jpg
CLM-00276,train,Manual Review,1,CLM-00276_v1.jpg,train/manual_review/CLM-00276_v1.jpg
CLM-00276,train,Manual Review,2,CLM-00276_v2.jpg,train/manual_review/CLM-00276_v2.jpg
CLM-00870,train,Manual Review,1,CLM-00870_v1.jpg,train/manual_review/CLM-00870_v1.jpg
CLM-00870,train,Manual Review,2,CLM-00870_v2.jpg,train/manual_review/CLM-00870_v2.jpg
CLM-00729,train,Valid Claim,1,CLM-00729_v1.jpg,train/valid/CLM-00729_v1.jpg
CLM-00729,train,Valid Claim,2,CLM-00729_v2.jpg,train/valid/CLM-00729_v2.jpg
CLM-00573,train,Manual Review,1,CLM-00573_v1.jpg,train/manual_review/CLM-00573_v1.jpg
CLM-00573,train,Manual Review,2,CLM-00573_v2.jpg,train/manual_review/CLM-00573_v2.jpg
CLM-00602,train,Invalid Claim,1,CLM-00602_v1.jpg,train/invalid/CLM-00602_v1.jpg
CLM-00602,train,Invalid Claim,2,CLM-00602_v2.jpg,train/invalid/CLM-00602_v2.jpg
CLM-01108,train,Invalid Claim,1,CLM-01108_v1.jpg,train/invalid/CLM-01108_v1.jpg
CLM-01108,train,Invalid Claim,2,CLM-01108_v2.jpg,train/invalid/CLM-01108_v2.jpg
CLM-00378,train,Manual Review,1,CLM-00378_v1.jpg,train/manual_review/CLM-00378_v1.jpg
CLM-00378,train,Manual Review,2,CLM-00378_v2.jpg,train/manual_review/CLM-00378_v2.jpg
CLM-00717,train,Manual Review,1,CLM-00717_v1.jpg,train/manual_review/CLM-00717_v1.jpg
CLM-00717,train,Manual Review,2,CLM-00717_v2.jpg,train/manual_review/CLM-00717_v2.jpg
CLM-00821,train,Valid Claim,1,CLM-00821_v1.jpg,train/valid/CLM-00821_v1.jpg
CLM-00821,train,Valid Claim,2,CLM-00821_v2.jpg,train/valid/CLM-00821_v2.jpg
CLM-01307,train,Valid Claim,1,CLM-01307_v1.jpg,train/valid/CLM-01307_v1.jpg
CLM-01307,train,Valid Claim,2,CLM-01307_v2.jpg,train/valid/CLM-01307_v2.jpg
CLM-00485,train,Invalid Claim,1,CLM-00485_v1.jpg,train/invalid/CLM-00485_v1.jpg
CLM-00485,train,Invalid Claim,2,CLM-00485_v2.jpg,train/invalid/CLM-00485_v2.jpg
CLM-00486,train,Invalid Claim,1,CLM-00486_v1.jpg,train/invalid/CLM-00486_v1.jpg
CLM-00486,train,Invalid Claim,2,CLM-00486_v2.jpg,train/invalid/CLM-00486_v2.jpg
CLM-00826,train,Valid Claim,1,CLM-00826_v1.jpg,train/valid/CLM-00826_v1.jpg
CLM-00826,train,Valid Claim,2,CLM-00826_v2.jpg,train/valid/CLM-00826_v2.jpg
CLM-00448,train,Invalid Claim,1,CLM-00448_v1.jpg,train/invalid/CLM-00448_v1.jpg
CLM-00448,train,Invalid Claim,2,CLM-00448_v2.jpg,train/invalid/CLM-00448_v2.jpg
CLM-00930,train,Valid Claim,1,CLM-00930_v1.jpg,train/valid/CLM-00930_v1.jpg
CLM-00930,train,Valid Claim,2,CLM-00930_v2.jpg,train/valid/CLM-00930_v2.jpg
CLM-00759,train,Valid Claim,1,CLM-00759_v1.jpg,train/valid/CLM-00759_v1.jpg
CLM-00759,train,Valid Claim,2,CLM-00759_v2.jpg,train/valid/CLM-00759_v2.jpg
CLM-00935,train,Manual Review,1,CLM-00935_v1.jpg,train/manual_review/CLM-00935_v1.jpg
CLM-00935,train,Manual Review,2,CLM-00935_v2.jpg,train/manual_review/CLM-00935_v2.jpg
CLM-00392,train,Invalid Claim,1,CLM-00392_v1.jpg,train/invalid/CLM-00392_v1.jpg
CLM-00392,train,Invalid Claim,2,CLM-00392_v2.jpg,train/invalid/CLM-00392_v2.jpg
CLM-00426,train,Manual Review,1,CLM-00426_v1.jpg,train/manual_review/CLM-00426_v1.jpg
CLM-00426,train,Manual Review,2,CLM-00426_v2.jpg,train/manual_review/CLM-00426_v2.jpg
CLM-00926,train,Valid Claim,1,CLM-00926_v1.jpg,train/valid/CLM-00926_v1.jpg
CLM-00926,train,Valid Claim,2,CLM-00926_v2.jpg,train/valid/CLM-00926_v2.jpg
CLM-00827,train,Manual Review,1,CLM-00827_v1.jpg,train/manual_review/CLM-00827_v1.jpg
CLM-00827,train,Manual Review,2,CLM-00827_v2.jpg,train/manual_review/CLM-00827_v2.jpg
CLM-01426,train,Manual Review,1,CLM-01426_v1.jpg,train/manual_review/CLM-01426_v1.jpg
CLM-01426,train,Manual Review,2,CLM-01426_v2.jpg,train/manual_review/CLM-01426_v2.jpg
CLM-00139,train,Invalid Claim,1,CLM-00139_v1.jpg,train/invalid/CLM-00139_v1.jpg
CLM-00139,train,Invalid Claim,2,CLM-00139_v2.jpg,train/invalid/CLM-00139_v2.jpg
CLM-00625,train,Invalid Claim,1,CLM-00625_v1.jpg,train/invalid/CLM-00625_v1.jpg
CLM-00625,train,Invalid Claim,2,CLM-00625_v2.jpg,train/invalid/CLM-00625_v2.jpg
CLM-00201,train,Invalid Claim,1,CLM-00201_v1.jpg,train/invalid/CLM-00201_v1.jpg
CLM-00201,train,Invalid Claim,2,CLM-00201_v2.jpg,train/invalid/CLM-00201_v2.jpg
CLM-00858,train,Manual Review,1,CLM-00858_v1.jpg,train/manual_review/CLM-00858_v1.jpg
CLM-00858,train,Manual Review,2,CLM-00858_v2.jpg,train/manual_review/CLM-00858_v2.jpg
CLM-01069,train,Manual Review,1,CLM-01069_v1.jpg,train/manual_review/CLM-01069_v1.jpg
CLM-01069,train,Manual Review,2,CLM-01069_v2.jpg,train/manual_review/CLM-01069_v2.jpg
CLM-01249,train,Manual Review,1,CLM-01249_v1.jpg,train/manual_review/CLM-01249_v1.jpg
CLM-01249,train,Manual Review,2,CLM-01249_v2.jpg,train/manual_review/CLM-01249_v2.jpg
CLM-01335,train,Manual Review,1,CLM-01335_v1.jpg,train/manual_review/CLM-01335_v1.jpg
CLM-01335,train,Manual Review,2,CLM-01335_v2.jpg,train/manual_review/CLM-01335_v2.jpg
CLM-00131,train,Manual Review,1,CLM-00131_v1.jpg,train/manual_review/CLM-00131_v1.jpg
CLM-00131,train,Manual Review,2,CLM-00131_v2.jpg,train/manual_review/CLM-00131_v2.jpg
CLM-01395,train,Invalid Claim,1,CLM-01395_v1.jpg,train/invalid/CLM-01395_v1.jpg
CLM-01395,train,Invalid Claim,2,CLM-01395_v2.jpg,train/invalid/CLM-01395_v2.jpg
CLM-00547,train,Invalid Claim,1,CLM-00547_v1.jpg,train/invalid/CLM-00547_v1.jpg
CLM-00547,train,Invalid Claim,2,CLM-00547_v2.jpg,train/invalid/CLM-00547_v2.jpg
CLM-00846,train,Manual Review,1,CLM-00846_v1.jpg,train/manual_review/CLM-00846_v1.jpg
CLM-00846,train,Manual Review,2,CLM-00846_v2.jpg,train/manual_review/CLM-00846_v2.jpg
CLM-01070,train,Manual Review,1,CLM-01070_v1.jpg,train/manual_review/CLM-01070_v1.jpg
CLM-01070,train,Manual Review,2,CLM-01070_v2.jpg,train/manual_review/CLM-01070_v2.jpg
CLM-01264,train,Valid Claim,1,CLM-01264_v1.jpg,train/valid/CLM-01264_v1.jpg
CLM-01264,train,Valid Claim,2,CLM-01264_v2.jpg,train/valid/CLM-01264_v2.jpg
CLM-01427,train,Invalid Claim,1,CLM-01427_v1.jpg,train/invalid/CLM-01427_v1.jpg
CLM-01427,train,Invalid Claim,2,CLM-01427_v2.jpg,train/invalid/CLM-01427_v2.jpg
CLM-00648,train,Manual Review,1,CLM-00648_v1.jpg,train/manual_review/CLM-00648_v1.jpg
CLM-00648,train,Manual Review,2,CLM-00648_v2.jpg,train/manual_review/CLM-00648_v2.jpg
CLM-01344,train,Manual Review,1,CLM-01344_v1.jpg,train/manual_review/CLM-01344_v1.jpg
CLM-01344,train,Manual Review,2,CLM-01344_v2.jpg,train/manual_review/CLM-01344_v2.jpg
CLM-00391,train,Invalid Claim,1,CLM-00391_v1.jpg,train/invalid/CLM-00391_v1.jpg
CLM-00391,train,Invalid Claim,2,CLM-00391_v2.jpg,train/invalid/CLM-00391_v2.jpg
CLM-00810,train,Valid Claim,1,CLM-00810_v1.jpg,train/valid/CLM-00810_v1.jpg
CLM-00810,train,Valid Claim,2,CLM-00810_v2.jpg,train/valid/CLM-00810_v2.jpg
CLM-01063,train,Invalid Claim,1,CLM-01063_v1.jpg,train/invalid/CLM-01063_v1.jpg
CLM-01063,train,Invalid Claim,2,CLM-01063_v2.jpg,train/invalid/CLM-01063_v2.jpg
CLM-00967,train,Invalid Claim,1,CLM-00967_v1.jpg,train/invalid/CLM-00967_v1.jpg
CLM-00967,train,Invalid Claim,2,CLM-00967_v2.jpg,train/invalid/CLM-00967_v2.jpg
CLM-00067,train,Valid Claim,1,CLM-00067_v1.jpg,train/valid/CLM-00067_v1.jpg
CLM-00067,train,Valid Claim,2,CLM-00067_v2.jpg,train/valid/CLM-00067_v2.jpg
CLM-01322,train,Manual Review,1,CLM-01322_v1.jpg,train/manual_review/CLM-01322_v1.jpg
CLM-01322,train,Manual Review,2,CLM-01322_v2.jpg,train/manual_review/CLM-01322_v2.jpg
CLM-00610,train,Valid Claim,1,CLM-00610_v1.jpg,train/valid/CLM-00610_v1.jpg
CLM-00610,train,Valid Claim,2,CLM-00610_v2.jpg,train/valid/CLM-00610_v2.jpg
CLM-00869,train,Manual Review,1,CLM-00869_v1.jpg,train/manual_review/CLM-00869_v1.jpg
CLM-00869,train,Manual Review,2,CLM-00869_v2.jpg,train/manual_review/CLM-00869_v2.jpg
CLM-00102,train,Invalid Claim,1,CLM-00102_v1.jpg,train/invalid/CLM-00102_v1.jpg
CLM-00102,train,Invalid Claim,2,CLM-00102_v2.jpg,train/invalid/CLM-00102_v2.jpg
CLM-01218,train,Valid Claim,1,CLM-01218_v1.jpg,train/valid/CLM-01218_v1.jpg
CLM-01218,train,Valid Claim,2,CLM-01218_v2.jpg,train/valid/CLM-01218_v2.jpg
CLM-01243,train,Invalid Claim,1,CLM-01243_v1.jpg,train/invalid/CLM-01243_v1.jpg
CLM-01243,train,Invalid Claim,2,CLM-01243_v2.jpg,train/invalid/CLM-01243_v2.jpg
CLM-01208,train,Valid Claim,1,CLM-01208_v1.jpg,train/valid/CLM-01208_v1.jpg
CLM-01208,train,Valid Claim,2,CLM-01208_v2.jpg,train/valid/CLM-01208_v2.jpg
CLM-01236,train,Invalid Claim,1,CLM-01236_v1.jpg,train/invalid/CLM-01236_v1.jpg
CLM-01236,train,Invalid Claim,2,CLM-01236_v2.jpg,train/invalid/CLM-01236_v2.jpg
CLM-00578,train,Valid Claim,1,CLM-00578_v1.jpg,train/valid/CLM-00578_v1.jpg
CLM-00578,train,Valid Claim,2,CLM-00578_v2.jpg,train/valid/CLM-00578_v2.jpg
CLM-01047,train,Invalid Claim,1,CLM-01047_v1.jpg,train/invalid/CLM-01047_v1.jpg
CLM-01047,train,Invalid Claim,2,CLM-01047_v2.jpg,train/invalid/CLM-01047_v2.jpg
CLM-00817,train,Valid Claim,1,CLM-00817_v1.jpg,train/valid/CLM-00817_v1.jpg
CLM-00817,train,Valid Claim,2,CLM-00817_v2.jpg,train/valid/CLM-00817_v2.jpg
CLM-00789,train,Valid Claim,1,CLM-00789_v1.jpg,train/valid/CLM-00789_v1.jpg
CLM-00789,train,Valid Claim,2,CLM-00789_v2.jpg,train/valid/CLM-00789_v2.jpg
CLM-00082,train,Valid Claim,1,CLM-00082_v1.jpg,train/valid/CLM-00082_v1.jpg
CLM-00082,train,Valid Claim,2,CLM-00082_v2.jpg,train/valid/CLM-00082_v2.jpg
CLM-00117,train,Invalid Claim,1,CLM-00117_v1.jpg,train/invalid/CLM-00117_v1.jpg
CLM-00117,train,Invalid Claim,2,CLM-00117_v2.jpg,train/invalid/CLM-00117_v2.jpg
CLM-00900,train,Valid Claim,1,CLM-00900_v1.jpg,train/valid/CLM-00900_v1.jpg
CLM-00900,train,Valid Claim,2,CLM-00900_v2.jpg,train/valid/CLM-00900_v2.jpg
CLM-00927,train,Valid Claim,1,CLM-00927_v1.jpg,train/valid/CLM-00927_v1.jpg
CLM-00927,train,Valid Claim,2,CLM-00927_v2.jpg,train/valid/CLM-00927_v2.jpg
CLM-00132,train,Valid Claim,1,CLM-00132_v1.jpg,train/valid/CLM-00132_v1.jpg
CLM-00132,train,Valid Claim,2,CLM-00132_v2.jpg,train/valid/CLM-00132_v2.jpg
CLM-01284,train,Manual Review,1,CLM-01284_v1.jpg,train/manual_review/CLM-01284_v1.jpg
CLM-01284,train,Manual Review,2,CLM-01284_v2.jpg,train/manual_review/CLM-01284_v2.jpg
CLM-01159,train,Invalid Claim,1,CLM-01159_v1.jpg,train/invalid/CLM-01159_v1.jpg
CLM-01159,train,Invalid Claim,2,CLM-01159_v2.jpg,train/invalid/CLM-01159_v2.jpg
CLM-00110,train,Invalid Claim,1,CLM-00110_v1.jpg,train/invalid/CLM-00110_v1.jpg
CLM-00110,train,Invalid Claim,2,CLM-00110_v2.jpg,train/invalid/CLM-00110_v2.jpg
CLM-00559,train,Invalid Claim,1,CLM-00559_v1.jpg,train/invalid/CLM-00559_v1.jpg
CLM-00559,train,Invalid Claim,2,CLM-00559_v2.jpg,train/invalid/CLM-00559_v2.jpg
CLM-00241,train,Invalid Claim,1,CLM-00241_v1.jpg,train/invalid/CLM-00241_v1.jpg
CLM-00241,train,Invalid Claim,2,CLM-00241_v2.jpg,train/invalid/CLM-00241_v2.jpg
CLM-01088,train,Manual Review,1,CLM-01088_v1.jpg,train/manual_review/CLM-01088_v1.jpg
CLM-01088,train,Manual Review,2,CLM-01088_v2.jpg,train/manual_review/CLM-01088_v2.jpg
CLM-00311,train,Valid Claim,1,CLM-00311_v1.jpg,train/valid/CLM-00311_v1.jpg
CLM-00311,train,Valid Claim,2,CLM-00311_v2.jpg,train/valid/CLM-00311_v2.jpg
CLM-00010,train,Valid Claim,1,CLM-00010_v1.jpg,train/valid/CLM-00010_v1.jpg
CLM-00010,train,Valid Claim,2,CLM-00010_v2.jpg,train/valid/CLM-00010_v2.jpg
CLM-00328,train,Manual Review,1,CLM-00328_v1.jpg,train/manual_review/CLM-00328_v1.jpg
CLM-00328,train,Manual Review,2,CLM-00328_v2.jpg,train/manual_review/CLM-00328_v2.jpg
CLM-01299,train,Invalid Claim,1,CLM-01299_v1.jpg,train/invalid/CLM-01299_v1.jpg
CLM-01299,train,Invalid Claim,2,CLM-01299_v2.jpg,train/invalid/CLM-01299_v2.jpg
CLM-01467,train,Valid Claim,1,CLM-01467_v1.jpg,train/valid/CLM-01467_v1.jpg
CLM-01467,train,Valid Claim,2,CLM-01467_v2.jpg,train/valid/CLM-01467_v2.jpg
CLM-00026,train,Valid Claim,1,CLM-00026_v1.jpg,train/valid/CLM-00026_v1.jpg
CLM-00026,train,Valid Claim,2,CLM-00026_v2.jpg,train/valid/CLM-00026_v2.jpg
CLM-01401,train,Manual Review,1,CLM-01401_v1.jpg,train/manual_review/CLM-01401_v1.jpg
CLM-01401,train,Manual Review,2,CLM-01401_v2.jpg,train/manual_review/CLM-01401_v2.jpg
CLM-00267,train,Invalid Claim,1,CLM-00267_v1.jpg,train/invalid/CLM-00267_v1.jpg
CLM-00267,train,Invalid Claim,2,CLM-00267_v2.jpg,train/invalid/CLM-00267_v2.jpg
CLM-00614,train,Manual Review,1,CLM-00614_v1.jpg,train/manual_review/CLM-00614_v1.jpg
CLM-00614,train,Manual Review,2,CLM-00614_v2.jpg,train/manual_review/CLM-00614_v2.jpg
CLM-00007,train,Manual Review,1,CLM-00007_v1.jpg,train/manual_review/CLM-00007_v1.jpg
CLM-00007,train,Manual Review,2,CLM-00007_v2.jpg,train/manual_review/CLM-00007_v2.jpg
CLM-01092,train,Invalid Claim,1,CLM-01092_v1.jpg,train/invalid/CLM-01092_v1.jpg
CLM-01092,train,Invalid Claim,2,CLM-01092_v2.jpg,train/invalid/CLM-01092_v2.jpg
CLM-01137,train,Invalid Claim,1,CLM-01137_v1.jpg,train/invalid/CLM-01137_v1.jpg
CLM-01137,train,Invalid Claim,2,CLM-01137_v2.jpg,train/invalid/CLM-01137_v2.jpg
CLM-01115,train,Invalid Claim,1,CLM-01115_v1.jpg,train/invalid/CLM-01115_v1.jpg
CLM-01115,train,Invalid Claim,2,CLM-01115_v2.jpg,train/invalid/CLM-01115_v2.jpg
CLM-00888,train,Invalid Claim,1,CLM-00888_v1.jpg,train/invalid/CLM-00888_v1.jpg
CLM-00888,train,Invalid Claim,2,CLM-00888_v2.jpg,train/invalid/CLM-00888_v2.jpg
CLM-00279,train,Valid Claim,1,CLM-00279_v1.jpg,train/valid/CLM-00279_v1.jpg
CLM-00279,train,Valid Claim,2,CLM-00279_v2.jpg,train/valid/CLM-00279_v2.jpg
CLM-01345,train,Invalid Claim,1,CLM-01345_v1.jpg,train/invalid/CLM-01345_v1.jpg
CLM-01345,train,Invalid Claim,2,CLM-01345_v2.jpg,train/invalid/CLM-01345_v2.jpg
CLM-01483,train,Manual Review,1,CLM-01483_v1.jpg,train/manual_review/CLM-01483_v1.jpg
CLM-01483,train,Manual Review,2,CLM-01483_v2.jpg,train/manual_review/CLM-01483_v2.jpg
CLM-01394,train,Manual Review,1,CLM-01394_v1.jpg,train/manual_review/CLM-01394_v1.jpg
CLM-01394,train,Manual Review,2,CLM-01394_v2.jpg,train/manual_review/CLM-01394_v2.jpg
CLM-01381,train,Invalid Claim,1,CLM-01381_v1.jpg,train/invalid/CLM-01381_v1.jpg
CLM-01381,train,Invalid Claim,2,CLM-01381_v2.jpg,train/invalid/CLM-01381_v2.jpg
CLM-00806,train,Valid Claim,1,CLM-00806_v1.jpg,train/valid/CLM-00806_v1.jpg
CLM-00806,train,Valid Claim,2,CLM-00806_v2.jpg,train/valid/CLM-00806_v2.jpg
CLM-00822,train,Invalid Claim,1,CLM-00822_v1.jpg,train/invalid/CLM-00822_v1.jpg
CLM-00822,train,Invalid Claim,2,CLM-00822_v2.jpg,train/invalid/CLM-00822_v2.jpg
CLM-00137,train,Valid Claim,1,CLM-00137_v1.jpg,train/valid/CLM-00137_v1.jpg
CLM-00137,train,Valid Claim,2,CLM-00137_v2.jpg,train/valid/CLM-00137_v2.jpg
CLM-00554,train,Manual Review,1,CLM-00554_v1.jpg,train/manual_review/CLM-00554_v1.jpg
CLM-00554,train,Manual Review,2,CLM-00554_v2.jpg,train/manual_review/CLM-00554_v2.jpg
CLM-00968,train,Valid Claim,1,CLM-00968_v1.jpg,train/valid/CLM-00968_v1.jpg
CLM-00968,train,Valid Claim,2,CLM-00968_v2.jpg,train/valid/CLM-00968_v2.jpg
CLM-00889,train,Invalid Claim,1,CLM-00889_v1.jpg,train/invalid/CLM-00889_v1.jpg
CLM-00889,train,Invalid Claim,2,CLM-00889_v2.jpg,train/invalid/CLM-00889_v2.jpg
CLM-00750,train,Manual Review,1,CLM-00750_v1.jpg,train/manual_review/CLM-00750_v1.jpg
CLM-00750,train,Manual Review,2,CLM-00750_v2.jpg,train/manual_review/CLM-00750_v2.jpg
CLM-00744,train,Invalid Claim,1,CLM-00744_v1.jpg,train/invalid/CLM-00744_v1.jpg
CLM-00744,train,Invalid Claim,2,CLM-00744_v2.jpg,train/invalid/CLM-00744_v2.jpg
CLM-00387,train,Manual Review,1,CLM-00387_v1.jpg,train/manual_review/CLM-00387_v1.jpg
CLM-00387,train,Manual Review,2,CLM-00387_v2.jpg,train/manual_review/CLM-00387_v2.jpg
CLM-00156,train,Manual Review,1,CLM-00156_v1.jpg,train/manual_review/CLM-00156_v1.jpg
CLM-00156,train,Manual Review,2,CLM-00156_v2.jpg,train/manual_review/CLM-00156_v2.jpg
CLM-00879,train,Manual Review,1,CLM-00879_v1.jpg,train/manual_review/CLM-00879_v1.jpg
CLM-00879,train,Manual Review,2,CLM-00879_v2.jpg,train/manual_review/CLM-00879_v2.jpg
CLM-00891,train,Manual Review,1,CLM-00891_v1.jpg,train/manual_review/CLM-00891_v1.jpg
CLM-00891,train,Manual Review,2,CLM-00891_v2.jpg,train/manual_review/CLM-00891_v2.jpg
CLM-00439,train,Valid Claim,1,CLM-00439_v1.jpg,train/valid/CLM-00439_v1.jpg
CLM-00439,train,Valid Claim,2,CLM-00439_v2.jpg,train/valid/CLM-00439_v2.jpg
CLM-01168,train,Invalid Claim,1,CLM-01168_v1.jpg,train/invalid/CLM-01168_v1.jpg
CLM-01168,train,Invalid Claim,2,CLM-01168_v2.jpg,train/invalid/CLM-01168_v2.jpg
CLM-00444,train,Manual Review,1,CLM-00444_v1.jpg,train/manual_review/CLM-00444_v1.jpg
CLM-00444,train,Manual Review,2,CLM-00444_v2.jpg,train/manual_review/CLM-00444_v2.jpg
CLM-01101,train,Valid Claim,1,CLM-01101_v1.jpg,train/valid/CLM-01101_v1.jpg
CLM-01101,train,Valid Claim,2,CLM-01101_v2.jpg,train/valid/CLM-01101_v2.jpg
CLM-00461,train,Invalid Claim,1,CLM-00461_v1.jpg,train/invalid/CLM-00461_v1.jpg
CLM-00461,train,Invalid Claim,2,CLM-00461_v2.jpg,train/invalid/CLM-00461_v2.jpg
CLM-00923,train,Invalid Claim,1,CLM-00923_v1.jpg,train/invalid/CLM-00923_v1.jpg
CLM-00923,train,Invalid Claim,2,CLM-00923_v2.jpg,train/invalid/CLM-00923_v2.jpg
CLM-01364,train,Valid Claim,1,CLM-01364_v1.jpg,train/valid/CLM-01364_v1.jpg
CLM-01364,train,Valid Claim,2,CLM-01364_v2.jpg,train/valid/CLM-01364_v2.jpg
CLM-01397,train,Manual Review,1,CLM-01397_v1.jpg,train/manual_review/CLM-01397_v1.jpg
CLM-01397,train,Manual Review,2,CLM-01397_v2.jpg,train/manual_review/CLM-01397_v2.jpg
CLM-01389,train,Valid Claim,1,CLM-01389_v1.jpg,train/valid/CLM-01389_v1.jpg
CLM-01389,train,Valid Claim,2,CLM-01389_v2.jpg,train/valid/CLM-01389_v2.jpg
CLM-01002,train,Invalid Claim,1,CLM-01002_v1.jpg,train/invalid/CLM-01002_v1.jpg
CLM-01002,train,Invalid Claim,2,CLM-01002_v2.jpg,train/invalid/CLM-01002_v2.jpg
CLM-00577,train,Valid Claim,1,CLM-00577_v1.jpg,train/valid/CLM-00577_v1.jpg
CLM-00577,train,Valid Claim,2,CLM-00577_v2.jpg,train/valid/CLM-00577_v2.jpg
CLM-00722,train,Manual Review,1,CLM-00722_v1.jpg,train/manual_review/CLM-00722_v1.jpg
CLM-00722,train,Manual Review,2,CLM-00722_v2.jpg,train/manual_review/CLM-00722_v2.jpg
CLM-00057,train,Valid Claim,1,CLM-00057_v1.jpg,train/valid/CLM-00057_v1.jpg
CLM-00057,train,Valid Claim,2,CLM-00057_v2.jpg,train/valid/CLM-00057_v2.jpg
CLM-00431,train,Invalid Claim,1,CLM-00431_v1.jpg,train/invalid/CLM-00431_v1.jpg
CLM-00431,train,Invalid Claim,2,CLM-00431_v2.jpg,train/invalid/CLM-00431_v2.jpg
CLM-00307,train,Manual Review,1,CLM-00307_v1.jpg,train/manual_review/CLM-00307_v1.jpg
CLM-00307,train,Manual Review,2,CLM-00307_v2.jpg,train/manual_review/CLM-00307_v2.jpg
CLM-00540,train,Valid Claim,1,CLM-00540_v1.jpg,train/valid/CLM-00540_v1.jpg
CLM-00540,train,Valid Claim,2,CLM-00540_v2.jpg,train/valid/CLM-00540_v2.jpg
CLM-01109,train,Valid Claim,1,CLM-01109_v1.jpg,train/valid/CLM-01109_v1.jpg
CLM-01109,train,Valid Claim,2,CLM-01109_v2.jpg,train/valid/CLM-01109_v2.jpg
CLM-00934,train,Manual Review,1,CLM-00934_v1.jpg,train/manual_review/CLM-00934_v1.jpg
CLM-00934,train,Manual Review,2,CLM-00934_v2.jpg,train/manual_review/CLM-00934_v2.jpg
CLM-01019,train,Invalid Claim,1,CLM-01019_v1.jpg,train/invalid/CLM-01019_v1.jpg
CLM-01019,train,Invalid Claim,2,CLM-01019_v2.jpg,train/invalid/CLM-01019_v2.jpg
CLM-00839,train,Manual Review,1,CLM-00839_v1.jpg,train/manual_review/CLM-00839_v1.jpg
CLM-00839,train,Manual Review,2,CLM-00839_v2.jpg,train/manual_review/CLM-00839_v2.jpg
CLM-00345,train,Manual Review,1,CLM-00345_v1.jpg,train/manual_review/CLM-00345_v1.jpg
CLM-00345,train,Manual Review,2,CLM-00345_v2.jpg,train/manual_review/CLM-00345_v2.jpg
CLM-00291,train,Invalid Claim,1,CLM-00291_v1.jpg,train/invalid/CLM-00291_v1.jpg
CLM-00291,train,Invalid Claim,2,CLM-00291_v2.jpg,train/invalid/CLM-00291_v2.jpg
CLM-00052,train,Invalid Claim,1,CLM-00052_v1.jpg,train/invalid/CLM-00052_v1.jpg
CLM-00052,train,Invalid Claim,2,CLM-00052_v2.jpg,train/invalid/CLM-00052_v2.jpg
CLM-01016,train,Valid Claim,1,CLM-01016_v1.jpg,train/valid/CLM-01016_v1.jpg
CLM-01016,train,Valid Claim,2,CLM-01016_v2.jpg,train/valid/CLM-01016_v2.jpg
CLM-00274,train,Manual Review,1,CLM-00274_v1.jpg,train/manual_review/CLM-00274_v1.jpg
CLM-00274,train,Manual Review,2,CLM-00274_v2.jpg,train/manual_review/CLM-00274_v2.jpg
CLM-00589,train,Valid Claim,1,CLM-00589_v1.jpg,train/valid/CLM-00589_v1.jpg
CLM-00589,train,Valid Claim,2,CLM-00589_v2.jpg,train/valid/CLM-00589_v2.jpg
CLM-01197,train,Valid Claim,1,CLM-01197_v1.jpg,train/valid/CLM-01197_v1.jpg
CLM-01197,train,Valid Claim,2,CLM-01197_v2.jpg,train/valid/CLM-01197_v2.jpg
CLM-00282,train,Manual Review,1,CLM-00282_v1.jpg,train/manual_review/CLM-00282_v1.jpg
CLM-00282,train,Manual Review,2,CLM-00282_v2.jpg,train/manual_review/CLM-00282_v2.jpg
CLM-00194,train,Manual Review,1,CLM-00194_v1.jpg,train/manual_review/CLM-00194_v1.jpg
CLM-00194,train,Manual Review,2,CLM-00194_v2.jpg,train/manual_review/CLM-00194_v2.jpg
CLM-00976,train,Invalid Claim,1,CLM-00976_v1.jpg,train/invalid/CLM-00976_v1.jpg
CLM-00976,train,Invalid Claim,2,CLM-00976_v2.jpg,train/invalid/CLM-00976_v2.jpg
CLM-01488,train,Valid Claim,1,CLM-01488_v1.jpg,train/valid/CLM-01488_v1.jpg
CLM-01488,train,Valid Claim,2,CLM-01488_v2.jpg,train/valid/CLM-01488_v2.jpg
CLM-00713,train,Valid Claim,1,CLM-00713_v1.jpg,train/valid/CLM-00713_v1.jpg
CLM-00713,train,Valid Claim,2,CLM-00713_v2.jpg,train/valid/CLM-00713_v2.jpg
CLM-00841,train,Invalid Claim,1,CLM-00841_v1.jpg,train/invalid/CLM-00841_v1.jpg
CLM-00841,train,Invalid Claim,2,CLM-00841_v2.jpg,train/invalid/CLM-00841_v2.jpg
CLM-01015,train,Manual Review,1,CLM-01015_v1.jpg,train/manual_review/CLM-01015_v1.jpg
CLM-01015,train,Manual Review,2,CLM-01015_v2.jpg,train/manual_review/CLM-01015_v2.jpg
CLM-00524,train,Invalid Claim,1,CLM-00524_v1.jpg,train/invalid/CLM-00524_v1.jpg
CLM-00524,train,Invalid Claim,2,CLM-00524_v2.jpg,train/invalid/CLM-00524_v2.jpg
CLM-00496,train,Invalid Claim,1,CLM-00496_v1.jpg,train/invalid/CLM-00496_v1.jpg
CLM-00496,train,Invalid Claim,2,CLM-00496_v2.jpg,train/invalid/CLM-00496_v2.jpg
CLM-00504,train,Valid Claim,1,CLM-00504_v1.jpg,train/valid/CLM-00504_v1.jpg
CLM-00504,train,Valid Claim,2,CLM-00504_v2.jpg,train/valid/CLM-00504_v2.jpg
CLM-01155,train,Valid Claim,1,CLM-01155_v1.jpg,train/valid/CLM-01155_v1.jpg
CLM-01155,train,Valid Claim,2,CLM-01155_v2.jpg,train/valid/CLM-01155_v2.jpg
CLM-01357,train,Invalid Claim,1,CLM-01357_v1.jpg,train/invalid/CLM-01357_v1.jpg
CLM-01357,train,Invalid Claim,2,CLM-01357_v2.jpg,train/invalid/CLM-01357_v2.jpg
CLM-00219,train,Manual Review,1,CLM-00219_v1.jpg,train/manual_review/CLM-00219_v1.jpg
CLM-00219,train,Manual Review,2,CLM-00219_v2.jpg,train/manual_review/CLM-00219_v2.jpg
CLM-01095,train,Manual Review,1,CLM-01095_v1.jpg,train/manual_review/CLM-01095_v1.jpg
CLM-01095,train,Manual Review,2,CLM-01095_v2.jpg,train/manual_review/CLM-01095_v2.jpg
CLM-00768,train,Valid Claim,1,CLM-00768_v1.jpg,train/valid/CLM-00768_v1.jpg
CLM-00768,train,Valid Claim,2,CLM-00768_v2.jpg,train/valid/CLM-00768_v2.jpg
CLM-00914,train,Valid Claim,1,CLM-00914_v1.jpg,train/valid/CLM-00914_v1.jpg
CLM-00914,train,Valid Claim,2,CLM-00914_v2.jpg,train/valid/CLM-00914_v2.jpg
CLM-01440,train,Manual Review,1,CLM-01440_v1.jpg,train/manual_review/CLM-01440_v1.jpg
CLM-01440,train,Manual Review,2,CLM-01440_v2.jpg,train/manual_review/CLM-01440_v2.jpg
CLM-01485,train,Invalid Claim,1,CLM-01485_v1.jpg,train/invalid/CLM-01485_v1.jpg
CLM-01485,train,Invalid Claim,2,CLM-01485_v2.jpg,train/invalid/CLM-01485_v2.jpg
CLM-00530,train,Invalid Claim,1,CLM-00530_v1.jpg,train/invalid/CLM-00530_v1.jpg
CLM-00530,train,Invalid Claim,2,CLM-00530_v2.jpg,train/invalid/CLM-00530_v2.jpg
CLM-01263,train,Invalid Claim,1,CLM-01263_v1.jpg,train/invalid/CLM-01263_v1.jpg
CLM-01263,train,Invalid Claim,2,CLM-01263_v2.jpg,train/invalid/CLM-01263_v2.jpg
CLM-00814,train,Manual Review,1,CLM-00814_v1.jpg,train/manual_review/CLM-00814_v1.jpg
CLM-00814,train,Manual Review,2,CLM-00814_v2.jpg,train/manual_review/CLM-00814_v2.jpg
CLM-00598,train,Invalid Claim,1,CLM-00598_v1.jpg,train/invalid/CLM-00598_v1.jpg
CLM-00598,train,Invalid Claim,2,CLM-00598_v2.jpg,train/invalid/CLM-00598_v2.jpg
CLM-00451,train,Valid Claim,1,CLM-00451_v1.jpg,train/valid/CLM-00451_v1.jpg
CLM-00451,train,Valid Claim,2,CLM-00451_v2.jpg,train/valid/CLM-00451_v2.jpg
CLM-01134,train,Valid Claim,1,CLM-01134_v1.jpg,train/valid/CLM-01134_v1.jpg
CLM-01134,train,Valid Claim,2,CLM-01134_v2.jpg,train/valid/CLM-01134_v2.jpg
CLM-00472,train,Manual Review,1,CLM-00472_v1.jpg,train/manual_review/CLM-00472_v1.jpg
CLM-00472,train,Manual Review,2,CLM-00472_v2.jpg,train/manual_review/CLM-00472_v2.jpg
CLM-00464,train,Invalid Claim,1,CLM-00464_v1.jpg,train/invalid/CLM-00464_v1.jpg
CLM-00464,train,Invalid Claim,2,CLM-00464_v2.jpg,train/invalid/CLM-00464_v2.jpg
CLM-01487,train,Manual Review,1,CLM-01487_v1.jpg,train/manual_review/CLM-01487_v1.jpg
CLM-01487,train,Manual Review,2,CLM-01487_v2.jpg,train/manual_review/CLM-01487_v2.jpg
CLM-01058,train,Valid Claim,1,CLM-01058_v1.jpg,train/valid/CLM-01058_v1.jpg
CLM-01058,train,Valid Claim,2,CLM-01058_v2.jpg,train/valid/CLM-01058_v2.jpg
CLM-00764,train,Valid Claim,1,CLM-00764_v1.jpg,train/valid/CLM-00764_v1.jpg
CLM-00764,train,Valid Claim,2,CLM-00764_v2.jpg,train/valid/CLM-00764_v2.jpg
CLM-01368,train,Manual Review,1,CLM-01368_v1.jpg,train/manual_review/CLM-01368_v1.jpg
CLM-01368,train,Manual Review,2,CLM-01368_v2.jpg,train/manual_review/CLM-01368_v2.jpg
CLM-00993,train,Valid Claim,1,CLM-00993_v1.jpg,train/valid/CLM-00993_v1.jpg
CLM-00993,train,Valid Claim,2,CLM-00993_v2.jpg,train/valid/CLM-00993_v2.jpg
CLM-00320,train,Manual Review,1,CLM-00320_v1.jpg,train/manual_review/CLM-00320_v1.jpg
CLM-00320,train,Manual Review,2,CLM-00320_v2.jpg,train/manual_review/CLM-00320_v2.jpg
CLM-01011,train,Invalid Claim,1,CLM-01011_v1.jpg,train/invalid/CLM-01011_v1.jpg
CLM-01011,train,Invalid Claim,2,CLM-01011_v2.jpg,train/invalid/CLM-01011_v2.jpg
CLM-00172,train,Manual Review,1,CLM-00172_v1.jpg,train/manual_review/CLM-00172_v1.jpg
CLM-00172,train,Manual Review,2,CLM-00172_v2.jpg,train/manual_review/CLM-00172_v2.jpg
CLM-01293,train,Valid Claim,1,CLM-01293_v1.jpg,train/valid/CLM-01293_v1.jpg
CLM-01293,train,Valid Claim,2,CLM-01293_v2.jpg,train/valid/CLM-01293_v2.jpg
CLM-00081,train,Manual Review,1,CLM-00081_v1.jpg,train/manual_review/CLM-00081_v1.jpg
CLM-00081,train,Manual Review,2,CLM-00081_v2.jpg,train/manual_review/CLM-00081_v2.jpg
CLM-01435,train,Invalid Claim,1,CLM-01435_v1.jpg,train/invalid/CLM-01435_v1.jpg
CLM-01435,train,Invalid Claim,2,CLM-01435_v2.jpg,train/invalid/CLM-01435_v2.jpg
CLM-00932,train,Manual Review,1,CLM-00932_v1.jpg,train/manual_review/CLM-00932_v1.jpg
CLM-00932,train,Manual Review,2,CLM-00932_v2.jpg,train/manual_review/CLM-00932_v2.jpg
CLM-00141,train,Manual Review,1,CLM-00141_v1.jpg,train/manual_review/CLM-00141_v1.jpg
CLM-00141,train,Manual Review,2,CLM-00141_v2.jpg,train/manual_review/CLM-00141_v2.jpg
CLM-00863,train,Valid Claim,1,CLM-00863_v1.jpg,train/valid/CLM-00863_v1.jpg
CLM-00863,train,Valid Claim,2,CLM-00863_v2.jpg,train/valid/CLM-00863_v2.jpg
CLM-00775,train,Invalid Claim,1,CLM-00775_v1.jpg,train/invalid/CLM-00775_v1.jpg
CLM-00775,train,Invalid Claim,2,CLM-00775_v2.jpg,train/invalid/CLM-00775_v2.jpg
CLM-01420,train,Invalid Claim,1,CLM-01420_v1.jpg,train/invalid/CLM-01420_v1.jpg
CLM-01420,train,Invalid Claim,2,CLM-01420_v2.jpg,train/invalid/CLM-01420_v2.jpg
CLM-00413,train,Invalid Claim,1,CLM-00413_v1.jpg,train/invalid/CLM-00413_v1.jpg
CLM-00413,train,Invalid Claim,2,CLM-00413_v2.jpg,train/invalid/CLM-00413_v2.jpg
CLM-00382,train,Manual Review,1,CLM-00382_v1.jpg,train/manual_review/CLM-00382_v1.jpg
CLM-00382,train,Manual Review,2,CLM-00382_v2.jpg,train/manual_review/CLM-00382_v2.jpg
CLM-00096,train,Valid Claim,1,CLM-00096_v1.jpg,train/valid/CLM-00096_v1.jpg
CLM-00096,train,Valid Claim,2,CLM-00096_v2.jpg,train/valid/CLM-00096_v2.jpg
CLM-00073,train,Invalid Claim,1,CLM-00073_v1.jpg,train/invalid/CLM-00073_v1.jpg
CLM-00073,train,Invalid Claim,2,CLM-00073_v2.jpg,train/invalid/CLM-00073_v2.jpg
CLM-01319,train,Manual Review,1,CLM-01319_v1.jpg,train/manual_review/CLM-01319_v1.jpg
CLM-01319,train,Manual Review,2,CLM-01319_v2.jpg,train/manual_review/CLM-01319_v2.jpg
CLM-00576,train,Invalid Claim,1,CLM-00576_v1.jpg,train/invalid/CLM-00576_v1.jpg
CLM-00576,train,Invalid Claim,2,CLM-00576_v2.jpg,train/invalid/CLM-00576_v2.jpg
CLM-01356,train,Invalid Claim,1,CLM-01356_v1.jpg,train/invalid/CLM-01356_v1.jpg
CLM-01356,train,Invalid Claim,2,CLM-01356_v2.jpg,train/invalid/CLM-01356_v2.jpg
CLM-00677,train,Valid Claim,1,CLM-00677_v1.jpg,train/valid/CLM-00677_v1.jpg
CLM-00677,train,Valid Claim,2,CLM-00677_v2.jpg,train/valid/CLM-00677_v2.jpg
CLM-01104,train,Invalid Claim,1,CLM-01104_v1.jpg,train/invalid/CLM-01104_v1.jpg
CLM-01104,train,Invalid Claim,2,CLM-01104_v2.jpg,train/invalid/CLM-01104_v2.jpg
CLM-00210,train,Invalid Claim,1,CLM-00210_v1.jpg,train/invalid/CLM-00210_v1.jpg
CLM-00210,train,Invalid Claim,2,CLM-00210_v2.jpg,train/invalid/CLM-00210_v2.jpg
CLM-00039,train,Manual Review,1,CLM-00039_v1.jpg,train/manual_review/CLM-00039_v1.jpg
CLM-00039,train,Manual Review,2,CLM-00039_v2.jpg,train/manual_review/CLM-00039_v2.jpg
CLM-00478,train,Valid Claim,1,CLM-00478_v1.jpg,train/valid/CLM-00478_v1.jpg
CLM-00478,train,Valid Claim,2,CLM-00478_v2.jpg,train/valid/CLM-00478_v2.jpg
CLM-01261,train,Invalid Claim,1,CLM-01261_v1.jpg,train/invalid/CLM-01261_v1.jpg
CLM-01261,train,Invalid Claim,2,CLM-01261_v2.jpg,train/invalid/CLM-01261_v2.jpg
CLM-00294,train,Manual Review,1,CLM-00294_v1.jpg,train/manual_review/CLM-00294_v1.jpg
CLM-00294,train,Manual Review,2,CLM-00294_v2.jpg,train/manual_review/CLM-00294_v2.jpg
CLM-00766,train,Manual Review,1,CLM-00766_v1.jpg,train/manual_review/CLM-00766_v1.jpg
CLM-00766,train,Manual Review,2,CLM-00766_v2.jpg,train/manual_review/CLM-00766_v2.jpg
CLM-00607,train,Manual Review,1,CLM-00607_v1.jpg,train/manual_review/CLM-00607_v1.jpg
CLM-00607,train,Manual Review,2,CLM-00607_v2.jpg,train/manual_review/CLM-00607_v2.jpg
CLM-00386,train,Valid Claim,1,CLM-00386_v1.jpg,train/valid/CLM-00386_v1.jpg
CLM-00386,train,Valid Claim,2,CLM-00386_v2.jpg,train/valid/CLM-00386_v2.jpg
CLM-01366,train,Manual Review,1,CLM-01366_v1.jpg,train/manual_review/CLM-01366_v1.jpg
CLM-01366,train,Manual Review,2,CLM-01366_v2.jpg,train/manual_review/CLM-01366_v2.jpg
CLM-00491,train,Valid Claim,1,CLM-00491_v1.jpg,train/valid/CLM-00491_v1.jpg
CLM-00491,train,Valid Claim,2,CLM-00491_v2.jpg,train/valid/CLM-00491_v2.jpg
CLM-00992,train,Manual Review,1,CLM-00992_v1.jpg,train/manual_review/CLM-00992_v1.jpg
CLM-00992,train,Manual Review,2,CLM-00992_v2.jpg,train/manual_review/CLM-00992_v2.jpg
CLM-01202,train,Invalid Claim,1,CLM-01202_v1.jpg,train/invalid/CLM-01202_v1.jpg
CLM-01202,train,Invalid Claim,2,CLM-01202_v2.jpg,train/invalid/CLM-01202_v2.jpg
CLM-01404,train,Valid Claim,1,CLM-01404_v1.jpg,train/valid/CLM-01404_v1.jpg
CLM-01404,train,Valid Claim,2,CLM-01404_v2.jpg,train/valid/CLM-01404_v2.jpg
CLM-01162,train,Invalid Claim,1,CLM-01162_v1.jpg,train/invalid/CLM-01162_v1.jpg
CLM-01162,train,Invalid Claim,2,CLM-01162_v2.jpg,train/invalid/CLM-01162_v2.jpg
CLM-00845,train,Invalid Claim,1,CLM-00845_v1.jpg,train/invalid/CLM-00845_v1.jpg
CLM-00845,train,Invalid Claim,2,CLM-00845_v2.jpg,train/invalid/CLM-00845_v2.jpg
CLM-01353,train,Manual Review,1,CLM-01353_v1.jpg,train/manual_review/CLM-01353_v1.jpg
CLM-01353,train,Manual Review,2,CLM-01353_v2.jpg,train/manual_review/CLM-01353_v2.jpg
CLM-00128,train,Invalid Claim,1,CLM-00128_v1.jpg,train/invalid/CLM-00128_v1.jpg
CLM-00128,train,Invalid Claim,2,CLM-00128_v2.jpg,train/invalid/CLM-00128_v2.jpg
CLM-00984,train,Manual Review,1,CLM-00984_v1.jpg,train/manual_review/CLM-00984_v1.jpg
CLM-00984,train,Manual Review,2,CLM-00984_v2.jpg,train/manual_review/CLM-00984_v2.jpg
CLM-00572,train,Valid Claim,1,CLM-00572_v1.jpg,train/valid/CLM-00572_v1.jpg
CLM-00572,train,Valid Claim,2,CLM-00572_v2.jpg,train/valid/CLM-00572_v2.jpg
CLM-00019,train,Valid Claim,1,CLM-00019_v1.jpg,train/valid/CLM-00019_v1.jpg
CLM-00019,train,Valid Claim,2,CLM-00019_v2.jpg,train/valid/CLM-00019_v2.jpg
CLM-01001,train,Invalid Claim,1,CLM-01001_v1.jpg,train/invalid/CLM-01001_v1.jpg
CLM-01001,train,Invalid Claim,2,CLM-01001_v2.jpg,train/invalid/CLM-01001_v2.jpg
CLM-00991,train,Manual Review,1,CLM-00991_v1.jpg,train/manual_review/CLM-00991_v1.jpg
CLM-00991,train,Manual Review,2,CLM-00991_v2.jpg,train/manual_review/CLM-00991_v2.jpg
CLM-00605,train,Manual Review,1,CLM-00605_v1.jpg,train/manual_review/CLM-00605_v1.jpg
CLM-00605,train,Manual Review,2,CLM-00605_v2.jpg,train/manual_review/CLM-00605_v2.jpg
CLM-01021,train,Manual Review,1,CLM-01021_v1.jpg,train/manual_review/CLM-01021_v1.jpg
CLM-01021,train,Manual Review,2,CLM-01021_v2.jpg,train/manual_review/CLM-01021_v2.jpg
CLM-00143,train,Manual Review,1,CLM-00143_v1.jpg,train/manual_review/CLM-00143_v1.jpg
CLM-00143,train,Manual Review,2,CLM-00143_v2.jpg,train/manual_review/CLM-00143_v2.jpg
CLM-01111,train,Manual Review,1,CLM-01111_v1.jpg,train/manual_review/CLM-01111_v1.jpg
CLM-01111,train,Manual Review,2,CLM-01111_v2.jpg,train/manual_review/CLM-01111_v2.jpg
CLM-01193,train,Manual Review,1,CLM-01193_v1.jpg,train/manual_review/CLM-01193_v1.jpg
CLM-01193,train,Manual Review,2,CLM-01193_v2.jpg,train/manual_review/CLM-01193_v2.jpg
CLM-00245,train,Invalid Claim,1,CLM-00245_v1.jpg,train/invalid/CLM-00245_v1.jpg
CLM-00245,train,Invalid Claim,2,CLM-00245_v2.jpg,train/invalid/CLM-00245_v2.jpg
CLM-00138,train,Valid Claim,1,CLM-00138_v1.jpg,train/valid/CLM-00138_v1.jpg
CLM-00138,train,Valid Claim,2,CLM-00138_v2.jpg,train/valid/CLM-00138_v2.jpg
CLM-01072,train,Manual Review,1,CLM-01072_v1.jpg,train/manual_review/CLM-01072_v1.jpg
CLM-01072,train,Manual Review,2,CLM-01072_v2.jpg,train/manual_review/CLM-01072_v2.jpg
CLM-00416,train,Invalid Claim,1,CLM-00416_v1.jpg,train/invalid/CLM-00416_v1.jpg
CLM-00416,train,Invalid Claim,2,CLM-00416_v2.jpg,train/invalid/CLM-00416_v2.jpg
CLM-00323,train,Invalid Claim,1,CLM-00323_v1.jpg,train/invalid/CLM-00323_v1.jpg
CLM-00323,train,Invalid Claim,2,CLM-00323_v2.jpg,train/invalid/CLM-00323_v2.jpg
CLM-01052,train,Manual Review,1,CLM-01052_v1.jpg,train/manual_review/CLM-01052_v1.jpg
CLM-01052,train,Manual Review,2,CLM-01052_v2.jpg,train/manual_review/CLM-01052_v2.jpg
CLM-00331,train,Manual Review,1,CLM-00331_v1.jpg,train/manual_review/CLM-00331_v1.jpg
CLM-00331,train,Manual Review,2,CLM-00331_v2.jpg,train/manual_review/CLM-00331_v2.jpg
CLM-01297,train,Manual Review,1,CLM-01297_v1.jpg,train/manual_review/CLM-01297_v1.jpg
CLM-01297,train,Manual Review,2,CLM-01297_v2.jpg,train/manual_review/CLM-01297_v2.jpg
CLM-00074,train,Valid Claim,1,CLM-00074_v1.jpg,train/valid/CLM-00074_v1.jpg
CLM-00074,train,Valid Claim,2,CLM-00074_v2.jpg,train/valid/CLM-00074_v2.jpg
CLM-00608,train,Invalid Claim,1,CLM-00608_v1.jpg,train/invalid/CLM-00608_v1.jpg
CLM-00608,train,Invalid Claim,2,CLM-00608_v2.jpg,train/invalid/CLM-00608_v2.jpg
CLM-01500,train,Manual Review,1,CLM-01500_v1.jpg,train/manual_review/CLM-01500_v1.jpg
CLM-01500,train,Manual Review,2,CLM-01500_v2.jpg,train/manual_review/CLM-01500_v2.jpg
CLM-00250,train,Invalid Claim,1,CLM-00250_v1.jpg,train/invalid/CLM-00250_v1.jpg
CLM-00250,train,Invalid Claim,2,CLM-00250_v2.jpg,train/invalid/CLM-00250_v2.jpg
CLM-00085,train,Invalid Claim,1,CLM-00085_v1.jpg,train/invalid/CLM-00085_v1.jpg
CLM-00085,train,Invalid Claim,2,CLM-00085_v2.jpg,train/invalid/CLM-00085_v2.jpg
CLM-01413,train,Valid Claim,1,CLM-01413_v1.jpg,train/valid/CLM-01413_v1.jpg
CLM-01413,train,Valid Claim,2,CLM-01413_v2.jpg,train/valid/CLM-01413_v2.jpg
CLM-00252,train,Valid Claim,1,CLM-00252_v1.jpg,train/valid/CLM-00252_v1.jpg
CLM-00252,train,Valid Claim,2,CLM-00252_v2.jpg,train/valid/CLM-00252_v2.jpg
CLM-00168,train,Manual Review,1,CLM-00168_v1.jpg,train/manual_review/CLM-00168_v1.jpg
CLM-00168,train,Manual Review,2,CLM-00168_v2.jpg,train/manual_review/CLM-00168_v2.jpg
CLM-01281,train,Invalid Claim,1,CLM-01281_v1.jpg,train/invalid/CLM-01281_v1.jpg
CLM-01281,train,Invalid Claim,2,CLM-01281_v2.jpg,train/invalid/CLM-01281_v2.jpg
CLM-00787,train,Invalid Claim,1,CLM-00787_v1.jpg,train/invalid/CLM-00787_v1.jpg
CLM-00787,train,Invalid Claim,2,CLM-00787_v2.jpg,train/invalid/CLM-00787_v2.jpg
CLM-00418,train,Manual Review,1,CLM-00418_v1.jpg,train/manual_review/CLM-00418_v1.jpg
CLM-00418,train,Manual Review,2,CLM-00418_v2.jpg,train/manual_review/CLM-00418_v2.jpg
CLM-00871,train,Manual Review,1,CLM-00871_v1.jpg,train/manual_review/CLM-00871_v1.jpg
CLM-00871,train,Manual Review,2,CLM-00871_v2.jpg,train/manual_review/CLM-00871_v2.jpg
CLM-01462,train,Valid Claim,1,CLM-01462_v1.jpg,train/valid/CLM-01462_v1.jpg
CLM-01462,train,Valid Claim,2,CLM-01462_v2.jpg,train/valid/CLM-01462_v2.jpg
CLM-01087,train,Manual Review,1,CLM-01087_v1.jpg,train/manual_review/CLM-01087_v1.jpg
CLM-01087,train,Manual Review,2,CLM-01087_v2.jpg,train/manual_review/CLM-01087_v2.jpg
CLM-00882,train,Valid Claim,1,CLM-00882_v1.jpg,train/valid/CLM-00882_v1.jpg
CLM-00882,train,Valid Claim,2,CLM-00882_v2.jpg,train/valid/CLM-00882_v2.jpg
CLM-00842,train,Valid Claim,1,CLM-00842_v1.jpg,train/valid/CLM-00842_v1.jpg
CLM-00842,train,Valid Claim,2,CLM-00842_v2.jpg,train/valid/CLM-00842_v2.jpg
CLM-00521,train,Manual Review,1,CLM-00521_v1.jpg,train/manual_review/CLM-00521_v1.jpg
CLM-00521,train,Manual Review,2,CLM-00521_v2.jpg,train/manual_review/CLM-00521_v2.jpg
CLM-01317,train,Valid Claim,1,CLM-01317_v1.jpg,train/valid/CLM-01317_v1.jpg
CLM-01317,train,Valid Claim,2,CLM-01317_v2.jpg,train/valid/CLM-01317_v2.jpg
CLM-00101,train,Invalid Claim,1,CLM-00101_v1.jpg,train/invalid/CLM-00101_v1.jpg
CLM-00101,train,Invalid Claim,2,CLM-00101_v2.jpg,train/invalid/CLM-00101_v2.jpg
CLM-00153,train,Invalid Claim,1,CLM-00153_v1.jpg,train/invalid/CLM-00153_v1.jpg
CLM-00153,train,Invalid Claim,2,CLM-00153_v2.jpg,train/invalid/CLM-00153_v2.jpg
CLM-00296,train,Invalid Claim,1,CLM-00296_v1.jpg,train/invalid/CLM-00296_v1.jpg
CLM-00296,train,Invalid Claim,2,CLM-00296_v2.jpg,train/invalid/CLM-00296_v2.jpg
CLM-00088,train,Invalid Claim,1,CLM-00088_v1.jpg,train/invalid/CLM-00088_v1.jpg
CLM-00088,train,Invalid Claim,2,CLM-00088_v2.jpg,train/invalid/CLM-00088_v2.jpg
CLM-00913,train,Valid Claim,1,CLM-00913_v1.jpg,train/valid/CLM-00913_v1.jpg
CLM-00913,train,Valid Claim,2,CLM-00913_v2.jpg,train/valid/CLM-00913_v2.jpg
CLM-00974,train,Valid Claim,1,CLM-00974_v1.jpg,train/valid/CLM-00974_v1.jpg
CLM-00974,train,Valid Claim,2,CLM-00974_v2.jpg,train/valid/CLM-00974_v2.jpg
CLM-01409,train,Manual Review,1,CLM-01409_v1.jpg,train/manual_review/CLM-01409_v1.jpg
CLM-01409,train,Manual Review,2,CLM-01409_v2.jpg,train/manual_review/CLM-01409_v2.jpg
CLM-01170,train,Valid Claim,1,CLM-01170_v1.jpg,train/valid/CLM-01170_v1.jpg
CLM-01170,train,Valid Claim,2,CLM-01170_v2.jpg,train/valid/CLM-01170_v2.jpg
CLM-00080,train,Invalid Claim,1,CLM-00080_v1.jpg,train/invalid/CLM-00080_v1.jpg
CLM-00080,train,Invalid Claim,2,CLM-00080_v2.jpg,train/invalid/CLM-00080_v2.jpg
CLM-00178,train,Invalid Claim,1,CLM-00178_v1.jpg,train/invalid/CLM-00178_v1.jpg
CLM-00178,train,Invalid Claim,2,CLM-00178_v2.jpg,train/invalid/CLM-00178_v2.jpg
CLM-00023,train,Manual Review,1,CLM-00023_v1.jpg,train/manual_review/CLM-00023_v1.jpg
CLM-00023,train,Manual Review,2,CLM-00023_v2.jpg,train/manual_review/CLM-00023_v2.jpg
CLM-01211,train,Valid Claim,1,CLM-01211_v1.jpg,train/valid/CLM-01211_v1.jpg
CLM-01211,train,Valid Claim,2,CLM-01211_v2.jpg,train/valid/CLM-01211_v2.jpg
CLM-01235,train,Invalid Claim,1,CLM-01235_v1.jpg,train/invalid/CLM-01235_v1.jpg
CLM-01235,train,Invalid Claim,2,CLM-01235_v2.jpg,train/invalid/CLM-01235_v2.jpg
CLM-00581,train,Manual Review,1,CLM-00581_v1.jpg,train/manual_review/CLM-00581_v1.jpg
CLM-00581,train,Manual Review,2,CLM-00581_v2.jpg,train/manual_review/CLM-00581_v2.jpg
CLM-00054,train,Manual Review,1,CLM-00054_v1.jpg,train/manual_review/CLM-00054_v1.jpg
CLM-00054,train,Manual Review,2,CLM-00054_v2.jpg,train/manual_review/CLM-00054_v2.jpg
CLM-00377,train,Manual Review,1,CLM-00377_v1.jpg,train/manual_review/CLM-00377_v1.jpg
CLM-00377,train,Manual Review,2,CLM-00377_v2.jpg,train/manual_review/CLM-00377_v2.jpg
CLM-01009,train,Valid Claim,1,CLM-01009_v1.jpg,train/valid/CLM-01009_v1.jpg
CLM-01009,train,Valid Claim,2,CLM-01009_v2.jpg,train/valid/CLM-01009_v2.jpg
CLM-00692,train,Invalid Claim,1,CLM-00692_v1.jpg,train/invalid/CLM-00692_v1.jpg
CLM-00692,train,Invalid Claim,2,CLM-00692_v2.jpg,train/invalid/CLM-00692_v2.jpg
CLM-01161,train,Valid Claim,1,CLM-01161_v1.jpg,train/valid/CLM-01161_v1.jpg
CLM-01161,train,Valid Claim,2,CLM-01161_v2.jpg,train/valid/CLM-01161_v2.jpg
CLM-00420,train,Manual Review,1,CLM-00420_v1.jpg,train/manual_review/CLM-00420_v1.jpg
CLM-00420,train,Manual Review,2,CLM-00420_v2.jpg,train/manual_review/CLM-00420_v2.jpg
CLM-00360,train,Valid Claim,1,CLM-00360_v1.jpg,train/valid/CLM-00360_v1.jpg
CLM-00360,train,Valid Claim,2,CLM-00360_v2.jpg,train/valid/CLM-00360_v2.jpg
CLM-01039,train,Manual Review,1,CLM-01039_v1.jpg,train/manual_review/CLM-01039_v1.jpg
CLM-01039,train,Manual Review,2,CLM-01039_v2.jpg,train/manual_review/CLM-01039_v2.jpg
CLM-01378,train,Manual Review,1,CLM-01378_v1.jpg,train/manual_review/CLM-01378_v1.jpg
CLM-01378,train,Manual Review,2,CLM-01378_v2.jpg,train/manual_review/CLM-01378_v2.jpg
CLM-00887,train,Manual Review,1,CLM-00887_v1.jpg,train/manual_review/CLM-00887_v1.jpg
CLM-00887,train,Manual Review,2,CLM-00887_v2.jpg,train/manual_review/CLM-00887_v2.jpg
CLM-00653,train,Valid Claim,1,CLM-00653_v1.jpg,train/valid/CLM-00653_v1.jpg
CLM-00653,train,Valid Claim,2,CLM-00653_v2.jpg,train/valid/CLM-00653_v2.jpg
CLM-01086,train,Manual Review,1,CLM-01086_v1.jpg,train/manual_review/CLM-01086_v1.jpg
CLM-01086,train,Manual Review,2,CLM-01086_v2.jpg,train/manual_review/CLM-01086_v2.jpg
CLM-00705,train,Invalid Claim,1,CLM-00705_v1.jpg,train/invalid/CLM-00705_v1.jpg
CLM-00705,train,Invalid Claim,2,CLM-00705_v2.jpg,train/invalid/CLM-00705_v2.jpg
CLM-00071,train,Valid Claim,1,CLM-00071_v1.jpg,train/valid/CLM-00071_v1.jpg
CLM-00071,train,Valid Claim,2,CLM-00071_v2.jpg,train/valid/CLM-00071_v2.jpg
CLM-01028,train,Valid Claim,1,CLM-01028_v1.jpg,train/valid/CLM-01028_v1.jpg
CLM-01028,train,Valid Claim,2,CLM-01028_v2.jpg,train/valid/CLM-01028_v2.jpg
CLM-01461,train,Invalid Claim,1,CLM-01461_v1.jpg,train/invalid/CLM-01461_v1.jpg
CLM-01461,train,Invalid Claim,2,CLM-01461_v2.jpg,train/invalid/CLM-01461_v2.jpg
CLM-00492,train,Invalid Claim,1,CLM-00492_v1.jpg,train/invalid/CLM-00492_v1.jpg
CLM-00492,train,Invalid Claim,2,CLM-00492_v2.jpg,train/invalid/CLM-00492_v2.jpg
CLM-00794,train,Manual Review,1,CLM-00794_v1.jpg,train/manual_review/CLM-00794_v1.jpg
CLM-00794,train,Manual Review,2,CLM-00794_v2.jpg,train/manual_review/CLM-00794_v2.jpg
CLM-01265,train,Manual Review,1,CLM-01265_v1.jpg,train/manual_review/CLM-01265_v1.jpg
CLM-01265,train,Manual Review,2,CLM-01265_v2.jpg,train/manual_review/CLM-01265_v2.jpg
CLM-00180,train,Manual Review,1,CLM-00180_v1.jpg,train/manual_review/CLM-00180_v1.jpg
CLM-00180,train,Manual Review,2,CLM-00180_v2.jpg,train/manual_review/CLM-00180_v2.jpg
CLM-01007,train,Invalid Claim,1,CLM-01007_v1.jpg,train/invalid/CLM-01007_v1.jpg
CLM-01007,train,Invalid Claim,2,CLM-01007_v2.jpg,train/invalid/CLM-01007_v2.jpg
CLM-00092,train,Valid Claim,1,CLM-00092_v1.jpg,train/valid/CLM-00092_v1.jpg
CLM-00092,train,Valid Claim,2,CLM-00092_v2.jpg,train/valid/CLM-00092_v2.jpg
CLM-01164,train,Invalid Claim,1,CLM-01164_v1.jpg,train/invalid/CLM-01164_v1.jpg
CLM-01164,train,Invalid Claim,2,CLM-01164_v2.jpg,train/invalid/CLM-01164_v2.jpg
CLM-00022,train,Manual Review,1,CLM-00022_v1.jpg,train/manual_review/CLM-00022_v1.jpg
CLM-00022,train,Manual Review,2,CLM-00022_v2.jpg,train/manual_review/CLM-00022_v2.jpg
CLM-01062,train,Invalid Claim,1,CLM-01062_v1.jpg,train/invalid/CLM-01062_v1.jpg
CLM-01062,train,Invalid Claim,2,CLM-01062_v2.jpg,train/invalid/CLM-01062_v2.jpg
CLM-00596,train,Manual Review,1,CLM-00596_v1.jpg,train/manual_review/CLM-00596_v1.jpg
CLM-00596,train,Manual Review,2,CLM-00596_v2.jpg,train/manual_review/CLM-00596_v2.jpg
CLM-00628,train,Manual Review,1,CLM-00628_v1.jpg,train/manual_review/CLM-00628_v1.jpg
CLM-00628,train,Manual Review,2,CLM-00628_v2.jpg,train/manual_review/CLM-00628_v2.jpg
CLM-00867,train,Invalid Claim,1,CLM-00867_v1.jpg,train/invalid/CLM-00867_v1.jpg
CLM-00867,train,Invalid Claim,2,CLM-00867_v2.jpg,train/invalid/CLM-00867_v2.jpg
CLM-00688,train,Invalid Claim,1,CLM-00688_v1.jpg,train/invalid/CLM-00688_v1.jpg
CLM-00688,train,Invalid Claim,2,CLM-00688_v2.jpg,train/invalid/CLM-00688_v2.jpg
CLM-01105,train,Invalid Claim,1,CLM-01105_v1.jpg,train/invalid/CLM-01105_v1.jpg
CLM-01105,train,Invalid Claim,2,CLM-01105_v2.jpg,train/invalid/CLM-01105_v2.jpg
CLM-00905,train,Manual Review,1,CLM-00905_v1.jpg,train/manual_review/CLM-00905_v1.jpg
CLM-00905,train,Manual Review,2,CLM-00905_v2.jpg,train/manual_review/CLM-00905_v2.jpg
CLM-00109,train,Valid Claim,1,CLM-00109_v1.jpg,train/valid/CLM-00109_v1.jpg
CLM-00109,train,Valid Claim,2,CLM-00109_v2.jpg,train/valid/CLM-00109_v2.jpg
CLM-00736,train,Valid Claim,1,CLM-00736_v1.jpg,train/valid/CLM-00736_v1.jpg
CLM-00736,train,Valid Claim,2,CLM-00736_v2.jpg,train/valid/CLM-00736_v2.jpg
CLM-01287,train,Valid Claim,1,CLM-01287_v1.jpg,train/valid/CLM-01287_v1.jpg
CLM-01287,train,Valid Claim,2,CLM-01287_v2.jpg,train/valid/CLM-01287_v2.jpg
CLM-00341,train,Valid Claim,1,CLM-00341_v1.jpg,train/valid/CLM-00341_v1.jpg
CLM-00341,train,Valid Claim,2,CLM-00341_v2.jpg,train/valid/CLM-00341_v2.jpg
CLM-00664,train,Invalid Claim,1,CLM-00664_v1.jpg,train/invalid/CLM-00664_v1.jpg
CLM-00664,train,Invalid Claim,2,CLM-00664_v2.jpg,train/invalid/CLM-00664_v2.jpg
CLM-00649,train,Valid Claim,1,CLM-00649_v1.jpg,train/valid/CLM-00649_v1.jpg
CLM-00649,train,Valid Claim,2,CLM-00649_v2.jpg,train/valid/CLM-00649_v2.jpg
CLM-00324,train,Invalid Claim,1,CLM-00324_v1.jpg,train/invalid/CLM-00324_v1.jpg
CLM-00324,train,Invalid Claim,2,CLM-00324_v2.jpg,train/invalid/CLM-00324_v2.jpg
CLM-00520,train,Manual Review,1,CLM-00520_v1.jpg,train/manual_review/CLM-00520_v1.jpg
CLM-00520,train,Manual Review,2,CLM-00520_v2.jpg,train/manual_review/CLM-00520_v2.jpg
CLM-00079,train,Valid Claim,1,CLM-00079_v1.jpg,train/valid/CLM-00079_v1.jpg
CLM-00079,train,Valid Claim,2,CLM-00079_v2.jpg,train/valid/CLM-00079_v2.jpg
CLM-00242,train,Manual Review,1,CLM-00242_v1.jpg,train/manual_review/CLM-00242_v1.jpg
CLM-00242,train,Manual Review,2,CLM-00242_v2.jpg,train/manual_review/CLM-00242_v2.jpg
CLM-00854,train,Valid Claim,1,CLM-00854_v1.jpg,train/valid/CLM-00854_v1.jpg
CLM-00854,train,Valid Claim,2,CLM-00854_v2.jpg,train/valid/CLM-00854_v2.jpg
CLM-00041,train,Manual Review,1,CLM-00041_v1.jpg,train/manual_review/CLM-00041_v1.jpg
CLM-00041,train,Manual Review,2,CLM-00041_v2.jpg,train/manual_review/CLM-00041_v2.jpg
CLM-00562,train,Valid Claim,1,CLM-00562_v1.jpg,train/valid/CLM-00562_v1.jpg
CLM-00562,train,Valid Claim,2,CLM-00562_v2.jpg,train/valid/CLM-00562_v2.jpg
CLM-00569,train,Invalid Claim,1,CLM-00569_v1.jpg,train/invalid/CLM-00569_v1.jpg
CLM-00569,train,Invalid Claim,2,CLM-00569_v2.jpg,train/invalid/CLM-00569_v2.jpg
CLM-01333,train,Manual Review,1,CLM-01333_v1.jpg,train/manual_review/CLM-01333_v1.jpg
CLM-01333,train,Manual Review,2,CLM-01333_v2.jpg,train/manual_review/CLM-01333_v2.jpg
CLM-01220,train,Manual Review,1,CLM-01220_v1.jpg,train/manual_review/CLM-01220_v1.jpg
CLM-01220,train,Manual Review,2,CLM-01220_v2.jpg,train/manual_review/CLM-01220_v2.jpg
CLM-00892,train,Invalid Claim,1,CLM-00892_v1.jpg,train/invalid/CLM-00892_v1.jpg
CLM-00892,train,Invalid Claim,2,CLM-00892_v2.jpg,train/invalid/CLM-00892_v2.jpg
CLM-00243,train,Invalid Claim,1,CLM-00243_v1.jpg,train/invalid/CLM-00243_v1.jpg
CLM-00243,train,Invalid Claim,2,CLM-00243_v2.jpg,train/invalid/CLM-00243_v2.jpg
CLM-01151,train,Invalid Claim,1,CLM-01151_v1.jpg,train/invalid/CLM-01151_v1.jpg
CLM-01151,train,Invalid Claim,2,CLM-01151_v2.jpg,train/invalid/CLM-01151_v2.jpg
CLM-01057,train,Valid Claim,1,CLM-01057_v1.jpg,train/valid/CLM-01057_v1.jpg
CLM-01057,train,Valid Claim,2,CLM-01057_v2.jpg,train/valid/CLM-01057_v2.jpg
CLM-01256,train,Manual Review,1,CLM-01256_v1.jpg,train/manual_review/CLM-01256_v1.jpg
CLM-01256,train,Manual Review,2,CLM-01256_v2.jpg,train/manual_review/CLM-01256_v2.jpg
CLM-00258,train,Invalid Claim,1,CLM-00258_v1.jpg,train/invalid/CLM-00258_v1.jpg
CLM-00258,train,Invalid Claim,2,CLM-00258_v2.jpg,train/invalid/CLM-00258_v2.jpg
CLM-00732,train,Invalid Claim,1,CLM-00732_v1.jpg,train/invalid/CLM-00732_v1.jpg
CLM-00732,train,Invalid Claim,2,CLM-00732_v2.jpg,train/invalid/CLM-00732_v2.jpg
CLM-00885,train,Invalid Claim,1,CLM-00885_v1.jpg,train/invalid/CLM-00885_v1.jpg
CLM-00885,train,Invalid Claim,2,CLM-00885_v2.jpg,train/invalid/CLM-00885_v2.jpg
CLM-00904,train,Invalid Claim,1,CLM-00904_v1.jpg,train/invalid/CLM-00904_v1.jpg
CLM-00904,train,Invalid Claim,2,CLM-00904_v2.jpg,train/invalid/CLM-00904_v2.jpg
CLM-00709,train,Valid Claim,1,CLM-00709_v1.jpg,train/valid/CLM-00709_v1.jpg
CLM-00709,train,Valid Claim,2,CLM-00709_v2.jpg,train/valid/CLM-00709_v2.jpg
CLM-00761,train,Valid Claim,1,CLM-00761_v1.jpg,train/valid/CLM-00761_v1.jpg
CLM-00761,train,Valid Claim,2,CLM-00761_v2.jpg,train/valid/CLM-00761_v2.jpg
CLM-00724,train,Manual Review,1,CLM-00724_v1.jpg,train/manual_review/CLM-00724_v1.jpg
CLM-00724,train,Manual Review,2,CLM-00724_v2.jpg,train/manual_review/CLM-00724_v2.jpg
CLM-01301,train,Manual Review,1,CLM-01301_v1.jpg,train/manual_review/CLM-01301_v1.jpg
CLM-01301,train,Manual Review,2,CLM-01301_v2.jpg,train/manual_review/CLM-01301_v2.jpg
CLM-00660,train,Manual Review,1,CLM-00660_v1.jpg,train/manual_review/CLM-00660_v1.jpg
CLM-00660,train,Manual Review,2,CLM-00660_v2.jpg,train/manual_review/CLM-00660_v2.jpg
CLM-00604,train,Manual Review,1,CLM-00604_v1.jpg,train/manual_review/CLM-00604_v1.jpg
CLM-00604,train,Manual Review,2,CLM-00604_v2.jpg,train/manual_review/CLM-00604_v2.jpg
CLM-01232,train,Manual Review,1,CLM-01232_v1.jpg,train/manual_review/CLM-01232_v1.jpg
CLM-01232,train,Manual Review,2,CLM-01232_v2.jpg,train/manual_review/CLM-01232_v2.jpg
CLM-00746,train,Valid Claim,1,CLM-00746_v1.jpg,train/valid/CLM-00746_v1.jpg
CLM-00746,train,Valid Claim,2,CLM-00746_v2.jpg,train/valid/CLM-00746_v2.jpg
CLM-00651,train,Valid Claim,1,CLM-00651_v1.jpg,train/valid/CLM-00651_v1.jpg
CLM-00651,train,Valid Claim,2,CLM-00651_v2.jpg,train/valid/CLM-00651_v2.jpg
CLM-01452,train,Invalid Claim,1,CLM-01452_v1.jpg,train/invalid/CLM-01452_v1.jpg
CLM-01452,train,Invalid Claim,2,CLM-01452_v2.jpg,train/invalid/CLM-01452_v2.jpg
CLM-01454,train,Invalid Claim,1,CLM-01454_v1.jpg,train/invalid/CLM-01454_v1.jpg
CLM-01454,train,Invalid Claim,2,CLM-01454_v2.jpg,train/invalid/CLM-01454_v2.jpg
CLM-00815,train,Valid Claim,1,CLM-00815_v1.jpg,train/valid/CLM-00815_v1.jpg
CLM-00815,train,Valid Claim,2,CLM-00815_v2.jpg,train/valid/CLM-00815_v2.jpg
CLM-01328,train,Invalid Claim,1,CLM-01328_v1.jpg,train/invalid/CLM-01328_v1.jpg
CLM-01328,train,Invalid Claim,2,CLM-01328_v2.jpg,train/invalid/CLM-01328_v2.jpg
CLM-01442,train,Invalid Claim,1,CLM-01442_v1.jpg,train/invalid/CLM-01442_v1.jpg
CLM-01442,train,Invalid Claim,2,CLM-01442_v2.jpg,train/invalid/CLM-01442_v2.jpg
CLM-00893,train,Valid Claim,1,CLM-00893_v1.jpg,train/valid/CLM-00893_v1.jpg
CLM-00893,train,Valid Claim,2,CLM-00893_v2.jpg,train/valid/CLM-00893_v2.jpg
CLM-00017,train,Manual Review,1,CLM-00017_v1.jpg,train/manual_review/CLM-00017_v1.jpg
CLM-00017,train,Manual Review,2,CLM-00017_v2.jpg,train/manual_review/CLM-00017_v2.jpg
CLM-00874,train,Manual Review,1,CLM-00874_v1.jpg,train/manual_review/CLM-00874_v1.jpg
CLM-00874,train,Manual Review,2,CLM-00874_v2.jpg,train/manual_review/CLM-00874_v2.jpg
CLM-01130,train,Manual Review,1,CLM-01130_v1.jpg,train/manual_review/CLM-01130_v1.jpg
CLM-01130,train,Manual Review,2,CLM-01130_v2.jpg,train/manual_review/CLM-01130_v2.jpg
CLM-01374,train,Valid Claim,1,CLM-01374_v1.jpg,train/valid/CLM-01374_v1.jpg
CLM-01374,train,Valid Claim,2,CLM-01374_v2.jpg,train/valid/CLM-01374_v2.jpg
CLM-00065,train,Invalid Claim,1,CLM-00065_v1.jpg,train/invalid/CLM-00065_v1.jpg
CLM-00065,train,Invalid Claim,2,CLM-00065_v2.jpg,train/invalid/CLM-00065_v2.jpg
CLM-01143,train,Invalid Claim,1,CLM-01143_v1.jpg,train/invalid/CLM-01143_v1.jpg
CLM-01143,train,Invalid Claim,2,CLM-01143_v2.jpg,train/invalid/CLM-01143_v2.jpg
CLM-00640,train,Manual Review,1,CLM-00640_v1.jpg,train/manual_review/CLM-00640_v1.jpg
CLM-00640,train,Manual Review,2,CLM-00640_v2.jpg,train/manual_review/CLM-00640_v2.jpg
CLM-01026,train,Manual Review,1,CLM-01026_v1.jpg,train/manual_review/CLM-01026_v1.jpg
CLM-01026,train,Manual Review,2,CLM-01026_v2.jpg,train/manual_review/CLM-01026_v2.jpg
CLM-00730,train,Manual Review,1,CLM-00730_v1.jpg,train/manual_review/CLM-00730_v1.jpg
CLM-00730,train,Manual Review,2,CLM-00730_v2.jpg,train/manual_review/CLM-00730_v2.jpg
CLM-00196,train,Valid Claim,1,CLM-00196_v1.jpg,train/valid/CLM-00196_v1.jpg
CLM-00196,train,Valid Claim,2,CLM-00196_v2.jpg,train/valid/CLM-00196_v2.jpg
CLM-00969,train,Invalid Claim,1,CLM-00969_v1.jpg,train/invalid/CLM-00969_v1.jpg
CLM-00969,train,Invalid Claim,2,CLM-00969_v2.jpg,train/invalid/CLM-00969_v2.jpg
CLM-00412,train,Valid Claim,1,CLM-00412_v1.jpg,train/valid/CLM-00412_v1.jpg
CLM-00412,train,Valid Claim,2,CLM-00412_v2.jpg,train/valid/CLM-00412_v2.jpg
CLM-00455,train,Invalid Claim,1,CLM-00455_v1.jpg,train/invalid/CLM-00455_v1.jpg
CLM-00455,train,Invalid Claim,2,CLM-00455_v2.jpg,train/invalid/CLM-00455_v2.jpg
CLM-01242,train,Valid Claim,1,CLM-01242_v1.jpg,train/valid/CLM-01242_v1.jpg
CLM-01242,train,Valid Claim,2,CLM-01242_v2.jpg,train/valid/CLM-01242_v2.jpg
CLM-00427,train,Invalid Claim,1,CLM-00427_v1.jpg,train/invalid/CLM-00427_v1.jpg
CLM-00427,train,Invalid Claim,2,CLM-00427_v2.jpg,train/invalid/CLM-00427_v2.jpg
CLM-00193,train,Manual Review,1,CLM-00193_v1.jpg,train/manual_review/CLM-00193_v1.jpg
CLM-00193,train,Manual Review,2,CLM-00193_v2.jpg,train/manual_review/CLM-00193_v2.jpg
CLM-01391,train,Valid Claim,1,CLM-01391_v1.jpg,train/valid/CLM-01391_v1.jpg
CLM-01391,train,Valid Claim,2,CLM-01391_v2.jpg,train/valid/CLM-01391_v2.jpg
CLM-00515,train,Manual Review,1,CLM-00515_v1.jpg,train/manual_review/CLM-00515_v1.jpg
CLM-00515,train,Manual Review,2,CLM-00515_v2.jpg,train/manual_review/CLM-00515_v2.jpg
CLM-01071,train,Invalid Claim,1,CLM-01071_v1.jpg,train/invalid/CLM-01071_v1.jpg
CLM-01071,train,Invalid Claim,2,CLM-01071_v2.jpg,train/invalid/CLM-01071_v2.jpg
CLM-01116,train,Valid Claim,1,CLM-01116_v1.jpg,train/valid/CLM-01116_v1.jpg
CLM-01116,train,Valid Claim,2,CLM-01116_v2.jpg,train/valid/CLM-01116_v2.jpg
CLM-00896,train,Manual Review,1,CLM-00896_v1.jpg,train/manual_review/CLM-00896_v1.jpg
CLM-00896,train,Manual Review,2,CLM-00896_v2.jpg,train/manual_review/CLM-00896_v2.jpg
CLM-00289,train,Valid Claim,1,CLM-00289_v1.jpg,train/valid/CLM-00289_v1.jpg
CLM-00289,train,Valid Claim,2,CLM-00289_v2.jpg,train/valid/CLM-00289_v2.jpg
CLM-00735,train,Valid Claim,1,CLM-00735_v1.jpg,train/valid/CLM-00735_v1.jpg
CLM-00735,train,Valid Claim,2,CLM-00735_v2.jpg,train/valid/CLM-00735_v2.jpg
CLM-00122,train,Manual Review,1,CLM-00122_v1.jpg,train/manual_review/CLM-00122_v1.jpg
CLM-00122,train,Manual Review,2,CLM-00122_v2.jpg,train/manual_review/CLM-00122_v2.jpg
CLM-00958,train,Manual Review,1,CLM-00958_v1.jpg,train/manual_review/CLM-00958_v1.jpg
CLM-00958,train,Manual Review,2,CLM-00958_v2.jpg,train/manual_review/CLM-00958_v2.jpg
CLM-00037,train,Valid Claim,1,CLM-00037_v1.jpg,train/valid/CLM-00037_v1.jpg
CLM-00037,train,Valid Claim,2,CLM-00037_v2.jpg,train/valid/CLM-00037_v2.jpg
CLM-00124,train,Valid Claim,1,CLM-00124_v1.jpg,train/valid/CLM-00124_v1.jpg
CLM-00124,train,Valid Claim,2,CLM-00124_v2.jpg,train/valid/CLM-00124_v2.jpg
CLM-01309,train,Valid Claim,1,CLM-01309_v1.jpg,train/valid/CLM-01309_v1.jpg
CLM-01309,train,Valid Claim,2,CLM-01309_v2.jpg,train/valid/CLM-01309_v2.jpg
CLM-00284,train,Invalid Claim,1,CLM-00284_v1.jpg,train/invalid/CLM-00284_v1.jpg
CLM-00284,train,Invalid Claim,2,CLM-00284_v2.jpg,train/invalid/CLM-00284_v2.jpg
CLM-00941,train,Manual Review,1,CLM-00941_v1.jpg,train/manual_review/CLM-00941_v1.jpg
CLM-00941,train,Manual Review,2,CLM-00941_v2.jpg,train/manual_review/CLM-00941_v2.jpg
CLM-00938,train,Invalid Claim,1,CLM-00938_v1.jpg,train/invalid/CLM-00938_v1.jpg
CLM-00938,train,Invalid Claim,2,CLM-00938_v2.jpg,train/invalid/CLM-00938_v2.jpg
CLM-01296,train,Valid Claim,1,CLM-01296_v1.jpg,train/valid/CLM-01296_v1.jpg
CLM-01296,train,Valid Claim,2,CLM-01296_v2.jpg,train/valid/CLM-01296_v2.jpg
CLM-00165,train,Valid Claim,1,CLM-00165_v1.jpg,train/valid/CLM-00165_v1.jpg
CLM-00165,train,Valid Claim,2,CLM-00165_v2.jpg,train/valid/CLM-00165_v2.jpg
CLM-00012,train,Manual Review,1,CLM-00012_v1.jpg,train/manual_review/CLM-00012_v1.jpg
CLM-00012,train,Manual Review,2,CLM-00012_v2.jpg,train/manual_review/CLM-00012_v2.jpg
CLM-00921,train,Manual Review,1,CLM-00921_v1.jpg,train/manual_review/CLM-00921_v1.jpg
CLM-00921,train,Manual Review,2,CLM-00921_v2.jpg,train/manual_review/CLM-00921_v2.jpg
CLM-00497,train,Invalid Claim,1,CLM-00497_v1.jpg,train/invalid/CLM-00497_v1.jpg
CLM-00497,train,Invalid Claim,2,CLM-00497_v2.jpg,train/invalid/CLM-00497_v2.jpg
CLM-01310,train,Valid Claim,1,CLM-01310_v1.jpg,train/valid/CLM-01310_v1.jpg
CLM-01310,train,Valid Claim,2,CLM-01310_v2.jpg,train/valid/CLM-01310_v2.jpg
CLM-00667,train,Invalid Claim,1,CLM-00667_v1.jpg,train/invalid/CLM-00667_v1.jpg
CLM-00667,train,Invalid Claim,2,CLM-00667_v2.jpg,train/invalid/CLM-00667_v2.jpg
CLM-00848,train,Invalid Claim,1,CLM-00848_v1.jpg,train/invalid/CLM-00848_v1.jpg
CLM-00848,train,Invalid Claim,2,CLM-00848_v2.jpg,train/invalid/CLM-00848_v2.jpg
CLM-01078,train,Valid Claim,1,CLM-01078_v1.jpg,train/valid/CLM-01078_v1.jpg
CLM-01078,train,Valid Claim,2,CLM-01078_v2.jpg,train/valid/CLM-01078_v2.jpg
CLM-01082,train,Valid Claim,1,CLM-01082_v1.jpg,train/valid/CLM-01082_v1.jpg
CLM-01082,train,Valid Claim,2,CLM-01082_v2.jpg,train/valid/CLM-01082_v2.jpg
CLM-00961,train,Invalid Claim,1,CLM-00961_v1.jpg,train/invalid/CLM-00961_v1.jpg
CLM-00961,train,Invalid Claim,2,CLM-00961_v2.jpg,train/invalid/CLM-00961_v2.jpg
CLM-00616,train,Manual Review,1,CLM-00616_v1.jpg,train/manual_review/CLM-00616_v1.jpg
CLM-00616,train,Manual Review,2,CLM-00616_v2.jpg,train/manual_review/CLM-00616_v2.jpg
CLM-00368,train,Invalid Claim,1,CLM-00368_v1.jpg,train/invalid/CLM-00368_v1.jpg
CLM-00368,train,Invalid Claim,2,CLM-00368_v2.jpg,train/invalid/CLM-00368_v2.jpg
CLM-00837,train,Manual Review,1,CLM-00837_v1.jpg,train/manual_review/CLM-00837_v1.jpg
CLM-00837,train,Manual Review,2,CLM-00837_v2.jpg,train/manual_review/CLM-00837_v2.jpg
CLM-01255,train,Manual Review,1,CLM-01255_v1.jpg,train/manual_review/CLM-01255_v1.jpg
CLM-01255,train,Manual Review,2,CLM-01255_v2.jpg,train/manual_review/CLM-01255_v2.jpg
CLM-00264,train,Invalid Claim,1,CLM-00264_v1.jpg,train/invalid/CLM-00264_v1.jpg
CLM-00264,train,Invalid Claim,2,CLM-00264_v2.jpg,train/invalid/CLM-00264_v2.jpg
CLM-00990,train,Valid Claim,1,CLM-00990_v1.jpg,train/valid/CLM-00990_v1.jpg
CLM-00990,train,Valid Claim,2,CLM-00990_v2.jpg,train/valid/CLM-00990_v2.jpg
CLM-01417,train,Manual Review,1,CLM-01417_v1.jpg,train/manual_review/CLM-01417_v1.jpg
CLM-01417,train,Manual Review,2,CLM-01417_v2.jpg,train/manual_review/CLM-01417_v2.jpg
CLM-00803,train,Invalid Claim,1,CLM-00803_v1.jpg,train/invalid/CLM-00803_v1.jpg
CLM-00803,train,Invalid Claim,2,CLM-00803_v2.jpg,train/invalid/CLM-00803_v2.jpg
CLM-01445,train,Valid Claim,1,CLM-01445_v1.jpg,train/valid/CLM-01445_v1.jpg
CLM-01445,train,Valid Claim,2,CLM-01445_v2.jpg,train/valid/CLM-01445_v2.jpg
CLM-00179,train,Valid Claim,1,CLM-00179_v1.jpg,train/valid/CLM-00179_v1.jpg
CLM-00179,train,Valid Claim,2,CLM-00179_v2.jpg,train/valid/CLM-00179_v2.jpg
CLM-01206,train,Invalid Claim,1,CLM-01206_v1.jpg,train/invalid/CLM-01206_v1.jpg
CLM-01206,train,Invalid Claim,2,CLM-01206_v2.jpg,train/invalid/CLM-01206_v2.jpg
CLM-00599,train,Valid Claim,1,CLM-00599_v1.jpg,train/valid/CLM-00599_v1.jpg
CLM-00599,train,Valid Claim,2,CLM-00599_v2.jpg,train/valid/CLM-00599_v2.jpg
CLM-01050,train,Valid Claim,1,CLM-01050_v1.jpg,train/valid/CLM-01050_v1.jpg
CLM-01050,train,Valid Claim,2,CLM-01050_v2.jpg,train/valid/CLM-01050_v2.jpg
CLM-01358,train,Invalid Claim,1,CLM-01358_v1.jpg,train/invalid/CLM-01358_v1.jpg
CLM-01358,train,Invalid Claim,2,CLM-01358_v2.jpg,train/invalid/CLM-01358_v2.jpg
CLM-01276,train,Manual Review,1,CLM-01276_v1.jpg,train/manual_review/CLM-01276_v1.jpg
CLM-01276,train,Manual Review,2,CLM-01276_v2.jpg,train/manual_review/CLM-01276_v2.jpg
CLM-00662,train,Manual Review,1,CLM-00662_v1.jpg,train/manual_review/CLM-00662_v1.jpg
CLM-00662,train,Manual Review,2,CLM-00662_v2.jpg,train/manual_review/CLM-00662_v2.jpg
CLM-00979,train,Invalid Claim,1,CLM-00979_v1.jpg,train/invalid/CLM-00979_v1.jpg
CLM-00979,train,Invalid Claim,2,CLM-00979_v2.jpg,train/invalid/CLM-00979_v2.jpg
CLM-00389,train,Valid Claim,1,CLM-00389_v1.jpg,train/valid/CLM-00389_v1.jpg
CLM-00389,train,Valid Claim,2,CLM-00389_v2.jpg,train/valid/CLM-00389_v2.jpg
CLM-00700,train,Invalid Claim,1,CLM-00700_v1.jpg,train/invalid/CLM-00700_v1.jpg
CLM-00700,train,Invalid Claim,2,CLM-00700_v2.jpg,train/invalid/CLM-00700_v2.jpg
CLM-00973,train,Manual Review,1,CLM-00973_v1.jpg,train/manual_review/CLM-00973_v1.jpg
CLM-00973,train,Manual Review,2,CLM-00973_v2.jpg,train/manual_review/CLM-00973_v2.jpg
CLM-01030,train,Manual Review,1,CLM-01030_v1.jpg,train/manual_review/CLM-01030_v1.jpg
CLM-01030,train,Manual Review,2,CLM-01030_v2.jpg,train/manual_review/CLM-01030_v2.jpg
CLM-00708,train,Invalid Claim,1,CLM-00708_v1.jpg,train/invalid/CLM-00708_v1.jpg
CLM-00708,train,Invalid Claim,2,CLM-00708_v2.jpg,train/invalid/CLM-00708_v2.jpg
CLM-00525,train,Invalid Claim,1,CLM-00525_v1.jpg,train/invalid/CLM-00525_v1.jpg
CLM-00525,train,Invalid Claim,2,CLM-00525_v2.jpg,train/invalid/CLM-00525_v2.jpg
CLM-00425,train,Invalid Claim,1,CLM-00425_v1.jpg,train/invalid/CLM-00425_v1.jpg
CLM-00425,train,Invalid Claim,2,CLM-00425_v2.jpg,train/invalid/CLM-00425_v2.jpg
CLM-00140,train,Valid Claim,1,CLM-00140_v1.jpg,train/valid/CLM-00140_v1.jpg
CLM-00140,train,Valid Claim,2,CLM-00140_v2.jpg,train/valid/CLM-00140_v2.jpg
CLM-00771,train,Manual Review,1,CLM-00771_v1.jpg,train/manual_review/CLM-00771_v1.jpg
CLM-00771,train,Manual Review,2,CLM-00771_v2.jpg,train/manual_review/CLM-00771_v2.jpg
CLM-00609,train,Manual Review,1,CLM-00609_v1.jpg,train/manual_review/CLM-00609_v1.jpg
CLM-00609,train,Manual Review,2,CLM-00609_v2.jpg,train/manual_review/CLM-00609_v2.jpg
CLM-00123,train,Manual Review,1,CLM-00123_v1.jpg,train/manual_review/CLM-00123_v1.jpg
CLM-00123,train,Manual Review,2,CLM-00123_v2.jpg,train/manual_review/CLM-00123_v2.jpg
CLM-01360,train,Valid Claim,1,CLM-01360_v1.jpg,train/valid/CLM-01360_v1.jpg
CLM-01360,train,Valid Claim,2,CLM-01360_v2.jpg,train/valid/CLM-01360_v2.jpg
CLM-01302,train,Manual Review,1,CLM-01302_v1.jpg,train/manual_review/CLM-01302_v1.jpg
CLM-01302,train,Manual Review,2,CLM-01302_v2.jpg,train/manual_review/CLM-01302_v2.jpg
CLM-00471,train,Valid Claim,1,CLM-00471_v1.jpg,train/valid/CLM-00471_v1.jpg
CLM-00471,train,Valid Claim,2,CLM-00471_v2.jpg,train/valid/CLM-00471_v2.jpg
CLM-00107,train,Valid Claim,1,CLM-00107_v1.jpg,train/valid/CLM-00107_v1.jpg
CLM-00107,train,Valid Claim,2,CLM-00107_v2.jpg,train/valid/CLM-00107_v2.jpg
CLM-00020,train,Valid Claim,1,CLM-00020_v1.jpg,train/valid/CLM-00020_v1.jpg
CLM-00020,train,Valid Claim,2,CLM-00020_v2.jpg,train/valid/CLM-00020_v2.jpg
CLM-00917,train,Invalid Claim,1,CLM-00917_v1.jpg,train/invalid/CLM-00917_v1.jpg
CLM-00917,train,Invalid Claim,2,CLM-00917_v2.jpg,train/invalid/CLM-00917_v2.jpg
CLM-00951,train,Manual Review,1,CLM-00951_v1.jpg,train/manual_review/CLM-00951_v1.jpg
CLM-00951,train,Manual Review,2,CLM-00951_v2.jpg,train/manual_review/CLM-00951_v2.jpg
CLM-00316,train,Invalid Claim,1,CLM-00316_v1.jpg,train/invalid/CLM-00316_v1.jpg
CLM-00316,train,Invalid Claim,2,CLM-00316_v2.jpg,train/invalid/CLM-00316_v2.jpg
CLM-00907,train,Manual Review,1,CLM-00907_v1.jpg,train/manual_review/CLM-00907_v1.jpg
CLM-00907,train,Manual Review,2,CLM-00907_v2.jpg,train/manual_review/CLM-00907_v2.jpg
CLM-00206,train,Invalid Claim,1,CLM-00206_v1.jpg,train/invalid/CLM-00206_v1.jpg
CLM-00206,train,Invalid Claim,2,CLM-00206_v2.jpg,train/invalid/CLM-00206_v2.jpg
CLM-01373,train,Invalid Claim,1,CLM-01373_v1.jpg,train/invalid/CLM-01373_v1.jpg
CLM-01373,train,Invalid Claim,2,CLM-01373_v2.jpg,train/invalid/CLM-01373_v2.jpg
CLM-00148,train,Manual Review,1,CLM-00148_v1.jpg,train/manual_review/CLM-00148_v1.jpg
CLM-00148,train,Manual Review,2,CLM-00148_v2.jpg,train/manual_review/CLM-00148_v2.jpg
CLM-00098,train,Valid Claim,1,CLM-00098_v1.jpg,train/valid/CLM-00098_v1.jpg
CLM-00098,train,Valid Claim,2,CLM-00098_v2.jpg,train/valid/CLM-00098_v2.jpg
CLM-00306,train,Valid Claim,1,CLM-00306_v1.jpg,train/valid/CLM-00306_v1.jpg
CLM-00306,train,Valid Claim,2,CLM-00306_v2.jpg,train/valid/CLM-00306_v2.jpg
CLM-00292,train,Manual Review,1,CLM-00292_v1.jpg,train/manual_review/CLM-00292_v1.jpg
CLM-00292,train,Manual Review,2,CLM-00292_v2.jpg,train/manual_review/CLM-00292_v2.jpg
CLM-01402,train,Manual Review,1,CLM-01402_v1.jpg,train/manual_review/CLM-01402_v1.jpg
CLM-01402,train,Manual Review,2,CLM-01402_v2.jpg,train/manual_review/CLM-01402_v2.jpg
CLM-00675,train,Valid Claim,1,CLM-00675_v1.jpg,train/valid/CLM-00675_v1.jpg
CLM-00675,train,Valid Claim,2,CLM-00675_v2.jpg,train/valid/CLM-00675_v2.jpg
CLM-01355,train,Manual Review,1,CLM-01355_v1.jpg,train/manual_review/CLM-01355_v1.jpg
CLM-01355,train,Manual Review,2,CLM-01355_v2.jpg,train/manual_review/CLM-01355_v2.jpg
CLM-01210,train,Valid Claim,1,CLM-01210_v1.jpg,train/valid/CLM-01210_v1.jpg
CLM-01210,train,Valid Claim,2,CLM-01210_v2.jpg,train/valid/CLM-01210_v2.jpg
CLM-01179,train,Invalid Claim,1,CLM-01179_v1.jpg,train/invalid/CLM-01179_v1.jpg
CLM-01179,train,Invalid Claim,2,CLM-01179_v2.jpg,train/invalid/CLM-01179_v2.jpg
CLM-00873,train,Invalid Claim,1,CLM-00873_v1.jpg,train/invalid/CLM-00873_v1.jpg
CLM-00873,train,Invalid Claim,2,CLM-00873_v2.jpg,train/invalid/CLM-00873_v2.jpg
CLM-00374,train,Invalid Claim,1,CLM-00374_v1.jpg,train/invalid/CLM-00374_v1.jpg
CLM-00374,train,Invalid Claim,2,CLM-00374_v2.jpg,train/invalid/CLM-00374_v2.jpg
CLM-00164,train,Manual Review,1,CLM-00164_v1.jpg,train/manual_review/CLM-00164_v1.jpg
CLM-00164,train,Manual Review,2,CLM-00164_v2.jpg,train/manual_review/CLM-00164_v2.jpg
CLM-00352,train,Invalid Claim,1,CLM-00352_v1.jpg,train/invalid/CLM-00352_v1.jpg
CLM-00352,train,Invalid Claim,2,CLM-00352_v2.jpg,train/invalid/CLM-00352_v2.jpg
CLM-01074,train,Manual Review,1,CLM-01074_v1.jpg,train/manual_review/CLM-01074_v1.jpg
CLM-01074,train,Manual Review,2,CLM-01074_v2.jpg,train/manual_review/CLM-01074_v2.jpg
CLM-00552,train,Manual Review,1,CLM-00552_v1.jpg,train/manual_review/CLM-00552_v1.jpg
CLM-00552,train,Manual Review,2,CLM-00552_v2.jpg,train/manual_review/CLM-00552_v2.jpg
CLM-00612,train,Valid Claim,1,CLM-00612_v1.jpg,train/valid/CLM-00612_v1.jpg
CLM-00612,train,Valid Claim,2,CLM-00612_v2.jpg,train/valid/CLM-00612_v2.jpg
CLM-01240,train,Manual Review,1,CLM-01240_v1.jpg,train/manual_review/CLM-01240_v1.jpg
CLM-01240,train,Manual Review,2,CLM-01240_v2.jpg,train/manual_review/CLM-01240_v2.jpg
CLM-00415,train,Invalid Claim,1,CLM-00415_v1.jpg,train/invalid/CLM-00415_v1.jpg
CLM-00415,train,Invalid Claim,2,CLM-00415_v2.jpg,train/invalid/CLM-00415_v2.jpg
CLM-00192,train,Invalid Claim,1,CLM-00192_v1.jpg,train/invalid/CLM-00192_v1.jpg
CLM-00192,train,Invalid Claim,2,CLM-00192_v2.jpg,train/invalid/CLM-00192_v2.jpg
CLM-00406,train,Invalid Claim,1,CLM-00406_v1.jpg,train/invalid/CLM-00406_v1.jpg
CLM-00406,train,Invalid Claim,2,CLM-00406_v2.jpg,train/invalid/CLM-00406_v2.jpg
CLM-00158,train,Valid Claim,1,CLM-00158_v1.jpg,train/valid/CLM-00158_v1.jpg
CLM-00158,train,Valid Claim,2,CLM-00158_v2.jpg,train/valid/CLM-00158_v2.jpg
CLM-01433,train,Valid Claim,1,CLM-01433_v1.jpg,train/valid/CLM-01433_v1.jpg
CLM-01433,train,Valid Claim,2,CLM-01433_v2.jpg,train/valid/CLM-01433_v2.jpg
CLM-00044,train,Invalid Claim,1,CLM-00044_v1.jpg,train/invalid/CLM-00044_v1.jpg
CLM-00044,train,Invalid Claim,2,CLM-00044_v2.jpg,train/invalid/CLM-00044_v2.jpg
CLM-00792,train,Manual Review,1,CLM-00792_v1.jpg,train/manual_review/CLM-00792_v1.jpg
CLM-00792,train,Manual Review,2,CLM-00792_v2.jpg,train/manual_review/CLM-00792_v2.jpg
CLM-00310,train,Valid Claim,1,CLM-00310_v1.jpg,train/valid/CLM-00310_v1.jpg
CLM-00310,train,Valid Claim,2,CLM-00310_v2.jpg,train/valid/CLM-00310_v2.jpg
CLM-00693,train,Invalid Claim,1,CLM-00693_v1.jpg,train/invalid/CLM-00693_v1.jpg
CLM-00693,train,Invalid Claim,2,CLM-00693_v2.jpg,train/invalid/CLM-00693_v2.jpg
CLM-00977,train,Valid Claim,1,CLM-00977_v1.jpg,train/valid/CLM-00977_v1.jpg
CLM-00977,train,Valid Claim,2,CLM-00977_v2.jpg,train/valid/CLM-00977_v2.jpg
CLM-00379,train,Manual Review,1,CLM-00379_v1.jpg,train/manual_review/CLM-00379_v1.jpg
CLM-00379,train,Manual Review,2,CLM-00379_v2.jpg,train/manual_review/CLM-00379_v2.jpg
CLM-00798,train,Manual Review,1,CLM-00798_v1.jpg,train/manual_review/CLM-00798_v1.jpg
CLM-00798,train,Manual Review,2,CLM-00798_v2.jpg,train/manual_review/CLM-00798_v2.jpg
CLM-00032,train,Invalid Claim,1,CLM-00032_v1.jpg,train/invalid/CLM-00032_v1.jpg
CLM-00032,train,Invalid Claim,2,CLM-00032_v2.jpg,train/invalid/CLM-00032_v2.jpg
CLM-01274,train,Valid Claim,1,CLM-01274_v1.jpg,train/valid/CLM-01274_v1.jpg
CLM-01274,train,Valid Claim,2,CLM-01274_v2.jpg,train/valid/CLM-01274_v2.jpg
CLM-01033,train,Invalid Claim,1,CLM-01033_v1.jpg,train/invalid/CLM-01033_v1.jpg
CLM-01033,train,Invalid Claim,2,CLM-01033_v2.jpg,train/invalid/CLM-01033_v2.jpg
CLM-00403,train,Manual Review,1,CLM-00403_v1.jpg,train/manual_review/CLM-00403_v1.jpg
CLM-00403,train,Manual Review,2,CLM-00403_v2.jpg,train/manual_review/CLM-00403_v2.jpg
CLM-00691,train,Manual Review,1,CLM-00691_v1.jpg,train/manual_review/CLM-00691_v1.jpg
CLM-00691,train,Manual Review,2,CLM-00691_v2.jpg,train/manual_review/CLM-00691_v2.jpg
CLM-00568,train,Invalid Claim,1,CLM-00568_v1.jpg,train/invalid/CLM-00568_v1.jpg
CLM-00568,train,Invalid Claim,2,CLM-00568_v2.jpg,train/invalid/CLM-00568_v2.jpg
CLM-00028,train,Manual Review,1,CLM-00028_v1.jpg,train/manual_review/CLM-00028_v1.jpg
CLM-00028,train,Manual Review,2,CLM-00028_v2.jpg,train/manual_review/CLM-00028_v2.jpg
CLM-00225,train,Valid Claim,1,CLM-00225_v1.jpg,train/valid/CLM-00225_v1.jpg
CLM-00225,train,Valid Claim,2,CLM-00225_v2.jpg,train/valid/CLM-00225_v2.jpg
CLM-00831,train,Invalid Claim,1,CLM-00831_v1.jpg,train/invalid/CLM-00831_v1.jpg
CLM-00831,train,Invalid Claim,2,CLM-00831_v2.jpg,train/invalid/CLM-00831_v2.jpg
CLM-01295,train,Valid Claim,1,CLM-01295_v1.jpg,train/valid/CLM-01295_v1.jpg
CLM-01295,train,Valid Claim,2,CLM-01295_v2.jpg,train/valid/CLM-01295_v2.jpg
CLM-00676,train,Valid Claim,1,CLM-00676_v1.jpg,train/valid/CLM-00676_v1.jpg
CLM-00676,train,Valid Claim,2,CLM-00676_v2.jpg,train/valid/CLM-00676_v2.jpg
CLM-01362,train,Invalid Claim,1,CLM-01362_v1.jpg,train/invalid/CLM-01362_v1.jpg
CLM-01362,train,Invalid Claim,2,CLM-01362_v2.jpg,train/invalid/CLM-01362_v2.jpg
CLM-00805,train,Valid Claim,1,CLM-00805_v1.jpg,train/valid/CLM-00805_v1.jpg
CLM-00805,train,Valid Claim,2,CLM-00805_v2.jpg,train/valid/CLM-00805_v2.jpg
CLM-01055,train,Valid Claim,1,CLM-01055_v1.jpg,train/valid/CLM-01055_v1.jpg
CLM-01055,train,Valid Claim,2,CLM-01055_v2.jpg,train/valid/CLM-01055_v2.jpg
CLM-01175,train,Invalid Claim,1,CLM-01175_v1.jpg,train/invalid/CLM-01175_v1.jpg
CLM-01175,train,Invalid Claim,2,CLM-01175_v2.jpg,train/invalid/CLM-01175_v2.jpg
CLM-00772,train,Valid Claim,1,CLM-00772_v1.jpg,train/valid/CLM-00772_v1.jpg
CLM-00772,train,Valid Claim,2,CLM-00772_v2.jpg,train/valid/CLM-00772_v2.jpg
CLM-00682,train,Invalid Claim,1,CLM-00682_v1.jpg,train/invalid/CLM-00682_v1.jpg
CLM-00682,train,Invalid Claim,2,CLM-00682_v2.jpg,train/invalid/CLM-00682_v2.jpg
CLM-01458,train,Invalid Claim,1,CLM-01458_v1.jpg,train/invalid/CLM-01458_v1.jpg
CLM-01458,train,Invalid Claim,2,CLM-01458_v2.jpg,train/invalid/CLM-01458_v2.jpg
CLM-00014,train,Manual Review,1,CLM-00014_v1.jpg,train/manual_review/CLM-00014_v1.jpg
CLM-00014,train,Manual Review,2,CLM-00014_v2.jpg,train/manual_review/CLM-00014_v2.jpg
CLM-00273,train,Valid Claim,1,CLM-00273_v1.jpg,train/valid/CLM-00273_v1.jpg
CLM-00273,train,Valid Claim,2,CLM-00273_v2.jpg,train/valid/CLM-00273_v2.jpg
CLM-00001,train,Manual Review,1,CLM-00001_v1.jpg,train/manual_review/CLM-00001_v1.jpg
CLM-00001,train,Manual Review,2,CLM-00001_v2.jpg,train/manual_review/CLM-00001_v2.jpg
CLM-00336,train,Manual Review,1,CLM-00336_v1.jpg,train/manual_review/CLM-00336_v1.jpg
CLM-00336,train,Manual Review,2,CLM-00336_v2.jpg,train/manual_review/CLM-00336_v2.jpg
CLM-00369,train,Valid Claim,1,CLM-00369_v1.jpg,train/valid/CLM-00369_v1.jpg
CLM-00369,train,Valid Claim,2,CLM-00369_v2.jpg,train/valid/CLM-00369_v2.jpg
CLM-00069,train,Manual Review,1,CLM-00069_v1.jpg,train/manual_review/CLM-00069_v1.jpg
CLM-00069,train,Manual Review,2,CLM-00069_v2.jpg,train/manual_review/CLM-00069_v2.jpg
CLM-01385,train,Valid Claim,1,CLM-01385_v1.jpg,train/valid/CLM-01385_v1.jpg
CLM-01385,train,Valid Claim,2,CLM-01385_v2.jpg,train/valid/CLM-01385_v2.jpg
CLM-00361,train,Invalid Claim,1,CLM-00361_v1.jpg,train/invalid/CLM-00361_v1.jpg
CLM-00361,train,Invalid Claim,2,CLM-00361_v2.jpg,train/invalid/CLM-00361_v2.jpg
CLM-00679,train,Valid Claim,1,CLM-00679_v1.jpg,train/valid/CLM-00679_v1.jpg
CLM-00679,train,Valid Claim,2,CLM-00679_v2.jpg,train/valid/CLM-00679_v2.jpg
CLM-01090,train,Manual Review,1,CLM-01090_v1.jpg,train/manual_review/CLM-01090_v1.jpg
CLM-01090,train,Manual Review,2,CLM-01090_v2.jpg,train/manual_review/CLM-01090_v2.jpg
CLM-00321,train,Invalid Claim,1,CLM-00321_v1.jpg,train/invalid/CLM-00321_v1.jpg
CLM-00321,train,Invalid Claim,2,CLM-00321_v2.jpg,train/invalid/CLM-00321_v2.jpg
CLM-00754,train,Manual Review,1,CLM-00754_v1.jpg,train/manual_review/CLM-00754_v1.jpg
CLM-00754,train,Manual Review,2,CLM-00754_v2.jpg,train/manual_review/CLM-00754_v2.jpg
CLM-00385,train,Invalid Claim,1,CLM-00385_v1.jpg,train/invalid/CLM-00385_v1.jpg
CLM-00385,train,Invalid Claim,2,CLM-00385_v2.jpg,train/invalid/CLM-00385_v2.jpg
CLM-01093,train,Invalid Claim,1,CLM-01093_v1.jpg,train/invalid/CLM-01093_v1.jpg
CLM-01093,train,Invalid Claim,2,CLM-01093_v2.jpg,train/invalid/CLM-01093_v2.jpg
CLM-00669,train,Invalid Claim,1,CLM-00669_v1.jpg,train/invalid/CLM-00669_v1.jpg
CLM-00669,train,Invalid Claim,2,CLM-00669_v2.jpg,train/invalid/CLM-00669_v2.jpg
CLM-01081,train,Valid Claim,1,CLM-01081_v1.jpg,train/valid/CLM-01081_v1.jpg
CLM-01081,train,Valid Claim,2,CLM-01081_v2.jpg,train/valid/CLM-01081_v2.jpg
CLM-00633,train,Valid Claim,1,CLM-00633_v1.jpg,train/valid/CLM-00633_v1.jpg
CLM-00633,train,Valid Claim,2,CLM-00633_v2.jpg,train/valid/CLM-00633_v2.jpg
CLM-01080,train,Manual Review,1,CLM-01080_v1.jpg,train/manual_review/CLM-01080_v1.jpg
CLM-01080,train,Manual Review,2,CLM-01080_v2.jpg,train/manual_review/CLM-01080_v2.jpg
CLM-01475,train,Valid Claim,1,CLM-01475_v1.jpg,train/valid/CLM-01475_v1.jpg
CLM-01475,train,Valid Claim,2,CLM-01475_v2.jpg,train/valid/CLM-01475_v2.jpg
CLM-00788,train,Manual Review,1,CLM-00788_v1.jpg,train/manual_review/CLM-00788_v1.jpg
CLM-00788,train,Manual Review,2,CLM-00788_v2.jpg,train/manual_review/CLM-00788_v2.jpg
CLM-00231,train,Manual Review,1,CLM-00231_v1.jpg,train/manual_review/CLM-00231_v1.jpg
CLM-00231,train,Manual Review,2,CLM-00231_v2.jpg,train/manual_review/CLM-00231_v2.jpg
CLM-01075,train,Invalid Claim,1,CLM-01075_v1.jpg,train/invalid/CLM-01075_v1.jpg
CLM-01075,train,Invalid Claim,2,CLM-01075_v2.jpg,train/invalid/CLM-01075_v2.jpg
CLM-00445,train,Valid Claim,1,CLM-00445_v1.jpg,train/valid/CLM-00445_v1.jpg
CLM-00445,train,Valid Claim,2,CLM-00445_v2.jpg,train/valid/CLM-00445_v2.jpg
CLM-00236,train,Manual Review,1,CLM-00236_v1.jpg,train/manual_review/CLM-00236_v1.jpg
CLM-00236,train,Manual Review,2,CLM-00236_v2.jpg,train/manual_review/CLM-00236_v2.jpg
CLM-01325,train,Invalid Claim,1,CLM-01325_v1.jpg,train/invalid/CLM-01325_v1.jpg
CLM-01325,train,Invalid Claim,2,CLM-01325_v2.jpg,train/invalid/CLM-01325_v2.jpg
CLM-00526,train,Invalid Claim,1,CLM-00526_v1.jpg,train/invalid/CLM-00526_v1.jpg
CLM-00526,train,Invalid Claim,2,CLM-00526_v2.jpg,train/invalid/CLM-00526_v2.jpg
CLM-00463,train,Valid Claim,1,CLM-00463_v1.jpg,train/valid/CLM-00463_v1.jpg
CLM-00463,train,Valid Claim,2,CLM-00463_v2.jpg,train/valid/CLM-00463_v2.jpg
CLM-00666,train,Invalid Claim,1,CLM-00666_v1.jpg,train/invalid/CLM-00666_v1.jpg
CLM-00666,train,Invalid Claim,2,CLM-00666_v2.jpg,train/invalid/CLM-00666_v2.jpg
CLM-00665,train,Invalid Claim,1,CLM-00665_v1.jpg,train/invalid/CLM-00665_v1.jpg
CLM-00665,train,Invalid Claim,2,CLM-00665_v2.jpg,train/invalid/CLM-00665_v2.jpg
CLM-01184,train,Invalid Claim,1,CLM-01184_v1.jpg,train/invalid/CLM-01184_v1.jpg
CLM-01184,train,Invalid Claim,2,CLM-01184_v2.jpg,train/invalid/CLM-01184_v2.jpg
CLM-00237,train,Manual Review,1,CLM-00237_v1.jpg,train/manual_review/CLM-00237_v1.jpg
CLM-00237,train,Manual Review,2,CLM-00237_v2.jpg,train/manual_review/CLM-00237_v2.jpg
CLM-01059,train,Invalid Claim,1,CLM-01059_v1.jpg,train/invalid/CLM-01059_v1.jpg
CLM-01059,train,Invalid Claim,2,CLM-01059_v2.jpg,train/invalid/CLM-01059_v2.jpg
CLM-00933,train,Valid Claim,1,CLM-00933_v1.jpg,train/valid/CLM-00933_v1.jpg
CLM-00933,train,Valid Claim,2,CLM-00933_v2.jpg,train/valid/CLM-00933_v2.jpg
CLM-00980,train,Valid Claim,1,CLM-00980_v1.jpg,train/valid/CLM-00980_v1.jpg
CLM-00980,train,Valid Claim,2,CLM-00980_v2.jpg,train/valid/CLM-00980_v2.jpg
CLM-00985,train,Manual Review,1,CLM-00985_v1.jpg,train/manual_review/CLM-00985_v1.jpg
CLM-00985,train,Manual Review,2,CLM-00985_v2.jpg,train/manual_review/CLM-00985_v2.jpg
CLM-00184,train,Valid Claim,1,CLM-00184_v1.jpg,train/valid/CLM-00184_v1.jpg
CLM-00184,train,Valid Claim,2,CLM-00184_v2.jpg,train/valid/CLM-00184_v2.jpg
CLM-01354,train,Invalid Claim,1,CLM-01354_v1.jpg,train/invalid/CLM-01354_v1.jpg
CLM-01354,train,Invalid Claim,2,CLM-01354_v2.jpg,train/invalid/CLM-01354_v2.jpg
CLM-01449,train,Valid Claim,1,CLM-01449_v1.jpg,train/valid/CLM-01449_v1.jpg
CLM-01449,train,Valid Claim,2,CLM-01449_v2.jpg,train/valid/CLM-01449_v2.jpg
CLM-00865,train,Invalid Claim,1,CLM-00865_v1.jpg,train/invalid/CLM-00865_v1.jpg
CLM-00865,train,Invalid Claim,2,CLM-00865_v2.jpg,train/invalid/CLM-00865_v2.jpg
CLM-00556,train,Valid Claim,1,CLM-00556_v1.jpg,train/valid/CLM-00556_v1.jpg
CLM-00556,train,Valid Claim,2,CLM-00556_v2.jpg,train/valid/CLM-00556_v2.jpg
CLM-01314,train,Manual Review,1,CLM-01314_v1.jpg,train/manual_review/CLM-01314_v1.jpg
CLM-01314,train,Manual Review,2,CLM-01314_v2.jpg,train/manual_review/CLM-01314_v2.jpg
CLM-00114,train,Valid Claim,1,CLM-00114_v1.jpg,train/valid/CLM-00114_v1.jpg
CLM-00114,train,Valid Claim,2,CLM-00114_v2.jpg,train/valid/CLM-00114_v2.jpg
CLM-00441,train,Manual Review,1,CLM-00441_v1.jpg,train/manual_review/CLM-00441_v1.jpg
CLM-00441,train,Manual Review,2,CLM-00441_v2.jpg,train/manual_review/CLM-00441_v2.jpg
CLM-01135,train,Manual Review,1,CLM-01135_v1.jpg,train/manual_review/CLM-01135_v1.jpg
CLM-01135,train,Manual Review,2,CLM-01135_v2.jpg,train/manual_review/CLM-01135_v2.jpg
CLM-01250,train,Valid Claim,1,CLM-01250_v1.jpg,train/valid/CLM-01250_v1.jpg
CLM-01250,train,Valid Claim,2,CLM-01250_v2.jpg,train/valid/CLM-01250_v2.jpg
CLM-00852,train,Invalid Claim,1,CLM-00852_v1.jpg,train/invalid/CLM-00852_v1.jpg
CLM-00852,train,Invalid Claim,2,CLM-00852_v2.jpg,train/invalid/CLM-00852_v2.jpg
CLM-00593,train,Valid Claim,1,CLM-00593_v1.jpg,train/valid/CLM-00593_v1.jpg
CLM-00593,train,Valid Claim,2,CLM-00593_v2.jpg,train/valid/CLM-00593_v2.jpg
CLM-00147,train,Invalid Claim,1,CLM-00147_v1.jpg,train/invalid/CLM-00147_v1.jpg
CLM-00147,train,Invalid Claim,2,CLM-00147_v2.jpg,train/invalid/CLM-00147_v2.jpg
CLM-00638,train,Invalid Claim,1,CLM-00638_v1.jpg,train/invalid/CLM-00638_v1.jpg
CLM-00638,train,Invalid Claim,2,CLM-00638_v2.jpg,train/invalid/CLM-00638_v2.jpg
CLM-00731,train,Valid Claim,1,CLM-00731_v1.jpg,train/valid/CLM-00731_v1.jpg
CLM-00731,train,Valid Claim,2,CLM-00731_v2.jpg,train/valid/CLM-00731_v2.jpg
CLM-00047,train,Valid Claim,1,CLM-00047_v1.jpg,train/valid/CLM-00047_v1.jpg
CLM-00047,train,Valid Claim,2,CLM-00047_v2.jpg,train/valid/CLM-00047_v2.jpg
CLM-00828,train,Manual Review,1,CLM-00828_v1.jpg,train/manual_review/CLM-00828_v1.jpg
CLM-00828,train,Manual Review,2,CLM-00828_v2.jpg,train/manual_review/CLM-00828_v2.jpg
CLM-00362,train,Invalid Claim,1,CLM-00362_v1.jpg,train/invalid/CLM-00362_v1.jpg
CLM-00362,train,Invalid Claim,2,CLM-00362_v2.jpg,train/invalid/CLM-00362_v2.jpg
CLM-01200,train,Manual Review,1,CLM-01200_v1.jpg,train/manual_review/CLM-01200_v1.jpg
CLM-01200,train,Manual Review,2,CLM-01200_v2.jpg,train/manual_review/CLM-01200_v2.jpg
CLM-01450,train,Manual Review,1,CLM-01450_v1.jpg,train/manual_review/CLM-01450_v1.jpg
CLM-01450,train,Manual Review,2,CLM-01450_v2.jpg,train/manual_review/CLM-01450_v2.jpg
CLM-00160,train,Valid Claim,1,CLM-00160_v1.jpg,train/valid/CLM-00160_v1.jpg
CLM-00160,train,Valid Claim,2,CLM-00160_v2.jpg,train/valid/CLM-00160_v2.jpg
CLM-00684,train,Manual Review,1,CLM-00684_v1.jpg,train/manual_review/CLM-00684_v1.jpg
CLM-00684,train,Manual Review,2,CLM-00684_v2.jpg,train/manual_review/CLM-00684_v2.jpg
CLM-00975,train,Manual Review,1,CLM-00975_v1.jpg,train/manual_review/CLM-00975_v1.jpg
CLM-00975,train,Manual Review,2,CLM-00975_v2.jpg,train/manual_review/CLM-00975_v2.jpg
CLM-00034,train,Manual Review,1,CLM-00034_v1.jpg,train/manual_review/CLM-00034_v1.jpg
CLM-00034,train,Manual Review,2,CLM-00034_v2.jpg,train/manual_review/CLM-00034_v2.jpg
CLM-01257,train,Valid Claim,1,CLM-01257_v1.jpg,train/valid/CLM-01257_v1.jpg
CLM-01257,train,Valid Claim,2,CLM-01257_v2.jpg,train/valid/CLM-01257_v2.jpg
CLM-00533,train,Manual Review,1,CLM-00533_v1.jpg,train/manual_review/CLM-00533_v1.jpg
CLM-00533,train,Manual Review,2,CLM-00533_v2.jpg,train/manual_review/CLM-00533_v2.jpg
CLM-00181,train,Valid Claim,1,CLM-00181_v1.jpg,train/valid/CLM-00181_v1.jpg
CLM-00181,train,Valid Claim,2,CLM-00181_v2.jpg,train/valid/CLM-00181_v2.jpg
CLM-00090,train,Invalid Claim,1,CLM-00090_v1.jpg,train/invalid/CLM-00090_v1.jpg
CLM-00090,train,Invalid Claim,2,CLM-00090_v2.jpg,train/invalid/CLM-00090_v2.jpg
CLM-00112,train,Manual Review,1,CLM-00112_v1.jpg,train/manual_review/CLM-00112_v1.jpg
CLM-00112,train,Manual Review,2,CLM-00112_v2.jpg,train/manual_review/CLM-00112_v2.jpg
CLM-01306,train,Invalid Claim,1,CLM-01306_v1.jpg,train/invalid/CLM-01306_v1.jpg
CLM-01306,train,Invalid Claim,2,CLM-01306_v2.jpg,train/invalid/CLM-01306_v2.jpg
CLM-01338,train,Manual Review,1,CLM-01338_v1.jpg,train/manual_review/CLM-01338_v1.jpg
CLM-01338,train,Manual Review,2,CLM-01338_v2.jpg,train/manual_review/CLM-01338_v2.jpg
CLM-00062,train,Invalid Claim,1,CLM-00062_v1.jpg,train/invalid/CLM-00062_v1.jpg
CLM-00062,train,Invalid Claim,2,CLM-00062_v2.jpg,train/invalid/CLM-00062_v2.jpg
CLM-01068,train,Valid Claim,1,CLM-01068_v1.jpg,train/valid/CLM-01068_v1.jpg
CLM-01068,train,Valid Claim,2,CLM-01068_v2.jpg,train/valid/CLM-01068_v2.jpg
CLM-00944,train,Valid Claim,1,CLM-00944_v1.jpg,train/valid/CLM-00944_v1.jpg
CLM-00944,train,Valid Claim,2,CLM-00944_v2.jpg,train/valid/CLM-00944_v2.jpg
CLM-00099,train,Manual Review,1,CLM-00099_v1.jpg,train/manual_review/CLM-00099_v1.jpg
CLM-00099,train,Manual Review,2,CLM-00099_v2.jpg,train/manual_review/CLM-00099_v2.jpg
CLM-00190,train,Manual Review,1,CLM-00190_v1.jpg,train/manual_review/CLM-00190_v1.jpg
CLM-00190,train,Manual Review,2,CLM-00190_v2.jpg,train/manual_review/CLM-00190_v2.jpg
CLM-01029,train,Invalid Claim,1,CLM-01029_v1.jpg,train/invalid/CLM-01029_v1.jpg
CLM-01029,train,Invalid Claim,2,CLM-01029_v2.jpg,train/invalid/CLM-01029_v2.jpg
CLM-00334,train,Invalid Claim,1,CLM-00334_v1.jpg,train/invalid/CLM-00334_v1.jpg
CLM-00334,train,Invalid Claim,2,CLM-00334_v2.jpg,train/invalid/CLM-00334_v2.jpg
CLM-00348,train,Invalid Claim,1,CLM-00348_v1.jpg,train/invalid/CLM-00348_v1.jpg
CLM-00348,train,Invalid Claim,2,CLM-00348_v2.jpg,train/invalid/CLM-00348_v2.jpg
CLM-00452,train,Invalid Claim,1,CLM-00452_v1.jpg,train/invalid/CLM-00452_v1.jpg
CLM-00452,train,Invalid Claim,2,CLM-00452_v2.jpg,train/invalid/CLM-00452_v2.jpg
CLM-00365,train,Manual Review,1,CLM-00365_v1.jpg,train/manual_review/CLM-00365_v1.jpg
CLM-00365,train,Manual Review,2,CLM-00365_v2.jpg,train/manual_review/CLM-00365_v2.jpg
CLM-00038,train,Valid Claim,1,CLM-00038_v1.jpg,train/valid/CLM-00038_v1.jpg
CLM-00038,train,Valid Claim,2,CLM-00038_v2.jpg,train/valid/CLM-00038_v2.jpg
CLM-00214,train,Manual Review,1,CLM-00214_v1.jpg,train/manual_review/CLM-00214_v1.jpg
CLM-00214,train,Manual Review,2,CLM-00214_v2.jpg,train/manual_review/CLM-00214_v2.jpg
CLM-00890,train,Valid Claim,1,CLM-00890_v1.jpg,train/valid/CLM-00890_v1.jpg
CLM-00890,train,Valid Claim,2,CLM-00890_v2.jpg,train/valid/CLM-00890_v2.jpg
CLM-00796,train,Manual Review,1,CLM-00796_v1.jpg,train/manual_review/CLM-00796_v1.jpg
CLM-00796,train,Manual Review,2,CLM-00796_v2.jpg,train/manual_review/CLM-00796_v2.jpg
CLM-00531,train,Manual Review,1,CLM-00531_v1.jpg,train/manual_review/CLM-00531_v1.jpg
CLM-00531,train,Manual Review,2,CLM-00531_v2.jpg,train/manual_review/CLM-00531_v2.jpg
CLM-00338,train,Valid Claim,1,CLM-00338_v1.jpg,train/valid/CLM-00338_v1.jpg
CLM-00338,train,Valid Claim,2,CLM-00338_v2.jpg,train/valid/CLM-00338_v2.jpg
CLM-00528,train,Invalid Claim,1,CLM-00528_v1.jpg,train/invalid/CLM-00528_v1.jpg
CLM-00528,train,Invalid Claim,2,CLM-00528_v2.jpg,train/invalid/CLM-00528_v2.jpg
CLM-00948,train,Manual Review,1,CLM-00948_v1.jpg,train/manual_review/CLM-00948_v1.jpg
CLM-00948,train,Manual Review,2,CLM-00948_v2.jpg,train/manual_review/CLM-00948_v2.jpg
CLM-00795,train,Valid Claim,1,CLM-00795_v1.jpg,train/valid/CLM-00795_v1.jpg
CLM-00795,train,Valid Claim,2,CLM-00795_v2.jpg,train/valid/CLM-00795_v2.jpg
CLM-00384,train,Invalid Claim,1,CLM-00384_v1.jpg,train/invalid/CLM-00384_v1.jpg
CLM-00384,train,Invalid Claim,2,CLM-00384_v2.jpg,train/invalid/CLM-00384_v2.jpg
CLM-01245,train,Manual Review,1,CLM-01245_v1.jpg,train/manual_review/CLM-01245_v1.jpg
CLM-01245,train,Manual Review,2,CLM-01245_v2.jpg,train/manual_review/CLM-01245_v2.jpg
CLM-00899,train,Valid Claim,1,CLM-00899_v1.jpg,train/valid/CLM-00899_v1.jpg
CLM-00899,train,Valid Claim,2,CLM-00899_v2.jpg,train/valid/CLM-00899_v2.jpg
CLM-00832,train,Valid Claim,1,CLM-00832_v1.jpg,train/valid/CLM-00832_v1.jpg
CLM-00832,train,Valid Claim,2,CLM-00832_v2.jpg,train/valid/CLM-00832_v2.jpg
CLM-00639,train,Valid Claim,1,CLM-00639_v1.jpg,train/valid/CLM-00639_v1.jpg
CLM-00639,train,Valid Claim,2,CLM-00639_v2.jpg,train/valid/CLM-00639_v2.jpg
CLM-01228,train,Manual Review,1,CLM-01228_v1.jpg,train/manual_review/CLM-01228_v1.jpg
CLM-01228,train,Manual Review,2,CLM-01228_v2.jpg,train/manual_review/CLM-01228_v2.jpg
CLM-01073,train,Invalid Claim,1,CLM-01073_v1.jpg,train/invalid/CLM-01073_v1.jpg
CLM-01073,train,Invalid Claim,2,CLM-01073_v2.jpg,train/invalid/CLM-01073_v2.jpg
CLM-01201,train,Invalid Claim,1,CLM-01201_v1.jpg,train/invalid/CLM-01201_v1.jpg
CLM-01201,train,Invalid Claim,2,CLM-01201_v2.jpg,train/invalid/CLM-01201_v2.jpg
CLM-01434,train,Valid Claim,1,CLM-01434_v1.jpg,train/valid/CLM-01434_v1.jpg
CLM-01434,train,Valid Claim,2,CLM-01434_v2.jpg,train/valid/CLM-01434_v2.jpg
CLM-00780,train,Valid Claim,1,CLM-00780_v1.jpg,train/valid/CLM-00780_v1.jpg
CLM-00780,train,Valid Claim,2,CLM-00780_v2.jpg,train/valid/CLM-00780_v2.jpg
CLM-00685,train,Invalid Claim,1,CLM-00685_v1.jpg,train/invalid/CLM-00685_v1.jpg
CLM-00685,train,Invalid Claim,2,CLM-00685_v2.jpg,train/invalid/CLM-00685_v2.jpg
CLM-01097,train,Invalid Claim,1,CLM-01097_v1.jpg,train/invalid/CLM-01097_v1.jpg
CLM-01097,train,Invalid Claim,2,CLM-01097_v2.jpg,train/invalid/CLM-01097_v2.jpg
CLM-00819,train,Manual Review,1,CLM-00819_v1.jpg,train/manual_review/CLM-00819_v1.jpg
CLM-00819,train,Manual Review,2,CLM-00819_v2.jpg,train/manual_review/CLM-00819_v2.jpg
CLM-00011,train,Invalid Claim,1,CLM-00011_v1.jpg,train/invalid/CLM-00011_v1.jpg
CLM-00011,train,Invalid Claim,2,CLM-00011_v2.jpg,train/invalid/CLM-00011_v2.jpg
CLM-00626,train,Invalid Claim,1,CLM-00626_v1.jpg,train/invalid/CLM-00626_v1.jpg
CLM-00626,train,Invalid Claim,2,CLM-00626_v2.jpg,train/invalid/CLM-00626_v2.jpg
CLM-00673,train,Invalid Claim,1,CLM-00673_v1.jpg,train/invalid/CLM-00673_v1.jpg
CLM-00673,train,Invalid Claim,2,CLM-00673_v2.jpg,train/invalid/CLM-00673_v2.jpg
CLM-01350,train,Manual Review,1,CLM-01350_v1.jpg,train/manual_review/CLM-01350_v1.jpg
CLM-01350,train,Manual Review,2,CLM-01350_v2.jpg,train/manual_review/CLM-01350_v2.jpg
CLM-00217,train,Manual Review,1,CLM-00217_v1.jpg,train/manual_review/CLM-00217_v1.jpg
CLM-00217,train,Manual Review,2,CLM-00217_v2.jpg,train/manual_review/CLM-00217_v2.jpg
CLM-01459,train,Manual Review,1,CLM-01459_v1.jpg,train/manual_review/CLM-01459_v1.jpg
CLM-01459,train,Manual Review,2,CLM-01459_v2.jpg,train/manual_review/CLM-01459_v2.jpg
CLM-00782,train,Invalid Claim,1,CLM-00782_v1.jpg,train/invalid/CLM-00782_v1.jpg
CLM-00782,train,Invalid Claim,2,CLM-00782_v2.jpg,train/invalid/CLM-00782_v2.jpg
CLM-01339,train,Invalid Claim,1,CLM-01339_v1.jpg,train/invalid/CLM-01339_v1.jpg
CLM-01339,train,Invalid Claim,2,CLM-01339_v2.jpg,train/invalid/CLM-01339_v2.jpg
CLM-00741,train,Valid Claim,1,CLM-00741_v1.jpg,train/valid/CLM-00741_v1.jpg
CLM-00741,train,Valid Claim,2,CLM-00741_v2.jpg,train/valid/CLM-00741_v2.jpg
CLM-00509,train,Valid Claim,1,CLM-00509_v1.jpg,train/valid/CLM-00509_v1.jpg
CLM-00509,train,Valid Claim,2,CLM-00509_v2.jpg,train/valid/CLM-00509_v2.jpg
CLM-00239,train,Manual Review,1,CLM-00239_v1.jpg,train/manual_review/CLM-00239_v1.jpg
CLM-00239,train,Manual Review,2,CLM-00239_v2.jpg,train/manual_review/CLM-00239_v2.jpg
CLM-01304,train,Valid Claim,1,CLM-01304_v1.jpg,train/valid/CLM-01304_v1.jpg
CLM-01304,train,Valid Claim,2,CLM-01304_v2.jpg,train/valid/CLM-01304_v2.jpg
CLM-00671,train,Valid Claim,1,CLM-00671_v1.jpg,train/valid/CLM-00671_v1.jpg
CLM-00671,train,Valid Claim,2,CLM-00671_v2.jpg,train/valid/CLM-00671_v2.jpg
CLM-00058,train,Valid Claim,1,CLM-00058_v1.jpg,train/valid/CLM-00058_v1.jpg
CLM-00058,train,Valid Claim,2,CLM-00058_v2.jpg,train/valid/CLM-00058_v2.jpg
CLM-00758,train,Manual Review,1,CLM-00758_v1.jpg,train/manual_review/CLM-00758_v1.jpg
CLM-00758,train,Manual Review,2,CLM-00758_v2.jpg,train/manual_review/CLM-00758_v2.jpg
CLM-01084,train,Valid Claim,1,CLM-01084_v1.jpg,train/valid/CLM-01084_v1.jpg
CLM-01084,train,Valid Claim,2,CLM-01084_v2.jpg,train/valid/CLM-01084_v2.jpg
CLM-00130,train,Valid Claim,1,CLM-00130_v1.jpg,train/valid/CLM-00130_v1.jpg
CLM-00130,train,Valid Claim,2,CLM-00130_v2.jpg,train/valid/CLM-00130_v2.jpg
CLM-00567,train,Invalid Claim,1,CLM-00567_v1.jpg,train/invalid/CLM-00567_v1.jpg
CLM-00567,train,Invalid Claim,2,CLM-00567_v2.jpg,train/invalid/CLM-00567_v2.jpg
CLM-00601,train,Invalid Claim,1,CLM-00601_v1.jpg,train/invalid/CLM-00601_v1.jpg
CLM-00601,train,Invalid Claim,2,CLM-00601_v2.jpg,train/invalid/CLM-00601_v2.jpg
CLM-00297,train,Invalid Claim,1,CLM-00297_v1.jpg,train/invalid/CLM-00297_v1.jpg
CLM-00297,train,Invalid Claim,2,CLM-00297_v2.jpg,train/invalid/CLM-00297_v2.jpg
CLM-01239,train,Invalid Claim,1,CLM-01239_v1.jpg,train/invalid/CLM-01239_v1.jpg
CLM-01239,train,Invalid Claim,2,CLM-01239_v2.jpg,train/invalid/CLM-01239_v2.jpg
CLM-00290,train,Manual Review,1,CLM-00290_v1.jpg,train/manual_review/CLM-00290_v1.jpg
CLM-00290,train,Manual Review,2,CLM-00290_v2.jpg,train/manual_review/CLM-00290_v2.jpg
CLM-00446,train,Manual Review,1,CLM-00446_v1.jpg,train/manual_review/CLM-00446_v1.jpg
CLM-00446,train,Manual Review,2,CLM-00446_v2.jpg,train/manual_review/CLM-00446_v2.jpg
CLM-00783,train,Valid Claim,1,CLM-00783_v1.jpg,train/valid/CLM-00783_v1.jpg
CLM-00783,train,Valid Claim,2,CLM-00783_v2.jpg,train/valid/CLM-00783_v2.jpg
CLM-01173,train,Invalid Claim,1,CLM-01173_v1.jpg,train/invalid/CLM-01173_v1.jpg
CLM-01173,train,Invalid Claim,2,CLM-01173_v2.jpg,train/invalid/CLM-01173_v2.jpg
CLM-00558,train,Manual Review,1,CLM-00558_v1.jpg,train/manual_review/CLM-00558_v1.jpg
CLM-00558,train,Manual Review,2,CLM-00558_v2.jpg,train/manual_review/CLM-00558_v2.jpg
CLM-00575,train,Valid Claim,1,CLM-00575_v1.jpg,train/valid/CLM-00575_v1.jpg
CLM-00575,train,Valid Claim,2,CLM-00575_v2.jpg,train/valid/CLM-00575_v2.jpg
CLM-00388,train,Manual Review,1,CLM-00388_v1.jpg,train/manual_review/CLM-00388_v1.jpg
CLM-00388,train,Manual Review,2,CLM-00388_v2.jpg,train/manual_review/CLM-00388_v2.jpg
CLM-00747,train,Valid Claim,1,CLM-00747_v1.jpg,train/valid/CLM-00747_v1.jpg
CLM-00747,train,Valid Claim,2,CLM-00747_v2.jpg,train/valid/CLM-00747_v2.jpg
CLM-01169,train,Valid Claim,1,CLM-01169_v1.jpg,train/valid/CLM-01169_v1.jpg
CLM-01169,train,Valid Claim,2,CLM-01169_v2.jpg,train/valid/CLM-01169_v2.jpg
CLM-00812,train,Manual Review,1,CLM-00812_v1.jpg,train/manual_review/CLM-00812_v1.jpg
CLM-00812,train,Manual Review,2,CLM-00812_v2.jpg,train/manual_review/CLM-00812_v2.jpg
CLM-00188,train,Valid Claim,1,CLM-00188_v1.jpg,train/valid/CLM-00188_v1.jpg
CLM-00188,train,Valid Claim,2,CLM-00188_v2.jpg,train/valid/CLM-00188_v2.jpg
CLM-00440,train,Invalid Claim,1,CLM-00440_v1.jpg,train/invalid/CLM-00440_v1.jpg
CLM-00440,train,Invalid Claim,2,CLM-00440_v2.jpg,train/invalid/CLM-00440_v2.jpg
CLM-00027,train,Manual Review,1,CLM-00027_v1.jpg,train/manual_review/CLM-00027_v1.jpg
CLM-00027,train,Manual Review,2,CLM-00027_v2.jpg,train/manual_review/CLM-00027_v2.jpg
CLM-01034,train,Valid Claim,1,CLM-01034_v1.jpg,train/valid/CLM-01034_v1.jpg
CLM-01034,train,Valid Claim,2,CLM-01034_v2.jpg,train/valid/CLM-01034_v2.jpg
CLM-00740,train,Valid Claim,1,CLM-00740_v1.jpg,train/valid/CLM-00740_v1.jpg
CLM-00740,train,Valid Claim,2,CLM-00740_v2.jpg,train/valid/CLM-00740_v2.jpg
CLM-00332,train,Invalid Claim,1,CLM-00332_v1.jpg,train/invalid/CLM-00332_v1.jpg
CLM-00332,train,Invalid Claim,2,CLM-00332_v2.jpg,train/invalid/CLM-00332_v2.jpg
CLM-00898,train,Manual Review,1,CLM-00898_v1.jpg,train/manual_review/CLM-00898_v1.jpg
CLM-00898,train,Manual Review,2,CLM-00898_v2.jpg,train/manual_review/CLM-00898_v2.jpg
CLM-01234,train,Manual Review,1,CLM-01234_v1.jpg,train/manual_review/CLM-01234_v1.jpg
CLM-01234,train,Manual Review,2,CLM-01234_v2.jpg,train/manual_review/CLM-01234_v2.jpg
CLM-00834,train,Manual Review,1,CLM-00834_v1.jpg,train/manual_review/CLM-00834_v1.jpg
CLM-00834,train,Manual Review,2,CLM-00834_v2.jpg,train/manual_review/CLM-00834_v2.jpg
CLM-00624,train,Valid Claim,1,CLM-00624_v1.jpg,train/valid/CLM-00624_v1.jpg
CLM-00624,train,Valid Claim,2,CLM-00624_v2.jpg,train/valid/CLM-00624_v2.jpg
CLM-00659,train,Valid Claim,1,CLM-00659_v1.jpg,train/valid/CLM-00659_v1.jpg
CLM-00659,train,Valid Claim,2,CLM-00659_v2.jpg,train/valid/CLM-00659_v2.jpg
CLM-00836,train,Invalid Claim,1,CLM-00836_v1.jpg,train/invalid/CLM-00836_v1.jpg
CLM-00836,train,Invalid Claim,2,CLM-00836_v2.jpg,train/invalid/CLM-00836_v2.jpg
CLM-00246,train,Invalid Claim,1,CLM-00246_v1.jpg,train/invalid/CLM-00246_v1.jpg
CLM-00246,train,Invalid Claim,2,CLM-00246_v2.jpg,train/invalid/CLM-00246_v2.jpg
CLM-00686,train,Valid Claim,1,CLM-00686_v1.jpg,train/valid/CLM-00686_v1.jpg
CLM-00686,train,Valid Claim,2,CLM-00686_v2.jpg,train/valid/CLM-00686_v2.jpg
CLM-01223,train,Invalid Claim,1,CLM-01223_v1.jpg,train/invalid/CLM-01223_v1.jpg
CLM-01223,train,Invalid Claim,2,CLM-01223_v2.jpg,train/invalid/CLM-01223_v2.jpg
CLM-00437,train,Invalid Claim,1,CLM-00437_v1.jpg,train/invalid/CLM-00437_v1.jpg
CLM-00437,train,Invalid Claim,2,CLM-00437_v2.jpg,train/invalid/CLM-00437_v2.jpg
CLM-00500,train,Manual Review,1,CLM-00500_v1.jpg,train/manual_review/CLM-00500_v1.jpg
CLM-00500,train,Manual Review,2,CLM-00500_v2.jpg,train/manual_review/CLM-00500_v2.jpg
CLM-00202,train,Invalid Claim,1,CLM-00202_v1.jpg,train/invalid/CLM-00202_v1.jpg
CLM-00202,train,Invalid Claim,2,CLM-00202_v2.jpg,train/invalid/CLM-00202_v2.jpg
CLM-01436,train,Invalid Claim,1,CLM-01436_v1.jpg,train/invalid/CLM-01436_v1.jpg
CLM-01436,train,Invalid Claim,2,CLM-01436_v2.jpg,train/invalid/CLM-01436_v2.jpg
CLM-00555,train,Invalid Claim,1,CLM-00555_v1.jpg,train/invalid/CLM-00555_v1.jpg
CLM-00555,train,Invalid Claim,2,CLM-00555_v2.jpg,train/invalid/CLM-00555_v2.jpg
CLM-00838,train,Invalid Claim,1,CLM-00838_v1.jpg,train/invalid/CLM-00838_v1.jpg
CLM-00838,train,Invalid Claim,2,CLM-00838_v2.jpg,train/invalid/CLM-00838_v2.jpg
CLM-01144,train,Valid Claim,1,CLM-01144_v1.jpg,train/valid/CLM-01144_v1.jpg
CLM-01144,train,Valid Claim,2,CLM-01144_v2.jpg,train/valid/CLM-01144_v2.jpg
CLM-00823,train,Invalid Claim,1,CLM-00823_v1.jpg,train/invalid/CLM-00823_v1.jpg
CLM-00823,train,Invalid Claim,2,CLM-00823_v2.jpg,train/invalid/CLM-00823_v2.jpg
CLM-00075,train,Invalid Claim,1,CLM-00075_v1.jpg,train/invalid/CLM-00075_v1.jpg
CLM-00075,train,Invalid Claim,2,CLM-00075_v2.jpg,train/invalid/CLM-00075_v2.jpg
CLM-00844,train,Invalid Claim,1,CLM-00844_v1.jpg,train/invalid/CLM-00844_v1.jpg
CLM-00844,train,Invalid Claim,2,CLM-00844_v2.jpg,train/invalid/CLM-00844_v2.jpg
CLM-00086,train,Valid Claim,1,CLM-00086_v1.jpg,train/valid/CLM-00086_v1.jpg
CLM-00086,train,Valid Claim,2,CLM-00086_v2.jpg,train/valid/CLM-00086_v2.jpg
CLM-00447,train,Invalid Claim,1,CLM-00447_v1.jpg,train/invalid/CLM-00447_v1.jpg
CLM-00447,train,Invalid Claim,2,CLM-00447_v2.jpg,train/invalid/CLM-00447_v2.jpg
CLM-00259,train,Invalid Claim,1,CLM-00259_v1.jpg,train/invalid/CLM-00259_v1.jpg
CLM-00259,train,Invalid Claim,2,CLM-00259_v2.jpg,train/invalid/CLM-00259_v2.jpg
CLM-01149,train,Valid Claim,1,CLM-01149_v1.jpg,train/valid/CLM-01149_v1.jpg
CLM-01149,train,Valid Claim,2,CLM-01149_v2.jpg,train/valid/CLM-01149_v2.jpg
CLM-00661,train,Valid Claim,1,CLM-00661_v1.jpg,train/valid/CLM-00661_v1.jpg
CLM-00661,train,Valid Claim,2,CLM-00661_v2.jpg,train/valid/CLM-00661_v2.jpg
CLM-01478,train,Valid Claim,1,CLM-01478_v1.jpg,train/valid/CLM-01478_v1.jpg
CLM-01478,train,Valid Claim,2,CLM-01478_v2.jpg,train/valid/CLM-01478_v2.jpg
CLM-00317,train,Invalid Claim,1,CLM-00317_v1.jpg,train/invalid/CLM-00317_v1.jpg
CLM-00317,train,Invalid Claim,2,CLM-00317_v2.jpg,train/invalid/CLM-00317_v2.jpg
CLM-01390,train,Valid Claim,1,CLM-01390_v1.jpg,train/valid/CLM-01390_v1.jpg
CLM-01390,train,Valid Claim,2,CLM-01390_v2.jpg,train/valid/CLM-01390_v2.jpg
CLM-00167,train,Manual Review,1,CLM-00167_v1.jpg,train/manual_review/CLM-00167_v1.jpg
CLM-00167,train,Manual Review,2,CLM-00167_v2.jpg,train/manual_review/CLM-00167_v2.jpg
CLM-00118,train,Valid Claim,1,CLM-00118_v1.jpg,train/valid/CLM-00118_v1.jpg
CLM-00118,train,Valid Claim,2,CLM-00118_v2.jpg,train/valid/CLM-00118_v2.jpg
CLM-00952,train,Valid Claim,1,CLM-00952_v1.jpg,train/valid/CLM-00952_v1.jpg
CLM-00952,train,Valid Claim,2,CLM-00952_v2.jpg,train/valid/CLM-00952_v2.jpg
CLM-00738,train,Valid Claim,1,CLM-00738_v1.jpg,train/valid/CLM-00738_v1.jpg
CLM-00738,train,Valid Claim,2,CLM-00738_v2.jpg,train/valid/CLM-00738_v2.jpg
CLM-00450,train,Manual Review,1,CLM-00450_v1.jpg,train/manual_review/CLM-00450_v1.jpg
CLM-00450,train,Manual Review,2,CLM-00450_v2.jpg,train/manual_review/CLM-00450_v2.jpg
CLM-00142,train,Valid Claim,1,CLM-00142_v1.jpg,train/valid/CLM-00142_v1.jpg
CLM-00142,train,Valid Claim,2,CLM-00142_v2.jpg,train/valid/CLM-00142_v2.jpg
CLM-00094,train,Manual Review,1,CLM-00094_v1.jpg,train/manual_review/CLM-00094_v1.jpg
CLM-00094,train,Manual Review,2,CLM-00094_v2.jpg,train/manual_review/CLM-00094_v2.jpg
CLM-01233,train,Invalid Claim,1,CLM-01233_v1.jpg,train/invalid/CLM-01233_v1.jpg
CLM-01233,train,Invalid Claim,2,CLM-01233_v2.jpg,train/invalid/CLM-01233_v2.jpg
CLM-00895,train,Invalid Claim,1,CLM-00895_v1.jpg,train/invalid/CLM-00895_v1.jpg
CLM-00895,train,Invalid Claim,2,CLM-00895_v2.jpg,train/invalid/CLM-00895_v2.jpg
CLM-00687,train,Manual Review,1,CLM-00687_v1.jpg,train/manual_review/CLM-00687_v1.jpg
CLM-00687,train,Manual Review,2,CLM-00687_v2.jpg,train/manual_review/CLM-00687_v2.jpg
CLM-01091,train,Manual Review,1,CLM-01091_v1.jpg,train/manual_review/CLM-01091_v1.jpg
CLM-01091,train,Manual Review,2,CLM-01091_v2.jpg,train/manual_review/CLM-01091_v2.jpg
CLM-01308,train,Invalid Claim,1,CLM-01308_v1.jpg,train/invalid/CLM-01308_v1.jpg
CLM-01308,train,Invalid Claim,2,CLM-01308_v2.jpg,train/invalid/CLM-01308_v2.jpg
CLM-00434,train,Valid Claim,1,CLM-00434_v1.jpg,train/valid/CLM-00434_v1.jpg
CLM-00434,train,Valid Claim,2,CLM-00434_v2.jpg,train/valid/CLM-00434_v2.jpg
CLM-01400,train,Valid Claim,1,CLM-01400_v1.jpg,train/valid/CLM-01400_v1.jpg
CLM-01400,train,Valid Claim,2,CLM-01400_v2.jpg,train/valid/CLM-01400_v2.jpg
CLM-00765,train,Manual Review,1,CLM-00765_v1.jpg,train/manual_review/CLM-00765_v1.jpg
CLM-00765,train,Manual Review,2,CLM-00765_v2.jpg,train/manual_review/CLM-00765_v2.jpg
CLM-01410,train,Invalid Claim,1,CLM-01410_v1.jpg,train/invalid/CLM-01410_v1.jpg
CLM-01410,train,Invalid Claim,2,CLM-01410_v2.jpg,train/invalid/CLM-01410_v2.jpg
CLM-00326,train,Manual Review,1,CLM-00326_v1.jpg,train/manual_review/CLM-00326_v1.jpg
CLM-00326,train,Manual Review,2,CLM-00326_v2.jpg,train/manual_review/CLM-00326_v2.jpg
CLM-00564,train,Manual Review,1,CLM-00564_v1.jpg,train/manual_review/CLM-00564_v1.jpg
CLM-00564,train,Manual Review,2,CLM-00564_v2.jpg,train/manual_review/CLM-00564_v2.jpg
CLM-01266,train,Valid Claim,1,CLM-01266_v1.jpg,train/valid/CLM-01266_v1.jpg
CLM-01266,train,Valid Claim,2,CLM-01266_v2.jpg,train/valid/CLM-01266_v2.jpg
CLM-01037,train,Invalid Claim,1,CLM-01037_v1.jpg,train/invalid/CLM-01037_v1.jpg
CLM-01037,train,Invalid Claim,2,CLM-01037_v2.jpg,train/invalid/CLM-01037_v2.jpg
CLM-00983,train,Invalid Claim,1,CLM-00983_v1.jpg,train/invalid/CLM-00983_v1.jpg
CLM-00983,train,Invalid Claim,2,CLM-00983_v2.jpg,train/invalid/CLM-00983_v2.jpg
CLM-00918,train,Invalid Claim,1,CLM-00918_v1.jpg,train/invalid/CLM-00918_v1.jpg
CLM-00918,train,Invalid Claim,2,CLM-00918_v2.jpg,train/invalid/CLM-00918_v2.jpg
CLM-01035,train,Invalid Claim,1,CLM-01035_v1.jpg,train/invalid/CLM-01035_v1.jpg
CLM-01035,train,Invalid Claim,2,CLM-01035_v2.jpg,train/invalid/CLM-01035_v2.jpg
CLM-01448,train,Invalid Claim,1,CLM-01448_v1.jpg,train/invalid/CLM-01448_v1.jpg
CLM-01448,train,Invalid Claim,2,CLM-01448_v2.jpg,train/invalid/CLM-01448_v2.jpg
CLM-01246,train,Valid Claim,1,CLM-01246_v1.jpg,train/valid/CLM-01246_v1.jpg
CLM-01246,train,Valid Claim,2,CLM-01246_v2.jpg,train/valid/CLM-01246_v2.jpg
CLM-00136,train,Valid Claim,1,CLM-00136_v1.jpg,train/valid/CLM-00136_v1.jpg
CLM-00136,train,Valid Claim,2,CLM-00136_v2.jpg,train/valid/CLM-00136_v2.jpg
CLM-00125,train,Valid Claim,1,CLM-00125_v1.jpg,train/valid/CLM-00125_v1.jpg
CLM-00125,train,Valid Claim,2,CLM-00125_v2.jpg,train/valid/CLM-00125_v2.jpg
CLM-00590,train,Manual Review,1,CLM-00590_v1.jpg,train/manual_review/CLM-00590_v1.jpg
CLM-00590,train,Manual Review,2,CLM-00590_v2.jpg,train/manual_review/CLM-00590_v2.jpg
CLM-00742,train,Invalid Claim,1,CLM-00742_v1.jpg,train/invalid/CLM-00742_v1.jpg
CLM-00742,train,Invalid Claim,2,CLM-00742_v2.jpg,train/invalid/CLM-00742_v2.jpg
CLM-01205,train,Manual Review,1,CLM-01205_v1.jpg,train/manual_review/CLM-01205_v1.jpg
CLM-01205,train,Manual Review,2,CLM-01205_v2.jpg,train/manual_review/CLM-01205_v2.jpg
CLM-01183,train,Manual Review,1,CLM-01183_v1.jpg,train/manual_review/CLM-01183_v1.jpg
CLM-01183,train,Manual Review,2,CLM-01183_v2.jpg,train/manual_review/CLM-01183_v2.jpg
CLM-00351,train,Valid Claim,1,CLM-00351_v1.jpg,train/valid/CLM-00351_v1.jpg
CLM-00351,train,Valid Claim,2,CLM-00351_v2.jpg,train/valid/CLM-00351_v2.jpg
CLM-01043,train,Invalid Claim,1,CLM-01043_v1.jpg,train/invalid/CLM-01043_v1.jpg
CLM-01043,train,Invalid Claim,2,CLM-01043_v2.jpg,train/invalid/CLM-01043_v2.jpg
CLM-00739,train,Invalid Claim,1,CLM-00739_v1.jpg,train/invalid/CLM-00739_v1.jpg
CLM-00739,train,Invalid Claim,2,CLM-00739_v2.jpg,train/invalid/CLM-00739_v2.jpg
CLM-00715,train,Valid Claim,1,CLM-00715_v1.jpg,train/valid/CLM-00715_v1.jpg
CLM-00715,train,Valid Claim,2,CLM-00715_v2.jpg,train/valid/CLM-00715_v2.jpg
CLM-00615,train,Invalid Claim,1,CLM-00615_v1.jpg,train/invalid/CLM-00615_v1.jpg
CLM-00615,train,Invalid Claim,2,CLM-00615_v2.jpg,train/invalid/CLM-00615_v2.jpg
CLM-01006,train,Valid Claim,1,CLM-01006_v1.jpg,train/valid/CLM-01006_v1.jpg
CLM-01006,train,Valid Claim,2,CLM-01006_v2.jpg,train/valid/CLM-01006_v2.jpg
CLM-01036,train,Valid Claim,1,CLM-01036_v1.jpg,train/valid/CLM-01036_v1.jpg
CLM-01036,train,Valid Claim,2,CLM-01036_v2.jpg,train/valid/CLM-01036_v2.jpg
CLM-00753,train,Manual Review,1,CLM-00753_v1.jpg,train/manual_review/CLM-00753_v1.jpg
CLM-00753,train,Manual Review,2,CLM-00753_v2.jpg,train/manual_review/CLM-00753_v2.jpg
CLM-01107,train,Manual Review,1,CLM-01107_v1.jpg,train/manual_review/CLM-01107_v1.jpg
CLM-01107,train,Manual Review,2,CLM-01107_v2.jpg,train/manual_review/CLM-01107_v2.jpg
CLM-00622,train,Manual Review,1,CLM-00622_v1.jpg,train/manual_review/CLM-00622_v1.jpg
CLM-00622,train,Manual Review,2,CLM-00622_v2.jpg,train/manual_review/CLM-00622_v2.jpg
CLM-01282,train,Valid Claim,1,CLM-01282_v1.jpg,train/valid/CLM-01282_v1.jpg
CLM-01282,train,Valid Claim,2,CLM-01282_v2.jpg,train/valid/CLM-01282_v2.jpg
CLM-01027,train,Valid Claim,1,CLM-01027_v1.jpg,train/valid/CLM-01027_v1.jpg
CLM-01027,train,Valid Claim,2,CLM-01027_v2.jpg,train/valid/CLM-01027_v2.jpg
CLM-01044,train,Valid Claim,1,CLM-01044_v1.jpg,train/valid/CLM-01044_v1.jpg
CLM-01044,train,Valid Claim,2,CLM-01044_v2.jpg,train/valid/CLM-01044_v2.jpg
CLM-00480,train,Invalid Claim,1,CLM-00480_v1.jpg,train/invalid/CLM-00480_v1.jpg
CLM-00480,train,Invalid Claim,2,CLM-00480_v2.jpg,train/invalid/CLM-00480_v2.jpg
CLM-00299,train,Manual Review,1,CLM-00299_v1.jpg,train/manual_review/CLM-00299_v1.jpg
CLM-00299,train,Manual Review,2,CLM-00299_v2.jpg,train/manual_review/CLM-00299_v2.jpg
CLM-00212,train,Manual Review,1,CLM-00212_v1.jpg,train/manual_review/CLM-00212_v1.jpg
CLM-00212,train,Manual Review,2,CLM-00212_v2.jpg,train/manual_review/CLM-00212_v2.jpg
CLM-01482,train,Invalid Claim,1,CLM-01482_v1.jpg,train/invalid/CLM-01482_v1.jpg
CLM-01482,train,Invalid Claim,2,CLM-01482_v2.jpg,train/invalid/CLM-01482_v2.jpg
CLM-00068,train,Manual Review,1,CLM-00068_v1.jpg,train/manual_review/CLM-00068_v1.jpg
CLM-00068,train,Manual Review,2,CLM-00068_v2.jpg,train/manual_review/CLM-00068_v2.jpg
CLM-01133,train,Manual Review,1,CLM-01133_v1.jpg,train/manual_review/CLM-01133_v1.jpg
CLM-01133,train,Manual Review,2,CLM-01133_v2.jpg,train/manual_review/CLM-01133_v2.jpg
CLM-00376,train,Invalid Claim,1,CLM-00376_v1.jpg,train/invalid/CLM-00376_v1.jpg
CLM-00376,train,Invalid Claim,2,CLM-00376_v2.jpg,train/invalid/CLM-00376_v2.jpg
CLM-01438,train,Manual Review,1,CLM-01438_v1.jpg,train/manual_review/CLM-01438_v1.jpg
CLM-01438,train,Manual Review,2,CLM-01438_v2.jpg,train/manual_review/CLM-01438_v2.jpg
CLM-00916,train,Manual Review,1,CLM-00916_v1.jpg,train/manual_review/CLM-00916_v1.jpg
CLM-00916,train,Manual Review,2,CLM-00916_v2.jpg,train/manual_review/CLM-00916_v2.jpg
CLM-00716,train,Valid Claim,1,CLM-00716_v1.jpg,train/valid/CLM-00716_v1.jpg
CLM-00716,train,Valid Claim,2,CLM-00716_v2.jpg,train/valid/CLM-00716_v2.jpg
CLM-00275,train,Invalid Claim,1,CLM-00275_v1.jpg,train/invalid/CLM-00275_v1.jpg
CLM-00275,train,Invalid Claim,2,CLM-00275_v2.jpg,train/invalid/CLM-00275_v2.jpg
CLM-01439,train,Valid Claim,1,CLM-01439_v1.jpg,train/valid/CLM-01439_v1.jpg
CLM-01439,train,Valid Claim,2,CLM-01439_v2.jpg,train/valid/CLM-01439_v2.jpg
CLM-00301,train,Valid Claim,1,CLM-00301_v1.jpg,train/valid/CLM-00301_v1.jpg
CLM-00301,train,Valid Claim,2,CLM-00301_v2.jpg,train/valid/CLM-00301_v2.jpg
CLM-00263,train,Invalid Claim,1,CLM-00263_v1.jpg,train/invalid/CLM-00263_v1.jpg
CLM-00263,train,Invalid Claim,2,CLM-00263_v2.jpg,train/invalid/CLM-00263_v2.jpg
CLM-00937,train,Manual Review,1,CLM-00937_v1.jpg,train/manual_review/CLM-00937_v1.jpg
CLM-00937,train,Manual Review,2,CLM-00937_v2.jpg,train/manual_review/CLM-00937_v2.jpg
CLM-01152,train,Valid Claim,1,CLM-01152_v1.jpg,train/valid/CLM-01152_v1.jpg
CLM-01152,train,Valid Claim,2,CLM-01152_v2.jpg,train/valid/CLM-01152_v2.jpg
CLM-01000,train,Valid Claim,1,CLM-01000_v1.jpg,train/valid/CLM-01000_v1.jpg
CLM-01000,train,Valid Claim,2,CLM-01000_v2.jpg,train/valid/CLM-01000_v2.jpg
CLM-01288,train,Invalid Claim,1,CLM-01288_v1.jpg,train/invalid/CLM-01288_v1.jpg
CLM-01288,train,Invalid Claim,2,CLM-01288_v2.jpg,train/invalid/CLM-01288_v2.jpg
CLM-00965,train,Invalid Claim,1,CLM-00965_v1.jpg,train/invalid/CLM-00965_v1.jpg
CLM-00965,train,Invalid Claim,2,CLM-00965_v2.jpg,train/invalid/CLM-00965_v2.jpg
CLM-00470,train,Manual Review,1,CLM-00470_v1.jpg,train/manual_review/CLM-00470_v1.jpg
CLM-00470,train,Manual Review,2,CLM-00470_v2.jpg,train/manual_review/CLM-00470_v2.jpg
CLM-01214,train,Valid Claim,1,CLM-01214_v1.jpg,train/valid/CLM-01214_v1.jpg
CLM-01214,train,Valid Claim,2,CLM-01214_v2.jpg,train/valid/CLM-01214_v2.jpg
CLM-00466,train,Invalid Claim,1,CLM-00466_v1.jpg,train/invalid/CLM-00466_v1.jpg
CLM-00466,train,Invalid Claim,2,CLM-00466_v2.jpg,train/invalid/CLM-00466_v2.jpg
CLM-01123,train,Manual Review,1,CLM-01123_v1.jpg,train/manual_review/CLM-01123_v1.jpg
CLM-01123,train,Manual Review,2,CLM-01123_v2.jpg,train/manual_review/CLM-01123_v2.jpg
CLM-00251,train,Manual Review,1,CLM-00251_v1.jpg,train/manual_review/CLM-00251_v1.jpg
CLM-00251,train,Manual Review,2,CLM-00251_v2.jpg,train/manual_review/CLM-00251_v2.jpg
CLM-00583,train,Manual Review,1,CLM-00583_v1.jpg,train/manual_review/CLM-00583_v1.jpg
CLM-00583,train,Manual Review,2,CLM-00583_v2.jpg,train/manual_review/CLM-00583_v2.jpg
CLM-01472,train,Manual Review,1,CLM-01472_v1.jpg,train/manual_review/CLM-01472_v1.jpg
CLM-01472,train,Manual Review,2,CLM-01472_v2.jpg,train/manual_review/CLM-01472_v2.jpg
CLM-00175,train,Valid Claim,1,CLM-00175_v1.jpg,train/valid/CLM-00175_v1.jpg
CLM-00175,train,Valid Claim,2,CLM-00175_v2.jpg,train/valid/CLM-00175_v2.jpg
CLM-00946,train,Invalid Claim,1,CLM-00946_v1.jpg,train/invalid/CLM-00946_v1.jpg
CLM-00946,train,Invalid Claim,2,CLM-00946_v2.jpg,train/invalid/CLM-00946_v2.jpg
CLM-01463,train,Invalid Claim,1,CLM-01463_v1.jpg,train/invalid/CLM-01463_v1.jpg
CLM-01463,train,Invalid Claim,2,CLM-01463_v2.jpg,train/invalid/CLM-01463_v2.jpg
CLM-00322,train,Manual Review,1,CLM-00322_v1.jpg,train/manual_review/CLM-00322_v1.jpg
CLM-00322,train,Manual Review,2,CLM-00322_v2.jpg,train/manual_review/CLM-00322_v2.jpg
CLM-00453,train,Valid Claim,1,CLM-00453_v1.jpg,train/valid/CLM-00453_v1.jpg
CLM-00453,train,Valid Claim,2,CLM-00453_v2.jpg,train/valid/CLM-00453_v2.jpg
CLM-00244,train,Valid Claim,1,CLM-00244_v1.jpg,train/valid/CLM-00244_v1.jpg
CLM-00244,train,Valid Claim,2,CLM-00244_v2.jpg,train/valid/CLM-00244_v2.jpg
CLM-00091,train,Manual Review,1,CLM-00091_v1.jpg,train/manual_review/CLM-00091_v1.jpg
CLM-00091,train,Manual Review,2,CLM-00091_v2.jpg,train/manual_review/CLM-00091_v2.jpg
CLM-01405,train,Valid Claim,1,CLM-01405_v1.jpg,train/valid/CLM-01405_v1.jpg
CLM-01405,train,Valid Claim,2,CLM-01405_v2.jpg,train/valid/CLM-01405_v2.jpg
CLM-00876,train,Manual Review,1,CLM-00876_v1.jpg,train/manual_review/CLM-00876_v1.jpg
CLM-00876,train,Manual Review,2,CLM-00876_v2.jpg,train/manual_review/CLM-00876_v2.jpg
CLM-00115,train,Valid Claim,1,CLM-00115_v1.jpg,train/valid/CLM-00115_v1.jpg
CLM-00115,train,Valid Claim,2,CLM-00115_v2.jpg,train/valid/CLM-00115_v2.jpg
CLM-00922,train,Valid Claim,1,CLM-00922_v1.jpg,train/valid/CLM-00922_v1.jpg
CLM-00922,train,Valid Claim,2,CLM-00922_v2.jpg,train/valid/CLM-00922_v2.jpg
CLM-00544,train,Invalid Claim,1,CLM-00544_v1.jpg,train/invalid/CLM-00544_v1.jpg
CLM-00544,train,Invalid Claim,2,CLM-00544_v2.jpg,train/invalid/CLM-00544_v2.jpg
CLM-00170,train,Valid Claim,1,CLM-00170_v1.jpg,train/valid/CLM-00170_v1.jpg
CLM-00170,train,Valid Claim,2,CLM-00170_v2.jpg,train/valid/CLM-00170_v2.jpg
CLM-00997,train,Invalid Claim,1,CLM-00997_v1.jpg,train/invalid/CLM-00997_v1.jpg
CLM-00997,train,Invalid Claim,2,CLM-00997_v2.jpg,train/invalid/CLM-00997_v2.jpg
CLM-00964,train,Invalid Claim,1,CLM-00964_v1.jpg,train/invalid/CLM-00964_v1.jpg
CLM-00964,train,Invalid Claim,2,CLM-00964_v2.jpg,train/invalid/CLM-00964_v2.jpg
CLM-00013,train,Invalid Claim,1,CLM-00013_v1.jpg,train/invalid/CLM-00013_v1.jpg
CLM-00013,train,Invalid Claim,2,CLM-00013_v2.jpg,train/invalid/CLM-00013_v2.jpg
CLM-00570,train,Invalid Claim,1,CLM-00570_v1.jpg,train/invalid/CLM-00570_v1.jpg
CLM-00570,train,Invalid Claim,2,CLM-00570_v2.jpg,train/invalid/CLM-00570_v2.jpg
CLM-01352,train,Valid Claim,1,CLM-01352_v1.jpg,train/valid/CLM-01352_v1.jpg
CLM-01352,train,Valid Claim,2,CLM-01352_v2.jpg,train/valid/CLM-01352_v2.jpg
CLM-01195,train,Manual Review,1,CLM-01195_v1.jpg,train/manual_review/CLM-01195_v1.jpg
CLM-01195,train,Manual Review,2,CLM-01195_v2.jpg,train/manual_review/CLM-01195_v2.jpg
CLM-01327,train,Manual Review,1,CLM-01327_v1.jpg,train/manual_review/CLM-01327_v1.jpg
CLM-01327,train,Manual Review,2,CLM-01327_v2.jpg,train/manual_review/CLM-01327_v2.jpg
CLM-01387,train,Valid Claim,1,CLM-01387_v1.jpg,train/valid/CLM-01387_v1.jpg
CLM-01387,train,Valid Claim,2,CLM-01387_v2.jpg,train/valid/CLM-01387_v2.jpg
CLM-00493,train,Manual Review,1,CLM-00493_v1.jpg,train/manual_review/CLM-00493_v1.jpg
CLM-00493,train,Manual Review,2,CLM-00493_v2.jpg,train/manual_review/CLM-00493_v2.jpg
CLM-00947,train,Valid Claim,1,CLM-00947_v1.jpg,train/valid/CLM-00947_v1.jpg
CLM-00947,train,Valid Claim,2,CLM-00947_v2.jpg,train/valid/CLM-00947_v2.jpg
CLM-00226,train,Valid Claim,1,CLM-00226_v1.jpg,train/valid/CLM-00226_v1.jpg
CLM-00226,train,Valid Claim,2,CLM-00226_v2.jpg,train/valid/CLM-00226_v2.jpg
CLM-00644,train,Manual Review,1,CLM-00644_v1.jpg,train/manual_review/CLM-00644_v1.jpg
CLM-00644,train,Manual Review,2,CLM-00644_v2.jpg,train/manual_review/CLM-00644_v2.jpg
CLM-01480,train,Manual Review,1,CLM-01480_v1.jpg,train/manual_review/CLM-01480_v1.jpg
CLM-01480,train,Manual Review,2,CLM-01480_v2.jpg,train/manual_review/CLM-01480_v2.jpg
CLM-00656,train,Manual Review,1,CLM-00656_v1.jpg,train/manual_review/CLM-00656_v1.jpg
CLM-00656,train,Manual Review,2,CLM-00656_v2.jpg,train/manual_review/CLM-00656_v2.jpg
CLM-01076,train,Manual Review,1,CLM-01076_v1.jpg,train/manual_review/CLM-01076_v1.jpg
CLM-01076,train,Manual Review,2,CLM-01076_v2.jpg,train/manual_review/CLM-01076_v2.jpg
CLM-00265,train,Manual Review,1,CLM-00265_v1.jpg,train/manual_review/CLM-00265_v1.jpg
CLM-00265,train,Manual Review,2,CLM-00265_v2.jpg,train/manual_review/CLM-00265_v2.jpg
CLM-01363,train,Invalid Claim,1,CLM-01363_v1.jpg,train/invalid/CLM-01363_v1.jpg
CLM-01363,train,Invalid Claim,2,CLM-01363_v2.jpg,train/invalid/CLM-01363_v2.jpg
CLM-00134,train,Manual Review,1,CLM-00134_v1.jpg,train/manual_review/CLM-00134_v1.jpg
CLM-00134,train,Manual Review,2,CLM-00134_v2.jpg,train/manual_review/CLM-00134_v2.jpg
CLM-01329,train,Invalid Claim,1,CLM-01329_v1.jpg,train/invalid/CLM-01329_v1.jpg
CLM-01329,train,Invalid Claim,2,CLM-01329_v2.jpg,train/invalid/CLM-01329_v2.jpg
CLM-01407,train,Valid Claim,1,CLM-01407_v1.jpg,train/valid/CLM-01407_v1.jpg
CLM-01407,train,Valid Claim,2,CLM-01407_v2.jpg,train/valid/CLM-01407_v2.jpg
CLM-00529,train,Valid Claim,1,CLM-00529_v1.jpg,train/valid/CLM-00529_v1.jpg
CLM-00529,train,Valid Claim,2,CLM-00529_v2.jpg,train/valid/CLM-00529_v2.jpg
CLM-00157,train,Manual Review,1,CLM-00157_v1.jpg,train/manual_review/CLM-00157_v1.jpg
CLM-00157,train,Manual Review,2,CLM-00157_v2.jpg,train/manual_review/CLM-00157_v2.jpg
CLM-00045,train,Manual Review,1,CLM-00045_v1.jpg,train/manual_review/CLM-00045_v1.jpg
CLM-00045,train,Manual Review,2,CLM-00045_v2.jpg,train/manual_review/CLM-00045_v2.jpg
CLM-00725,train,Invalid Claim,1,CLM-00725_v1.jpg,train/invalid/CLM-00725_v1.jpg
CLM-00725,train,Invalid Claim,2,CLM-00725_v2.jpg,train/invalid/CLM-00725_v2.jpg
CLM-00207,train,Valid Claim,1,CLM-00207_v1.jpg,train/valid/CLM-00207_v1.jpg
CLM-00207,train,Valid Claim,2,CLM-00207_v2.jpg,train/valid/CLM-00207_v2.jpg
CLM-00494,train,Manual Review,1,CLM-00494_v1.jpg,train/manual_review/CLM-00494_v1.jpg
CLM-00494,train,Manual Review,2,CLM-00494_v2.jpg,train/manual_review/CLM-00494_v2.jpg
CLM-00674,train,Valid Claim,1,CLM-00674_v1.jpg,train/valid/CLM-00674_v1.jpg
CLM-00674,train,Valid Claim,2,CLM-00674_v2.jpg,train/valid/CLM-00674_v2.jpg
CLM-00422,train,Invalid Claim,1,CLM-00422_v1.jpg,train/invalid/CLM-00422_v1.jpg
CLM-00422,train,Invalid Claim,2,CLM-00422_v2.jpg,train/invalid/CLM-00422_v2.jpg
CLM-00878,train,Manual Review,1,CLM-00878_v1.jpg,train/manual_review/CLM-00878_v1.jpg
CLM-00878,train,Manual Review,2,CLM-00878_v2.jpg,train/manual_review/CLM-00878_v2.jpg
CLM-01247,train,Valid Claim,1,CLM-01247_v1.jpg,train/valid/CLM-01247_v1.jpg
CLM-01247,train,Valid Claim,2,CLM-01247_v2.jpg,train/valid/CLM-01247_v2.jpg
CLM-00400,train,Invalid Claim,1,CLM-00400_v1.jpg,train/invalid/CLM-00400_v1.jpg
CLM-00400,train,Invalid Claim,2,CLM-00400_v2.jpg,train/invalid/CLM-00400_v2.jpg
CLM-00606,train,Invalid Claim,1,CLM-00606_v1.jpg,train/invalid/CLM-00606_v1.jpg
CLM-00606,train,Invalid Claim,2,CLM-00606_v2.jpg,train/invalid/CLM-00606_v2.jpg
CLM-01077,train,Invalid Claim,1,CLM-01077_v1.jpg,train/invalid/CLM-01077_v1.jpg
CLM-01077,train,Invalid Claim,2,CLM-01077_v2.jpg,train/invalid/CLM-01077_v2.jpg
CLM-00144,train,Valid Claim,1,CLM-00144_v1.jpg,train/valid/CLM-00144_v1.jpg
CLM-00144,train,Valid Claim,2,CLM-00144_v2.jpg,train/valid/CLM-00144_v2.jpg
CLM-00697,train,Manual Review,1,CLM-00697_v1.jpg,train/manual_review/CLM-00697_v1.jpg
CLM-00697,train,Manual Review,2,CLM-00697_v2.jpg,train/manual_review/CLM-00697_v2.jpg
CLM-01464,train,Invalid Claim,1,CLM-01464_v1.jpg,train/invalid/CLM-01464_v1.jpg
CLM-01464,train,Invalid Claim,2,CLM-01464_v2.jpg,train/invalid/CLM-01464_v2.jpg
CLM-00070,train,Valid Claim,1,CLM-00070_v1.jpg,train/valid/CLM-00070_v1.jpg
CLM-00070,train,Valid Claim,2,CLM-00070_v2.jpg,train/valid/CLM-00070_v2.jpg
CLM-00350,train,Manual Review,1,CLM-00350_v1.jpg,train/manual_review/CLM-00350_v1.jpg
CLM-00350,train,Manual Review,2,CLM-00350_v2.jpg,train/manual_review/CLM-00350_v2.jpg
CLM-00824,train,Valid Claim,1,CLM-00824_v1.jpg,train/valid/CLM-00824_v1.jpg
CLM-00824,train,Valid Claim,2,CLM-00824_v2.jpg,train/valid/CLM-00824_v2.jpg
CLM-01446,train,Valid Claim,1,CLM-01446_v1.jpg,train/valid/CLM-01446_v1.jpg
CLM-01446,train,Valid Claim,2,CLM-01446_v2.jpg,train/valid/CLM-01446_v2.jpg
CLM-01119,train,Invalid Claim,1,CLM-01119_v1.jpg,train/invalid/CLM-01119_v1.jpg
CLM-01119,train,Invalid Claim,2,CLM-01119_v2.jpg,train/invalid/CLM-01119_v2.jpg
CLM-00986,train,Valid Claim,1,CLM-00986_v1.jpg,train/valid/CLM-00986_v1.jpg
CLM-00986,train,Valid Claim,2,CLM-00986_v2.jpg,train/valid/CLM-00986_v2.jpg
CLM-00613,train,Valid Claim,1,CLM-00613_v1.jpg,train/valid/CLM-00613_v1.jpg
CLM-00613,train,Valid Claim,2,CLM-00613_v2.jpg,train/valid/CLM-00613_v2.jpg
CLM-00571,train,Invalid Claim,1,CLM-00571_v1.jpg,train/invalid/CLM-00571_v1.jpg
CLM-00571,train,Invalid Claim,2,CLM-00571_v2.jpg,train/invalid/CLM-00571_v2.jpg
CLM-00859,train,Manual Review,1,CLM-00859_v1.jpg,train/manual_review/CLM-00859_v1.jpg
CLM-00859,train,Manual Review,2,CLM-00859_v2.jpg,train/manual_review/CLM-00859_v2.jpg
CLM-00743,train,Invalid Claim,1,CLM-00743_v1.jpg,train/invalid/CLM-00743_v1.jpg
CLM-00743,train,Invalid Claim,2,CLM-00743_v2.jpg,train/invalid/CLM-00743_v2.jpg
CLM-01171,train,Invalid Claim,1,CLM-01171_v1.jpg,train/invalid/CLM-01171_v1.jpg
CLM-01171,train,Invalid Claim,2,CLM-01171_v2.jpg,train/invalid/CLM-01171_v2.jpg
CLM-00218,train,Valid Claim,1,CLM-00218_v1.jpg,train/valid/CLM-00218_v1.jpg
CLM-00218,train,Valid Claim,2,CLM-00218_v2.jpg,train/valid/CLM-00218_v2.jpg
CLM-00829,train,Invalid Claim,1,CLM-00829_v1.jpg,train/invalid/CLM-00829_v1.jpg
CLM-00829,train,Invalid Claim,2,CLM-00829_v2.jpg,train/invalid/CLM-00829_v2.jpg
CLM-00536,train,Invalid Claim,1,CLM-00536_v1.jpg,train/invalid/CLM-00536_v1.jpg
CLM-00536,train,Invalid Claim,2,CLM-00536_v2.jpg,train/invalid/CLM-00536_v2.jpg
CLM-00043,train,Manual Review,1,CLM-00043_v1.jpg,train/manual_review/CLM-00043_v1.jpg
CLM-00043,train,Manual Review,2,CLM-00043_v2.jpg,train/manual_review/CLM-00043_v2.jpg
CLM-00315,train,Manual Review,1,CLM-00315_v1.jpg,train/manual_review/CLM-00315_v1.jpg
CLM-00315,train,Manual Review,2,CLM-00315_v2.jpg,train/manual_review/CLM-00315_v2.jpg
CLM-00591,train,Valid Claim,1,CLM-00591_v1.jpg,train/valid/CLM-00591_v1.jpg
CLM-00591,train,Valid Claim,2,CLM-00591_v2.jpg,train/valid/CLM-00591_v2.jpg
CLM-00116,train,Valid Claim,1,CLM-00116_v1.jpg,train/valid/CLM-00116_v1.jpg
CLM-00116,train,Valid Claim,2,CLM-00116_v2.jpg,train/valid/CLM-00116_v2.jpg
CLM-01343,train,Manual Review,1,CLM-01343_v1.jpg,train/manual_review/CLM-01343_v1.jpg
CLM-01343,train,Manual Review,2,CLM-01343_v2.jpg,train/manual_review/CLM-01343_v2.jpg
CLM-00364,train,Manual Review,1,CLM-00364_v1.jpg,train/manual_review/CLM-00364_v1.jpg
CLM-00364,train,Manual Review,2,CLM-00364_v2.jpg,train/manual_review/CLM-00364_v2.jpg
CLM-00672,train,Valid Claim,1,CLM-00672_v1.jpg,train/valid/CLM-00672_v1.jpg
CLM-00672,train,Valid Claim,2,CLM-00672_v2.jpg,train/valid/CLM-00672_v2.jpg
CLM-00375,train,Manual Review,1,CLM-00375_v1.jpg,train/manual_review/CLM-00375_v1.jpg
CLM-00375,train,Manual Review,2,CLM-00375_v2.jpg,train/manual_review/CLM-00375_v2.jpg
CLM-00847,train,Invalid Claim,1,CLM-00847_v1.jpg,train/invalid/CLM-00847_v1.jpg
CLM-00847,train,Invalid Claim,2,CLM-00847_v2.jpg,train/invalid/CLM-00847_v2.jpg
CLM-01332,train,Manual Review,1,CLM-01332_v1.jpg,train/manual_review/CLM-01332_v1.jpg
CLM-01332,train,Manual Review,2,CLM-01332_v2.jpg,train/manual_review/CLM-01332_v2.jpg
CLM-01494,train,Manual Review,1,CLM-01494_v1.jpg,train/manual_review/CLM-01494_v1.jpg
CLM-01494,train,Manual Review,2,CLM-01494_v2.jpg,train/manual_review/CLM-01494_v2.jpg
CLM-00484,train,Manual Review,1,CLM-00484_v1.jpg,train/manual_review/CLM-00484_v1.jpg
CLM-00484,train,Manual Review,2,CLM-00484_v2.jpg,train/manual_review/CLM-00484_v2.jpg
CLM-01005,train,Valid Claim,1,CLM-01005_v1.jpg,train/valid/CLM-01005_v1.jpg
CLM-01005,train,Valid Claim,2,CLM-01005_v2.jpg,train/valid/CLM-01005_v2.jpg
CLM-00135,train,Invalid Claim,1,CLM-00135_v1.jpg,train/invalid/CLM-00135_v1.jpg
CLM-00135,train,Invalid Claim,2,CLM-00135_v2.jpg,train/invalid/CLM-00135_v2.jpg
CLM-00699,train,Manual Review,1,CLM-00699_v1.jpg,train/manual_review/CLM-00699_v1.jpg
CLM-00699,train,Manual Review,2,CLM-00699_v2.jpg,train/manual_review/CLM-00699_v2.jpg
CLM-01476,train,Invalid Claim,1,CLM-01476_v1.jpg,train/invalid/CLM-01476_v1.jpg
CLM-01476,train,Invalid Claim,2,CLM-01476_v2.jpg,train/invalid/CLM-01476_v2.jpg
CLM-01320,train,Invalid Claim,1,CLM-01320_v1.jpg,train/invalid/CLM-01320_v1.jpg
CLM-01320,train,Invalid Claim,2,CLM-01320_v2.jpg,train/invalid/CLM-01320_v2.jpg
CLM-01018,train,Invalid Claim,1,CLM-01018_v1.jpg,train/invalid/CLM-01018_v1.jpg
CLM-01018,train,Invalid Claim,2,CLM-01018_v2.jpg,train/invalid/CLM-01018_v2.jpg
CLM-00566,train,Valid Claim,1,CLM-00566_v1.jpg,train/valid/CLM-00566_v1.jpg
CLM-00566,train,Valid Claim,2,CLM-00566_v2.jpg,train/valid/CLM-00566_v2.jpg
CLM-00270,train,Invalid Claim,1,CLM-00270_v1.jpg,train/invalid/CLM-00270_v1.jpg
CLM-00270,train,Invalid Claim,2,CLM-00270_v2.jpg,train/invalid/CLM-00270_v2.jpg
CLM-00963,train,Manual Review,1,CLM-00963_v1.jpg,train/manual_review/CLM-00963_v1.jpg
CLM-00963,train,Manual Review,2,CLM-00963_v2.jpg,train/manual_review/CLM-00963_v2.jpg
CLM-00004,train,Valid Claim,1,CLM-00004_v1.jpg,train/valid/CLM-00004_v1.jpg
CLM-00004,train,Valid Claim,2,CLM-00004_v2.jpg,train/valid/CLM-00004_v2.jpg
CLM-00366,train,Invalid Claim,1,CLM-00366_v1.jpg,train/invalid/CLM-00366_v1.jpg
CLM-00366,train,Invalid Claim,2,CLM-00366_v2.jpg,train/invalid/CLM-00366_v2.jpg
CLM-00698,train,Manual Review,1,CLM-00698_v1.jpg,train/manual_review/CLM-00698_v1.jpg
CLM-00698,train,Manual Review,2,CLM-00698_v2.jpg,train/manual_review/CLM-00698_v2.jpg
CLM-00585,train,Manual Review,1,CLM-00585_v1.jpg,train/manual_review/CLM-00585_v1.jpg
CLM-00585,train,Manual Review,2,CLM-00585_v2.jpg,train/manual_review/CLM-00585_v2.jpg
CLM-00200,train,Valid Claim,1,CLM-00200_v1.jpg,train/valid/CLM-00200_v1.jpg
CLM-00200,train,Valid Claim,2,CLM-00200_v2.jpg,train/valid/CLM-00200_v2.jpg
CLM-01163,train,Invalid Claim,1,CLM-01163_v1.jpg,train/invalid/CLM-01163_v1.jpg
CLM-01163,train,Invalid Claim,2,CLM-01163_v2.jpg,train/invalid/CLM-01163_v2.jpg
CLM-00064,train,Valid Claim,1,CLM-00064_v1.jpg,train/valid/CLM-00064_v1.jpg
CLM-00064,train,Valid Claim,2,CLM-00064_v2.jpg,train/valid/CLM-00064_v2.jpg
CLM-00295,train,Invalid Claim,1,CLM-00295_v1.jpg,train/invalid/CLM-00295_v1.jpg
CLM-00295,train,Invalid Claim,2,CLM-00295_v2.jpg,train/invalid/CLM-00295_v2.jpg
CLM-00260,train,Manual Review,1,CLM-00260_v1.jpg,train/manual_review/CLM-00260_v1.jpg
CLM-00260,train,Manual Review,2,CLM-00260_v2.jpg,train/manual_review/CLM-00260_v2.jpg
CLM-01324,train,Valid Claim,1,CLM-01324_v1.jpg,train/valid/CLM-01324_v1.jpg
CLM-01324,train,Valid Claim,2,CLM-01324_v2.jpg,train/valid/CLM-01324_v2.jpg
CLM-00002,train,Manual Review,1,CLM-00002_v1.jpg,train/manual_review/CLM-00002_v1.jpg
CLM-00002,train,Manual Review,2,CLM-00002_v2.jpg,train/manual_review/CLM-00002_v2.jpg
CLM-00100,train,Valid Claim,1,CLM-00100_v1.jpg,train/valid/CLM-00100_v1.jpg
CLM-00100,train,Valid Claim,2,CLM-00100_v2.jpg,train/valid/CLM-00100_v2.jpg
CLM-01061,train,Manual Review,1,CLM-01061_v1.jpg,train/manual_review/CLM-01061_v1.jpg
CLM-01061,train,Manual Review,2,CLM-01061_v2.jpg,train/manual_review/CLM-01061_v2.jpg
CLM-00728,train,Manual Review,1,CLM-00728_v1.jpg,train/manual_review/CLM-00728_v1.jpg
CLM-00728,train,Manual Review,2,CLM-00728_v2.jpg,train/manual_review/CLM-00728_v2.jpg
CLM-00185,train,Manual Review,1,CLM-00185_v1.jpg,train/manual_review/CLM-00185_v1.jpg
CLM-00185,train,Manual Review,2,CLM-00185_v2.jpg,train/manual_review/CLM-00185_v2.jpg
CLM-00304,train,Manual Review,1,CLM-00304_v1.jpg,train/manual_review/CLM-00304_v1.jpg
CLM-00304,train,Manual Review,2,CLM-00304_v2.jpg,train/manual_review/CLM-00304_v2.jpg
CLM-01423,train,Invalid Claim,1,CLM-01423_v1.jpg,train/invalid/CLM-01423_v1.jpg
CLM-01423,train,Invalid Claim,2,CLM-01423_v2.jpg,train/invalid/CLM-01423_v2.jpg
CLM-00734,train,Valid Claim,1,CLM-00734_v1.jpg,train/valid/CLM-00734_v1.jpg
CLM-00734,train,Valid Claim,2,CLM-00734_v2.jpg,train/valid/CLM-00734_v2.jpg
CLM-00353,train,Valid Claim,1,CLM-00353_v1.jpg,train/valid/CLM-00353_v1.jpg
CLM-00353,train,Valid Claim,2,CLM-00353_v2.jpg,train/valid/CLM-00353_v2.jpg
CLM-00035,train,Valid Claim,1,CLM-00035_v1.jpg,train/valid/CLM-00035_v1.jpg
CLM-00035,train,Valid Claim,2,CLM-00035_v2.jpg,train/valid/CLM-00035_v2.jpg
CLM-00696,train,Valid Claim,1,CLM-00696_v1.jpg,train/valid/CLM-00696_v1.jpg
CLM-00696,train,Valid Claim,2,CLM-00696_v2.jpg,train/valid/CLM-00696_v2.jpg
CLM-01408,train,Invalid Claim,1,CLM-01408_v1.jpg,train/invalid/CLM-01408_v1.jpg
CLM-01408,train,Invalid Claim,2,CLM-01408_v2.jpg,train/invalid/CLM-01408_v2.jpg
CLM-01121,train,Invalid Claim,1,CLM-01121_v1.jpg,train/invalid/CLM-01121_v1.jpg
CLM-01121,train,Invalid Claim,2,CLM-01121_v2.jpg,train/invalid/CLM-01121_v2.jpg
CLM-00542,train,Manual Review,1,CLM-00542_v1.jpg,train/manual_review/CLM-00542_v1.jpg
CLM-00542,train,Manual Review,2,CLM-00542_v2.jpg,train/manual_review/CLM-00542_v2.jpg
CLM-01238,train,Manual Review,1,CLM-01238_v1.jpg,train/manual_review/CLM-01238_v1.jpg
CLM-01238,train,Manual Review,2,CLM-01238_v2.jpg,train/manual_review/CLM-01238_v2.jpg
CLM-01285,train,Manual Review,1,CLM-01285_v1.jpg,train/manual_review/CLM-01285_v1.jpg
CLM-01285,train,Manual Review,2,CLM-01285_v2.jpg,train/manual_review/CLM-01285_v2.jpg
CLM-01468,train,Invalid Claim,1,CLM-01468_v1.jpg,train/invalid/CLM-01468_v1.jpg
CLM-01468,train,Invalid Claim,2,CLM-01468_v2.jpg,train/invalid/CLM-01468_v2.jpg
CLM-01224,train,Manual Review,1,CLM-01224_v1.jpg,train/manual_review/CLM-01224_v1.jpg
CLM-01224,train,Manual Review,2,CLM-01224_v2.jpg,train/manual_review/CLM-01224_v2.jpg
CLM-00706,train,Valid Claim,1,CLM-00706_v1.jpg,train/valid/CLM-00706_v1.jpg
CLM-00706,train,Valid Claim,2,CLM-00706_v2.jpg,train/valid/CLM-00706_v2.jpg
CLM-01241,train,Manual Review,1,CLM-01241_v1.jpg,train/manual_review/CLM-01241_v1.jpg
CLM-01241,train,Manual Review,2,CLM-01241_v2.jpg,train/manual_review/CLM-01241_v2.jpg
CLM-00563,train,Invalid Claim,1,CLM-00563_v1.jpg,train/invalid/CLM-00563_v1.jpg
CLM-00563,train,Invalid Claim,2,CLM-00563_v2.jpg,train/invalid/CLM-00563_v2.jpg
CLM-01491,train,Manual Review,1,CLM-01491_v1.jpg,train/manual_review/CLM-01491_v1.jpg
CLM-01491,train,Manual Review,2,CLM-01491_v2.jpg,train/manual_review/CLM-01491_v2.jpg
CLM-00513,train,Manual Review,1,CLM-00513_v1.jpg,train/manual_review/CLM-00513_v1.jpg
CLM-00513,train,Manual Review,2,CLM-00513_v2.jpg,train/manual_review/CLM-00513_v2.jpg
CLM-00166,train,Valid Claim,1,CLM-00166_v1.jpg,train/valid/CLM-00166_v1.jpg
CLM-00166,train,Valid Claim,2,CLM-00166_v2.jpg,train/valid/CLM-00166_v2.jpg
CLM-00255,train,Manual Review,1,CLM-00255_v1.jpg,train/manual_review/CLM-00255_v1.jpg
CLM-00255,train,Manual Review,2,CLM-00255_v2.jpg,train/manual_review/CLM-00255_v2.jpg
CLM-00629,train,Valid Claim,1,CLM-00629_v1.jpg,train/valid/CLM-00629_v1.jpg
CLM-00629,train,Valid Claim,2,CLM-00629_v2.jpg,train/valid/CLM-00629_v2.jpg
CLM-00630,train,Valid Claim,1,CLM-00630_v1.jpg,train/valid/CLM-00630_v1.jpg
CLM-00630,train,Valid Claim,2,CLM-00630_v2.jpg,train/valid/CLM-00630_v2.jpg
CLM-00680,train,Valid Claim,1,CLM-00680_v1.jpg,train/valid/CLM-00680_v1.jpg
CLM-00680,train,Valid Claim,2,CLM-00680_v2.jpg,train/valid/CLM-00680_v2.jpg
CLM-00343,train,Manual Review,1,CLM-00343_v1.jpg,train/manual_review/CLM-00343_v1.jpg
CLM-00343,train,Manual Review,2,CLM-00343_v2.jpg,train/manual_review/CLM-00343_v2.jpg
CLM-01412,train,Invalid Claim,1,CLM-01412_v1.jpg,train/invalid/CLM-01412_v1.jpg
CLM-01412,train,Invalid Claim,2,CLM-01412_v2.jpg,train/invalid/CLM-01412_v2.jpg
CLM-00049,train,Invalid Claim,1,CLM-00049_v1.jpg,train/invalid/CLM-00049_v1.jpg
CLM-00049,train,Invalid Claim,2,CLM-00049_v2.jpg,train/invalid/CLM-00049_v2.jpg
CLM-00454,train,Invalid Claim,1,CLM-00454_v1.jpg,train/invalid/CLM-00454_v1.jpg
CLM-00454,train,Invalid Claim,2,CLM-00454_v2.jpg,train/invalid/CLM-00454_v2.jpg
CLM-00084,train,Invalid Claim,1,CLM-00084_v1.jpg,train/invalid/CLM-00084_v1.jpg
CLM-00084,train,Invalid Claim,2,CLM-00084_v2.jpg,train/invalid/CLM-00084_v2.jpg
CLM-01422,train,Valid Claim,1,CLM-01422_v1.jpg,train/valid/CLM-01422_v1.jpg
CLM-01422,train,Valid Claim,2,CLM-01422_v2.jpg,train/valid/CLM-01422_v2.jpg
CLM-00401,train,Invalid Claim,1,CLM-00401_v1.jpg,train/invalid/CLM-00401_v1.jpg
CLM-00401,train,Invalid Claim,2,CLM-00401_v2.jpg,train/invalid/CLM-00401_v2.jpg
CLM-01120,train,Invalid Claim,1,CLM-01120_v1.jpg,train/invalid/CLM-01120_v1.jpg
CLM-01120,train,Invalid Claim,2,CLM-01120_v2.jpg,train/invalid/CLM-01120_v2.jpg
CLM-00978,train,Valid Claim,1,CLM-00978_v1.jpg,train/valid/CLM-00978_v1.jpg
CLM-00978,train,Valid Claim,2,CLM-00978_v2.jpg,train/valid/CLM-00978_v2.jpg
CLM-01416,train,Valid Claim,1,CLM-01416_v1.jpg,train/valid/CLM-01416_v1.jpg
CLM-01416,train,Valid Claim,2,CLM-01416_v2.jpg,train/valid/CLM-01416_v2.jpg
CLM-01473,train,Valid Claim,1,CLM-01473_v1.jpg,train/valid/CLM-01473_v1.jpg
CLM-01473,train,Valid Claim,2,CLM-01473_v2.jpg,train/valid/CLM-01473_v2.jpg
CLM-00209,train,Valid Claim,1,CLM-00209_v1.jpg,train/valid/CLM-00209_v1.jpg
CLM-00209,train,Valid Claim,2,CLM-00209_v2.jpg,train/valid/CLM-00209_v2.jpg
CLM-01351,train,Valid Claim,1,CLM-01351_v1.jpg,train/valid/CLM-01351_v1.jpg
CLM-01351,train,Valid Claim,2,CLM-01351_v2.jpg,train/valid/CLM-01351_v2.jpg
CLM-00634,train,Manual Review,1,CLM-00634_v1.jpg,train/manual_review/CLM-00634_v1.jpg
CLM-00634,train,Manual Review,2,CLM-00634_v2.jpg,train/manual_review/CLM-00634_v2.jpg
CLM-01399,train,Valid Claim,1,CLM-01399_v1.jpg,train/valid/CLM-01399_v1.jpg
CLM-01399,train,Valid Claim,2,CLM-01399_v2.jpg,train/valid/CLM-01399_v2.jpg
CLM-00076,train,Manual Review,1,CLM-00076_v1.jpg,train/manual_review/CLM-00076_v1.jpg
CLM-00076,train,Manual Review,2,CLM-00076_v2.jpg,train/manual_review/CLM-00076_v2.jpg
CLM-01380,train,Invalid Claim,1,CLM-01380_v1.jpg,train/invalid/CLM-01380_v1.jpg
CLM-01380,train,Invalid Claim,2,CLM-01380_v2.jpg,train/invalid/CLM-01380_v2.jpg
CLM-00631,train,Invalid Claim,1,CLM-00631_v1.jpg,train/invalid/CLM-00631_v1.jpg
CLM-00631,train,Invalid Claim,2,CLM-00631_v2.jpg,train/invalid/CLM-00631_v2.jpg
CLM-00516,train,Valid Claim,1,CLM-00516_v1.jpg,train/valid/CLM-00516_v1.jpg
CLM-00516,train,Valid Claim,2,CLM-00516_v2.jpg,train/valid/CLM-00516_v2.jpg
CLM-00603,train,Invalid Claim,1,CLM-00603_v1.jpg,train/invalid/CLM-00603_v1.jpg
CLM-00603,train,Invalid Claim,2,CLM-00603_v2.jpg,train/invalid/CLM-00603_v2.jpg
CLM-01269,train,Invalid Claim,1,CLM-01269_v1.jpg,train/invalid/CLM-01269_v1.jpg
CLM-01269,train,Invalid Claim,2,CLM-01269_v2.jpg,train/invalid/CLM-01269_v2.jpg
CLM-00773,train,Valid Claim,1,CLM-00773_v1.jpg,train/valid/CLM-00773_v1.jpg
CLM-00773,train,Valid Claim,2,CLM-00773_v2.jpg,train/valid/CLM-00773_v2.jpg
CLM-00087,train,Invalid Claim,1,CLM-00087_v1.jpg,train/invalid/CLM-00087_v1.jpg
CLM-00087,train,Invalid Claim,2,CLM-00087_v2.jpg,train/invalid/CLM-00087_v2.jpg
CLM-00247,train,Manual Review,1,CLM-00247_v1.jpg,train/manual_review/CLM-00247_v1.jpg
CLM-00247,train,Manual Review,2,CLM-00247_v2.jpg,train/manual_review/CLM-00247_v2.jpg
CLM-00507,train,Valid Claim,1,CLM-00507_v1.jpg,train/valid/CLM-00507_v1.jpg
CLM-00507,train,Valid Claim,2,CLM-00507_v2.jpg,train/valid/CLM-00507_v2.jpg
CLM-00370,train,Manual Review,1,CLM-00370_v1.jpg,train/manual_review/CLM-00370_v1.jpg
CLM-00370,train,Manual Review,2,CLM-00370_v2.jpg,train/manual_review/CLM-00370_v2.jpg
CLM-00851,train,Invalid Claim,1,CLM-00851_v1.jpg,train/invalid/CLM-00851_v1.jpg
CLM-00851,train,Invalid Claim,2,CLM-00851_v2.jpg,train/invalid/CLM-00851_v2.jpg
CLM-01216,train,Invalid Claim,1,CLM-01216_v1.jpg,train/invalid/CLM-01216_v1.jpg
CLM-01216,train,Invalid Claim,2,CLM-01216_v2.jpg,train/invalid/CLM-01216_v2.jpg
CLM-01252,train,Manual Review,1,CLM-01252_v1.jpg,train/manual_review/CLM-01252_v1.jpg
CLM-01252,train,Manual Review,2,CLM-01252_v2.jpg,train/manual_review/CLM-01252_v2.jpg
CLM-01132,train,Manual Review,1,CLM-01132_v1.jpg,train/manual_review/CLM-01132_v1.jpg
CLM-01132,train,Manual Review,2,CLM-01132_v2.jpg,train/manual_review/CLM-01132_v2.jpg
CLM-00553,train,Invalid Claim,1,CLM-00553_v1.jpg,train/invalid/CLM-00553_v1.jpg
CLM-00553,train,Invalid Claim,2,CLM-00553_v2.jpg,train/invalid/CLM-00553_v2.jpg
CLM-00429,train,Valid Claim,1,CLM-00429_v1.jpg,train/valid/CLM-00429_v1.jpg
CLM-00429,train,Valid Claim,2,CLM-00429_v2.jpg,train/valid/CLM-00429_v2.jpg
CLM-00719,train,Invalid Claim,1,CLM-00719_v1.jpg,train/invalid/CLM-00719_v1.jpg
CLM-00719,train,Invalid Claim,2,CLM-00719_v2.jpg,train/invalid/CLM-00719_v2.jpg
CLM-00254,train,Invalid Claim,1,CLM-00254_v1.jpg,train/invalid/CLM-00254_v1.jpg
CLM-00254,train,Invalid Claim,2,CLM-00254_v2.jpg,train/invalid/CLM-00254_v2.jpg
CLM-00483,train,Invalid Claim,1,CLM-00483_v1.jpg,train/invalid/CLM-00483_v1.jpg
CLM-00483,train,Invalid Claim,2,CLM-00483_v2.jpg,train/invalid/CLM-00483_v2.jpg
CLM-00592,train,Valid Claim,1,CLM-00592_v1.jpg,train/valid/CLM-00592_v1.jpg
CLM-00592,train,Valid Claim,2,CLM-00592_v2.jpg,train/valid/CLM-00592_v2.jpg
CLM-01331,train,Manual Review,1,CLM-01331_v1.jpg,train/manual_review/CLM-01331_v1.jpg
CLM-01331,train,Manual Review,2,CLM-01331_v2.jpg,train/manual_review/CLM-01331_v2.jpg
CLM-00855,train,Invalid Claim,1,CLM-00855_v1.jpg,train/invalid/CLM-00855_v1.jpg
CLM-00855,train,Invalid Claim,2,CLM-00855_v2.jpg,train/invalid/CLM-00855_v2.jpg
CLM-01185,train,Manual Review,1,CLM-01185_v1.jpg,train/manual_review/CLM-01185_v1.jpg
CLM-01185,train,Manual Review,2,CLM-01185_v2.jpg,train/manual_review/CLM-01185_v2.jpg
CLM-00224,train,Invalid Claim,1,CLM-00224_v1.jpg,train/invalid/CLM-00224_v1.jpg
CLM-00224,train,Invalid Claim,2,CLM-00224_v2.jpg,train/invalid/CLM-00224_v2.jpg
CLM-00733,train,Manual Review,1,CLM-00733_v1.jpg,train/manual_review/CLM-00733_v1.jpg
CLM-00733,train,Manual Review,2,CLM-00733_v2.jpg,train/manual_review/CLM-00733_v2.jpg
CLM-00405,train,Valid Claim,1,CLM-00405_v1.jpg,train/valid/CLM-00405_v1.jpg
CLM-00405,train,Valid Claim,2,CLM-00405_v2.jpg,train/valid/CLM-00405_v2.jpg
CLM-00358,train,Invalid Claim,1,CLM-00358_v1.jpg,train/invalid/CLM-00358_v1.jpg
CLM-00358,train,Invalid Claim,2,CLM-00358_v2.jpg,train/invalid/CLM-00358_v2.jpg
CLM-00056,train,Invalid Claim,1,CLM-00056_v1.jpg,train/invalid/CLM-00056_v1.jpg
CLM-00056,train,Invalid Claim,2,CLM-00056_v2.jpg,train/invalid/CLM-00056_v2.jpg
CLM-00617,train,Valid Claim,1,CLM-00617_v1.jpg,train/valid/CLM-00617_v1.jpg
CLM-00617,train,Valid Claim,2,CLM-00617_v2.jpg,train/valid/CLM-00617_v2.jpg
CLM-00359,train,Invalid Claim,1,CLM-00359_v1.jpg,train/invalid/CLM-00359_v1.jpg
CLM-00359,train,Invalid Claim,2,CLM-00359_v2.jpg,train/invalid/CLM-00359_v2.jpg
CLM-01312,train,Manual Review,1,CLM-01312_v1.jpg,train/manual_review/CLM-01312_v1.jpg
CLM-01312,train,Manual Review,2,CLM-01312_v2.jpg,train/manual_review/CLM-01312_v2.jpg
CLM-00146,train,Manual Review,1,CLM-00146_v1.jpg,train/manual_review/CLM-00146_v1.jpg
CLM-00146,train,Manual Review,2,CLM-00146_v2.jpg,train/manual_review/CLM-00146_v2.jpg
CLM-00430,train,Manual Review,1,CLM-00430_v1.jpg,train/manual_review/CLM-00430_v1.jpg
CLM-00430,train,Manual Review,2,CLM-00430_v2.jpg,train/manual_review/CLM-00430_v2.jpg
CLM-00173,train,Invalid Claim,1,CLM-00173_v1.jpg,train/invalid/CLM-00173_v1.jpg
CLM-00173,train,Invalid Claim,2,CLM-00173_v2.jpg,train/invalid/CLM-00173_v2.jpg
CLM-00133,train,Manual Review,1,CLM-00133_v1.jpg,train/manual_review/CLM-00133_v1.jpg
CLM-00133,train,Manual Review,2,CLM-00133_v2.jpg,train/manual_review/CLM-00133_v2.jpg
CLM-01336,train,Invalid Claim,1,CLM-01336_v1.jpg,train/invalid/CLM-01336_v1.jpg
CLM-01336,train,Invalid Claim,2,CLM-01336_v2.jpg,train/invalid/CLM-01336_v2.jpg
CLM-00999,train,Manual Review,1,CLM-00999_v1.jpg,train/manual_review/CLM-00999_v1.jpg
CLM-00999,train,Manual Review,2,CLM-00999_v2.jpg,train/manual_review/CLM-00999_v2.jpg
CLM-01315,train,Manual Review,1,CLM-01315_v1.jpg,train/manual_review/CLM-01315_v1.jpg
CLM-01315,train,Manual Review,2,CLM-01315_v2.jpg,train/manual_review/CLM-01315_v2.jpg
CLM-00268,train,Valid Claim,1,CLM-00268_v1.jpg,train/valid/CLM-00268_v1.jpg
CLM-00268,train,Valid Claim,2,CLM-00268_v2.jpg,train/valid/CLM-00268_v2.jpg
CLM-00818,train,Manual Review,1,CLM-00818_v1.jpg,train/manual_review/CLM-00818_v1.jpg
CLM-00818,train,Manual Review,2,CLM-00818_v2.jpg,train/manual_review/CLM-00818_v2.jpg
CLM-00580,train,Invalid Claim,1,CLM-00580_v1.jpg,train/invalid/CLM-00580_v1.jpg
CLM-00580,train,Invalid Claim,2,CLM-00580_v2.jpg,train/invalid/CLM-00580_v2.jpg
CLM-00950,train,Invalid Claim,1,CLM-00950_v1.jpg,train/invalid/CLM-00950_v1.jpg
CLM-00950,train,Invalid Claim,2,CLM-00950_v2.jpg,train/invalid/CLM-00950_v2.jpg
CLM-00459,train,Valid Claim,1,CLM-00459_v1.jpg,train/valid/CLM-00459_v1.jpg
CLM-00459,train,Valid Claim,2,CLM-00459_v2.jpg,train/valid/CLM-00459_v2.jpg
CLM-00155,train,Invalid Claim,1,CLM-00155_v1.jpg,train/invalid/CLM-00155_v1.jpg
CLM-00155,train,Invalid Claim,2,CLM-00155_v2.jpg,train/invalid/CLM-00155_v2.jpg
CLM-00465,train,Valid Claim,1,CLM-00465_v1.jpg,train/valid/CLM-00465_v1.jpg
CLM-00465,train,Valid Claim,2,CLM-00465_v2.jpg,train/valid/CLM-00465_v2.jpg
CLM-01056,train,Valid Claim,1,CLM-01056_v1.jpg,train/valid/CLM-01056_v1.jpg
CLM-01056,train,Valid Claim,2,CLM-01056_v2.jpg,train/valid/CLM-01056_v2.jpg
CLM-00213,train,Invalid Claim,1,CLM-00213_v1.jpg,train/invalid/CLM-00213_v1.jpg
CLM-00213,train,Invalid Claim,2,CLM-00213_v2.jpg,train/invalid/CLM-00213_v2.jpg
CLM-00557,train,Valid Claim,1,CLM-00557_v1.jpg,train/valid/CLM-00557_v1.jpg
CLM-00557,train,Valid Claim,2,CLM-00557_v2.jpg,train/valid/CLM-00557_v2.jpg
CLM-01065,train,Invalid Claim,1,CLM-01065_v1.jpg,train/invalid/CLM-01065_v1.jpg
CLM-01065,train,Invalid Claim,2,CLM-01065_v2.jpg,train/invalid/CLM-01065_v2.jpg
CLM-00769,train,Invalid Claim,1,CLM-00769_v1.jpg,train/invalid/CLM-00769_v1.jpg
CLM-00769,train,Invalid Claim,2,CLM-00769_v2.jpg,train/invalid/CLM-00769_v2.jpg
CLM-01004,train,Valid Claim,1,CLM-01004_v1.jpg,train/valid/CLM-01004_v1.jpg
CLM-01004,train,Valid Claim,2,CLM-01004_v2.jpg,train/valid/CLM-01004_v2.jpg
CLM-00272,train,Valid Claim,1,CLM-00272_v1.jpg,train/valid/CLM-00272_v1.jpg
CLM-00272,train,Valid Claim,2,CLM-00272_v2.jpg,train/valid/CLM-00272_v2.jpg
CLM-01244,train,Manual Review,1,CLM-01244_v1.jpg,train/manual_review/CLM-01244_v1.jpg
CLM-01244,train,Manual Review,2,CLM-01244_v2.jpg,train/manual_review/CLM-01244_v2.jpg
CLM-00381,train,Manual Review,1,CLM-00381_v1.jpg,train/manual_review/CLM-00381_v1.jpg
CLM-00381,train,Manual Review,2,CLM-00381_v2.jpg,train/manual_review/CLM-00381_v2.jpg
CLM-01160,train,Manual Review,1,CLM-01160_v1.jpg,train/manual_review/CLM-01160_v1.jpg
CLM-01160,train,Manual Review,2,CLM-01160_v2.jpg,train/manual_review/CLM-01160_v2.jpg
CLM-00443,train,Valid Claim,1,CLM-00443_v1.jpg,train/valid/CLM-00443_v1.jpg
CLM-00443,train,Valid Claim,2,CLM-00443_v2.jpg,train/valid/CLM-00443_v2.jpg
CLM-01176,train,Manual Review,1,CLM-01176_v1.jpg,train/manual_review/CLM-01176_v1.jpg
CLM-01176,train,Manual Review,2,CLM-01176_v2.jpg,train/manual_review/CLM-01176_v2.jpg
CLM-00330,train,Valid Claim,1,CLM-00330_v1.jpg,train/valid/CLM-00330_v1.jpg
CLM-00330,train,Valid Claim,2,CLM-00330_v2.jpg,train/valid/CLM-00330_v2.jpg
CLM-00327,train,Valid Claim,1,CLM-00327_v1.jpg,train/valid/CLM-00327_v1.jpg
CLM-00327,train,Valid Claim,2,CLM-00327_v2.jpg,train/valid/CLM-00327_v2.jpg
CLM-01209,train,Invalid Claim,1,CLM-01209_v1.jpg,train/invalid/CLM-01209_v1.jpg
CLM-01209,train,Invalid Claim,2,CLM-01209_v2.jpg,train/invalid/CLM-01209_v2.jpg
CLM-01326,train,Invalid Claim,1,CLM-01326_v1.jpg,train/invalid/CLM-01326_v1.jpg
CLM-01326,train,Invalid Claim,2,CLM-01326_v2.jpg,train/invalid/CLM-01326_v2.jpg
CLM-00235,train,Manual Review,1,CLM-00235_v1.jpg,train/manual_review/CLM-00235_v1.jpg
CLM-00235,train,Manual Review,2,CLM-00235_v2.jpg,train/manual_review/CLM-00235_v2.jpg
CLM-00313,train,Valid Claim,1,CLM-00313_v1.jpg,train/valid/CLM-00313_v1.jpg
CLM-00313,train,Valid Claim,2,CLM-00313_v2.jpg,train/valid/CLM-00313_v2.jpg
CLM-00813,train,Valid Claim,1,CLM-00813_v1.jpg,train/valid/CLM-00813_v1.jpg
CLM-00813,train,Valid Claim,2,CLM-00813_v2.jpg,train/valid/CLM-00813_v2.jpg
CLM-00006,train,Invalid Claim,1,CLM-00006_v1.jpg,train/invalid/CLM-00006_v1.jpg
CLM-00006,train,Invalid Claim,2,CLM-00006_v2.jpg,train/invalid/CLM-00006_v2.jpg
CLM-01221,train,Invalid Claim,1,CLM-01221_v1.jpg,train/invalid/CLM-01221_v1.jpg
CLM-01221,train,Invalid Claim,2,CLM-01221_v2.jpg,train/invalid/CLM-01221_v2.jpg
CLM-00726,train,Valid Claim,1,CLM-00726_v1.jpg,train/valid/CLM-00726_v1.jpg
CLM-00726,train,Valid Claim,2,CLM-00726_v2.jpg,train/valid/CLM-00726_v2.jpg
CLM-00489,train,Manual Review,1,CLM-00489_v1.jpg,train/manual_review/CLM-00489_v1.jpg
CLM-00489,train,Manual Review,2,CLM-00489_v2.jpg,train/manual_review/CLM-00489_v2.jpg
CLM-00511,train,Valid Claim,1,CLM-00511_v1.jpg,train/valid/CLM-00511_v1.jpg
CLM-00511,train,Valid Claim,2,CLM-00511_v2.jpg,train/valid/CLM-00511_v2.jpg
CLM-00579,train,Valid Claim,1,CLM-00579_v1.jpg,train/valid/CLM-00579_v1.jpg
CLM-00579,train,Valid Claim,2,CLM-00579_v2.jpg,train/valid/CLM-00579_v2.jpg
CLM-00467,train,Invalid Claim,1,CLM-00467_v1.jpg,train/invalid/CLM-00467_v1.jpg
CLM-00467,train,Invalid Claim,2,CLM-00467_v2.jpg,train/invalid/CLM-00467_v2.jpg
CLM-00030,train,Manual Review,1,CLM-00030_v1.jpg,train/manual_review/CLM-00030_v1.jpg
CLM-00030,train,Manual Review,2,CLM-00030_v2.jpg,train/manual_review/CLM-00030_v2.jpg
CLM-01253,train,Valid Claim,1,CLM-01253_v1.jpg,train/valid/CLM-01253_v1.jpg
CLM-01253,train,Valid Claim,2,CLM-01253_v2.jpg,train/valid/CLM-01253_v2.jpg
CLM-00920,train,Valid Claim,1,CLM-00920_v1.jpg,train/valid/CLM-00920_v1.jpg
CLM-00920,train,Valid Claim,2,CLM-00920_v2.jpg,train/valid/CLM-00920_v2.jpg
CLM-00678,train,Invalid Claim,1,CLM-00678_v1.jpg,train/invalid/CLM-00678_v1.jpg
CLM-00678,train,Invalid Claim,2,CLM-00678_v2.jpg,train/invalid/CLM-00678_v2.jpg
CLM-00953,train,Valid Claim,1,CLM-00953_v1.jpg,train/valid/CLM-00953_v1.jpg
CLM-00953,train,Valid Claim,2,CLM-00953_v2.jpg,train/valid/CLM-00953_v2.jpg
CLM-01064,train,Valid Claim,1,CLM-01064_v1.jpg,train/valid/CLM-01064_v1.jpg
CLM-01064,train,Valid Claim,2,CLM-01064_v2.jpg,train/valid/CLM-01064_v2.jpg
CLM-00903,train,Invalid Claim,1,CLM-00903_v1.jpg,train/invalid/CLM-00903_v1.jpg
CLM-00903,train,Invalid Claim,2,CLM-00903_v2.jpg,train/invalid/CLM-00903_v2.jpg
CLM-01146,train,Invalid Claim,1,CLM-01146_v1.jpg,train/invalid/CLM-01146_v1.jpg
CLM-01146,train,Invalid Claim,2,CLM-01146_v2.jpg,train/invalid/CLM-01146_v2.jpg
CLM-01415,train,Manual Review,1,CLM-01415_v1.jpg,train/manual_review/CLM-01415_v1.jpg
CLM-01415,train,Manual Review,2,CLM-01415_v2.jpg,train/manual_review/CLM-01415_v2.jpg
CLM-01142,train,Valid Claim,1,CLM-01142_v1.jpg,train/valid/CLM-01142_v1.jpg
CLM-01142,train,Valid Claim,2,CLM-01142_v2.jpg,train/valid/CLM-01142_v2.jpg
CLM-01349,train,Invalid Claim,1,CLM-01349_v1.jpg,train/invalid/CLM-01349_v1.jpg
CLM-01349,train,Invalid Claim,2,CLM-01349_v2.jpg,train/invalid/CLM-01349_v2.jpg
CLM-00211,train,Valid Claim,1,CLM-00211_v1.jpg,train/valid/CLM-00211_v1.jpg
CLM-00211,train,Valid Claim,2,CLM-00211_v2.jpg,train/valid/CLM-00211_v2.jpg
CLM-00394,train,Invalid Claim,1,CLM-00394_v1.jpg,train/invalid/CLM-00394_v1.jpg
CLM-00394,train,Invalid Claim,2,CLM-00394_v2.jpg,train/invalid/CLM-00394_v2.jpg
CLM-00281,train,Manual Review,1,CLM-00281_v1.jpg,train/manual_review/CLM-00281_v1.jpg
CLM-00281,train,Manual Review,2,CLM-00281_v2.jpg,train/manual_review/CLM-00281_v2.jpg
CLM-00756,train,Valid Claim,1,CLM-00756_v1.jpg,train/valid/CLM-00756_v1.jpg
CLM-00756,train,Valid Claim,2,CLM-00756_v2.jpg,train/valid/CLM-00756_v2.jpg
CLM-01014,train,Manual Review,1,CLM-01014_v1.jpg,train/manual_review/CLM-01014_v1.jpg
CLM-01014,train,Manual Review,2,CLM-01014_v2.jpg,train/manual_review/CLM-01014_v2.jpg
CLM-00363,train,Manual Review,1,CLM-00363_v1.jpg,train/manual_review/CLM-00363_v1.jpg
CLM-00363,train,Manual Review,2,CLM-00363_v2.jpg,train/manual_review/CLM-00363_v2.jpg
CLM-01192,train,Manual Review,1,CLM-01192_v1.jpg,train/manual_review/CLM-01192_v1.jpg
CLM-01192,train,Manual Review,2,CLM-01192_v2.jpg,train/manual_review/CLM-01192_v2.jpg
CLM-00005,train,Valid Claim,1,CLM-00005_v1.jpg,train/valid/CLM-00005_v1.jpg
CLM-00005,train,Valid Claim,2,CLM-00005_v2.jpg,train/valid/CLM-00005_v2.jpg
CLM-00234,train,Manual Review,1,CLM-00234_v1.jpg,train/manual_review/CLM-00234_v1.jpg
CLM-00234,train,Manual Review,2,CLM-00234_v2.jpg,train/manual_review/CLM-00234_v2.jpg
CLM-00204,train,Valid Claim,1,CLM-00204_v1.jpg,train/valid/CLM-00204_v1.jpg
CLM-00204,train,Valid Claim,2,CLM-00204_v2.jpg,train/valid/CLM-00204_v2.jpg
CLM-00174,train,Invalid Claim,1,CLM-00174_v1.jpg,train/invalid/CLM-00174_v1.jpg
CLM-00174,train,Invalid Claim,2,CLM-00174_v2.jpg,train/invalid/CLM-00174_v2.jpg
CLM-01099,train,Invalid Claim,1,CLM-01099_v1.jpg,train/invalid/CLM-01099_v1.jpg
CLM-01099,train,Invalid Claim,2,CLM-01099_v2.jpg,train/invalid/CLM-01099_v2.jpg
CLM-01484,train,Valid Claim,1,CLM-01484_v1.jpg,train/valid/CLM-01484_v1.jpg
CLM-01484,train,Valid Claim,2,CLM-01484_v2.jpg,train/valid/CLM-01484_v2.jpg
CLM-00790,train,Invalid Claim,1,CLM-00790_v1.jpg,train/invalid/CLM-00790_v1.jpg
CLM-00790,train,Invalid Claim,2,CLM-00790_v2.jpg,train/invalid/CLM-00790_v2.jpg
CLM-00051,train,Invalid Claim,1,CLM-00051_v1.jpg,train/invalid/CLM-00051_v1.jpg
CLM-00051,train,Invalid Claim,2,CLM-00051_v2.jpg,train/invalid/CLM-00051_v2.jpg
CLM-00748,train,Valid Claim,1,CLM-00748_v1.jpg,train/valid/CLM-00748_v1.jpg
CLM-00748,train,Valid Claim,2,CLM-00748_v2.jpg,train/valid/CLM-00748_v2.jpg
CLM-00695,train,Invalid Claim,1,CLM-00695_v1.jpg,train/invalid/CLM-00695_v1.jpg
CLM-00695,train,Invalid Claim,2,CLM-00695_v2.jpg,train/invalid/CLM-00695_v2.jpg
CLM-01110,train,Invalid Claim,1,CLM-01110_v1.jpg,train/invalid/CLM-01110_v1.jpg
CLM-01110,train,Invalid Claim,2,CLM-01110_v2.jpg,train/invalid/CLM-01110_v2.jpg
CLM-00305,train,Valid Claim,1,CLM-00305_v1.jpg,train/valid/CLM-00305_v1.jpg
CLM-00305,train,Valid Claim,2,CLM-00305_v2.jpg,train/valid/CLM-00305_v2.jpg
CLM-00498,train,Valid Claim,1,CLM-00498_v1.jpg,train/valid/CLM-00498_v1.jpg
CLM-00498,train,Valid Claim,2,CLM-00498_v2.jpg,train/valid/CLM-00498_v2.jpg
CLM-01283,train,Valid Claim,1,CLM-01283_v1.jpg,train/valid/CLM-01283_v1.jpg
CLM-01283,train,Valid Claim,2,CLM-01283_v2.jpg,train/valid/CLM-01283_v2.jpg
CLM-01386,train,Manual Review,1,CLM-01386_v1.jpg,train/manual_review/CLM-01386_v1.jpg
CLM-01386,train,Manual Review,2,CLM-01386_v2.jpg,train/manual_review/CLM-01386_v2.jpg
CLM-00902,train,Valid Claim,1,CLM-00902_v1.jpg,train/valid/CLM-00902_v1.jpg
CLM-00902,train,Valid Claim,2,CLM-00902_v2.jpg,train/valid/CLM-00902_v2.jpg
CLM-01469,train,Invalid Claim,1,CLM-01469_v1.jpg,train/invalid/CLM-01469_v1.jpg
CLM-01469,train,Invalid Claim,2,CLM-01469_v2.jpg,train/invalid/CLM-01469_v2.jpg
CLM-00063,train,Valid Claim,1,CLM-00063_v1.jpg,train/valid/CLM-00063_v1.jpg
CLM-00063,train,Valid Claim,2,CLM-00063_v2.jpg,train/valid/CLM-00063_v2.jpg
CLM-01102,train,Invalid Claim,1,CLM-01102_v1.jpg,train/invalid/CLM-01102_v1.jpg
CLM-01102,train,Invalid Claim,2,CLM-01102_v2.jpg,train/invalid/CLM-01102_v2.jpg
CLM-00797,train,Invalid Claim,1,CLM-00797_v1.jpg,train/invalid/CLM-00797_v1.jpg
CLM-00797,train,Invalid Claim,2,CLM-00797_v2.jpg,train/invalid/CLM-00797_v2.jpg
CLM-00474,train,Valid Claim,1,CLM-00474_v1.jpg,train/valid/CLM-00474_v1.jpg
CLM-00474,train,Valid Claim,2,CLM-00474_v2.jpg,train/valid/CLM-00474_v2.jpg
CLM-01124,train,Invalid Claim,1,CLM-01124_v1.jpg,train/invalid/CLM-01124_v1.jpg
CLM-01124,train,Invalid Claim,2,CLM-01124_v2.jpg,train/invalid/CLM-01124_v2.jpg
CLM-01182,train,Valid Claim,1,CLM-01182_v1.jpg,train/valid/CLM-01182_v1.jpg
CLM-01182,train,Valid Claim,2,CLM-01182_v2.jpg,train/valid/CLM-01182_v2.jpg
CLM-01298,train,Valid Claim,1,CLM-01298_v1.jpg,train/valid/CLM-01298_v1.jpg
CLM-01298,train,Valid Claim,2,CLM-01298_v2.jpg,train/valid/CLM-01298_v2.jpg
CLM-01167,train,Manual Review,1,CLM-01167_v1.jpg,train/manual_review/CLM-01167_v1.jpg
CLM-01167,train,Manual Review,2,CLM-01167_v2.jpg,train/manual_review/CLM-01167_v2.jpg
CLM-01477,train,Manual Review,1,CLM-01477_v1.jpg,train/manual_review/CLM-01477_v1.jpg
CLM-01477,train,Manual Review,2,CLM-01477_v2.jpg,train/manual_review/CLM-01477_v2.jpg
CLM-00996,train,Valid Claim,1,CLM-00996_v1.jpg,train/valid/CLM-00996_v1.jpg
CLM-00996,train,Valid Claim,2,CLM-00996_v2.jpg,train/valid/CLM-00996_v2.jpg
CLM-01388,train,Valid Claim,1,CLM-01388_v1.jpg,train/valid/CLM-01388_v1.jpg
CLM-01388,train,Valid Claim,2,CLM-01388_v2.jpg,train/valid/CLM-01388_v2.jpg
CLM-01411,train,Valid Claim,1,CLM-01411_v1.jpg,train/valid/CLM-01411_v1.jpg
CLM-01411,train,Valid Claim,2,CLM-01411_v2.jpg,train/valid/CLM-01411_v2.jpg
CLM-01316,train,Manual Review,1,CLM-01316_v1.jpg,train/manual_review/CLM-01316_v1.jpg
CLM-01316,train,Manual Review,2,CLM-01316_v2.jpg,train/manual_review/CLM-01316_v2.jpg
CLM-00949,train,Manual Review,1,CLM-00949_v1.jpg,train/manual_review/CLM-00949_v1.jpg
CLM-00949,train,Manual Review,2,CLM-00949_v2.jpg,train/manual_review/CLM-00949_v2.jpg
CLM-01172,train,Invalid Claim,1,CLM-01172_v1.jpg,train/invalid/CLM-01172_v1.jpg
CLM-01172,train,Invalid Claim,2,CLM-01172_v2.jpg,train/invalid/CLM-01172_v2.jpg
CLM-01020,train,Valid Claim,1,CLM-01020_v1.jpg,train/valid/CLM-01020_v1.jpg
CLM-01020,train,Valid Claim,2,CLM-01020_v2.jpg,train/valid/CLM-01020_v2.jpg
CLM-00800,train,Invalid Claim,1,CLM-00800_v1.jpg,train/invalid/CLM-00800_v1.jpg
CLM-00800,train,Invalid Claim,2,CLM-00800_v2.jpg,train/invalid/CLM-00800_v2.jpg
CLM-01372,train,Invalid Claim,1,CLM-01372_v1.jpg,train/invalid/CLM-01372_v1.jpg
CLM-01372,train,Invalid Claim,2,CLM-01372_v2.jpg,train/invalid/CLM-01372_v2.jpg
CLM-00399,train,Manual Review,1,CLM-00399_v1.jpg,train/manual_review/CLM-00399_v1.jpg
CLM-00399,train,Manual Review,2,CLM-00399_v2.jpg,train/manual_review/CLM-00399_v2.jpg
CLM-00499,train,Manual Review,1,CLM-00499_v1.jpg,train/manual_review/CLM-00499_v1.jpg
CLM-00499,train,Manual Review,2,CLM-00499_v2.jpg,train/manual_review/CLM-00499_v2.jpg
CLM-00635,train,Invalid Claim,1,CLM-00635_v1.jpg,train/invalid/CLM-00635_v1.jpg
CLM-00635,train,Invalid Claim,2,CLM-00635_v2.jpg,train/invalid/CLM-00635_v2.jpg
CLM-00031,train,Manual Review,1,CLM-00031_v1.jpg,train/manual_review/CLM-00031_v1.jpg
CLM-00031,train,Manual Review,2,CLM-00031_v2.jpg,train/manual_review/CLM-00031_v2.jpg
CLM-01118,train,Invalid Claim,1,CLM-01118_v1.jpg,train/invalid/CLM-01118_v1.jpg
CLM-01118,train,Invalid Claim,2,CLM-01118_v2.jpg,train/invalid/CLM-01118_v2.jpg
CLM-00911,train,Manual Review,1,CLM-00911_v1.jpg,train/manual_review/CLM-00911_v1.jpg
CLM-00911,train,Manual Review,2,CLM-00911_v2.jpg,train/manual_review/CLM-00911_v2.jpg
CLM-01139,train,Valid Claim,1,CLM-01139_v1.jpg,train/valid/CLM-01139_v1.jpg
CLM-01139,train,Valid Claim,2,CLM-01139_v2.jpg,train/valid/CLM-01139_v2.jpg
CLM-01393,train,Manual Review,1,CLM-01393_v1.jpg,train/manual_review/CLM-01393_v1.jpg
CLM-01393,train,Manual Review,2,CLM-01393_v2.jpg,train/manual_review/CLM-01393_v2.jpg
CLM-00354,train,Manual Review,1,CLM-00354_v1.jpg,train/manual_review/CLM-00354_v1.jpg
CLM-00354,train,Manual Review,2,CLM-00354_v2.jpg,train/manual_review/CLM-00354_v2.jpg
CLM-00325,train,Invalid Claim,1,CLM-00325_v1.jpg,train/invalid/CLM-00325_v1.jpg
CLM-00325,train,Invalid Claim,2,CLM-00325_v2.jpg,train/invalid/CLM-00325_v2.jpg
CLM-01499,train,Manual Review,1,CLM-01499_v1.jpg,train/manual_review/CLM-01499_v1.jpg
CLM-01499,train,Manual Review,2,CLM-01499_v2.jpg,train/manual_review/CLM-01499_v2.jpg
CLM-01089,train,Valid Claim,1,CLM-01089_v1.jpg,train/valid/CLM-01089_v1.jpg
CLM-01089,train,Valid Claim,2,CLM-01089_v2.jpg,train/valid/CLM-01089_v2.jpg
CLM-00760,train,Valid Claim,1,CLM-00760_v1.jpg,train/valid/CLM-00760_v1.jpg
CLM-00760,train,Valid Claim,2,CLM-00760_v2.jpg,train/valid/CLM-00760_v2.jpg
CLM-00710,train,Invalid Claim,1,CLM-00710_v1.jpg,train/invalid/CLM-00710_v1.jpg
CLM-00710,train,Invalid Claim,2,CLM-00710_v2.jpg,train/invalid/CLM-00710_v2.jpg
CLM-01129,train,Manual Review,1,CLM-01129_v1.jpg,train/manual_review/CLM-01129_v1.jpg
CLM-01129,train,Manual Review,2,CLM-01129_v2.jpg,train/manual_review/CLM-01129_v2.jpg
CLM-00477,train,Invalid Claim,1,CLM-00477_v1.jpg,train/invalid/CLM-00477_v1.jpg
CLM-00477,train,Invalid Claim,2,CLM-00477_v2.jpg,train/invalid/CLM-00477_v2.jpg
CLM-00408,train,Valid Claim,1,CLM-00408_v1.jpg,train/valid/CLM-00408_v1.jpg
CLM-00408,train,Valid Claim,2,CLM-00408_v2.jpg,train/valid/CLM-00408_v2.jpg
CLM-00248,train,Manual Review,1,CLM-00248_v1.jpg,train/manual_review/CLM-00248_v1.jpg
CLM-00248,train,Manual Review,2,CLM-00248_v2.jpg,train/manual_review/CLM-00248_v2.jpg
CLM-00620,train,Invalid Claim,1,CLM-00620_v1.jpg,train/invalid/CLM-00620_v1.jpg
CLM-00620,train,Invalid Claim,2,CLM-00620_v2.jpg,train/invalid/CLM-00620_v2.jpg
CLM-00468,train,Manual Review,1,CLM-00468_v1.jpg,train/manual_review/CLM-00468_v1.jpg
CLM-00468,train,Manual Review,2,CLM-00468_v2.jpg,train/manual_review/CLM-00468_v2.jpg
CLM-00908,train,Valid Claim,1,CLM-00908_v1.jpg,train/valid/CLM-00908_v1.jpg
CLM-00908,train,Valid Claim,2,CLM-00908_v2.jpg,train/valid/CLM-00908_v2.jpg
CLM-01126,train,Invalid Claim,1,CLM-01126_v1.jpg,train/invalid/CLM-01126_v1.jpg
CLM-01126,train,Invalid Claim,2,CLM-01126_v2.jpg,train/invalid/CLM-01126_v2.jpg
CLM-00357,train,Invalid Claim,1,CLM-00357_v1.jpg,train/invalid/CLM-00357_v1.jpg
CLM-00357,train,Invalid Claim,2,CLM-00357_v2.jpg,train/invalid/CLM-00357_v2.jpg
CLM-01486,train,Manual Review,1,CLM-01486_v1.jpg,train/manual_review/CLM-01486_v1.jpg
CLM-01486,train,Manual Review,2,CLM-01486_v2.jpg,train/manual_review/CLM-01486_v2.jpg
CLM-00532,train,Valid Claim,1,CLM-00532_v1.jpg,train/valid/CLM-00532_v1.jpg
CLM-00532,train,Valid Claim,2,CLM-00532_v2.jpg,train/valid/CLM-00532_v2.jpg
CLM-00342,train,Invalid Claim,1,CLM-00342_v1.jpg,train/invalid/CLM-00342_v1.jpg
CLM-00342,train,Invalid Claim,2,CLM-00342_v2.jpg,train/invalid/CLM-00342_v2.jpg
CLM-01045,train,Valid Claim,1,CLM-01045_v1.jpg,train/valid/CLM-01045_v1.jpg
CLM-01045,train,Valid Claim,2,CLM-01045_v2.jpg,train/valid/CLM-01045_v2.jpg
CLM-00987,train,Valid Claim,1,CLM-00987_v1.jpg,train/valid/CLM-00987_v1.jpg
CLM-00987,train,Valid Claim,2,CLM-00987_v2.jpg,train/valid/CLM-00987_v2.jpg
CLM-01406,train,Invalid Claim,1,CLM-01406_v1.jpg,train/invalid/CLM-01406_v1.jpg
CLM-01406,train,Invalid Claim,2,CLM-01406_v2.jpg,train/invalid/CLM-01406_v2.jpg
CLM-01495,train,Manual Review,1,CLM-01495_v1.jpg,train/manual_review/CLM-01495_v1.jpg
CLM-01495,train,Manual Review,2,CLM-01495_v2.jpg,train/manual_review/CLM-01495_v2.jpg
CLM-00456,train,Manual Review,1,CLM-00456_v1.jpg,train/manual_review/CLM-00456_v1.jpg
CLM-00456,train,Manual Review,2,CLM-00456_v2.jpg,train/manual_review/CLM-00456_v2.jpg
CLM-01267,train,Valid Claim,1,CLM-01267_v1.jpg,train/valid/CLM-01267_v1.jpg
CLM-01267,train,Valid Claim,2,CLM-01267_v2.jpg,train/valid/CLM-01267_v2.jpg
CLM-01051,train,Invalid Claim,1,CLM-01051_v1.jpg,train/invalid/CLM-01051_v1.jpg
CLM-01051,train,Invalid Claim,2,CLM-01051_v2.jpg,train/invalid/CLM-01051_v2.jpg
CLM-00835,train,Valid Claim,1,CLM-00835_v1.jpg,train/valid/CLM-00835_v1.jpg
CLM-00835,train,Valid Claim,2,CLM-00835_v2.jpg,train/valid/CLM-00835_v2.jpg
CLM-01318,train,Manual Review,1,CLM-01318_v1.jpg,train/manual_review/CLM-01318_v1.jpg
CLM-01318,train,Manual Review,2,CLM-01318_v2.jpg,train/manual_review/CLM-01318_v2.jpg
CLM-01156,train,Invalid Claim,1,CLM-01156_v1.jpg,train/invalid/CLM-01156_v1.jpg
CLM-01156,train,Invalid Claim,2,CLM-01156_v2.jpg,train/invalid/CLM-01156_v2.jpg
CLM-00727,train,Valid Claim,1,CLM-00727_v1.jpg,train/valid/CLM-00727_v1.jpg
CLM-00727,train,Valid Claim,2,CLM-00727_v2.jpg,train/valid/CLM-00727_v2.jpg
CLM-00928,train,Valid Claim,1,CLM-00928_v1.jpg,train/valid/CLM-00928_v1.jpg
CLM-00928,train,Valid Claim,2,CLM-00928_v2.jpg,train/valid/CLM-00928_v2.jpg
CLM-00894,train,Valid Claim,1,CLM-00894_v1.jpg,train/valid/CLM-00894_v1.jpg
CLM-00894,train,Valid Claim,2,CLM-00894_v2.jpg,train/valid/CLM-00894_v2.jpg
CLM-00303,train,Manual Review,1,CLM-00303_v1.jpg,train/manual_review/CLM-00303_v1.jpg
CLM-00303,train,Manual Review,2,CLM-00303_v2.jpg,train/manual_review/CLM-00303_v2.jpg
CLM-00636,train,Invalid Claim,1,CLM-00636_v1.jpg,train/invalid/CLM-00636_v1.jpg
CLM-00636,train,Invalid Claim,2,CLM-00636_v2.jpg,train/invalid/CLM-00636_v2.jpg
CLM-01429,train,Manual Review,1,CLM-01429_v1.jpg,train/manual_review/CLM-01429_v1.jpg
CLM-01429,train,Manual Review,2,CLM-01429_v2.jpg,train/manual_review/CLM-01429_v2.jpg
CLM-00543,train,Valid Claim,1,CLM-00543_v1.jpg,train/valid/CLM-00543_v1.jpg
CLM-00543,train,Valid Claim,2,CLM-00543_v2.jpg,train/valid/CLM-00543_v2.jpg
CLM-01194,train,Invalid Claim,1,CLM-01194_v1.jpg,train/invalid/CLM-01194_v1.jpg
CLM-01194,train,Invalid Claim,2,CLM-01194_v2.jpg,train/invalid/CLM-01194_v2.jpg
CLM-00550,train,Valid Claim,1,CLM-00550_v1.jpg,train/valid/CLM-00550_v1.jpg
CLM-00550,train,Valid Claim,2,CLM-00550_v2.jpg,train/valid/CLM-00550_v2.jpg
CLM-00487,train,Valid Claim,1,CLM-00487_v1.jpg,train/valid/CLM-00487_v1.jpg
CLM-00487,train,Valid Claim,2,CLM-00487_v2.jpg,train/valid/CLM-00487_v2.jpg
CLM-00409,val,Valid Claim,0,CLM-00409_v0.jpg,val/CLM-00409_v0.jpg
CLM-00383,val,Manual Review,0,CLM-00383_v0.jpg,val/CLM-00383_v0.jpg
CLM-00293,val,Valid Claim,0,CLM-00293_v0.jpg,val/CLM-00293_v0.jpg
CLM-00861,val,Valid Claim,0,CLM-00861_v0.jpg,val/CLM-00861_v0.jpg
CLM-00240,val,Manual Review,0,CLM-00240_v0.jpg,val/CLM-00240_v0.jpg
CLM-01260,val,Manual Review,0,CLM-01260_v0.jpg,val/CLM-01260_v0.jpg
CLM-00763,val,Invalid Claim,0,CLM-00763_v0.jpg,val/CLM-00763_v0.jpg
CLM-00929,val,Invalid Claim,0,CLM-00929_v0.jpg,val/CLM-00929_v0.jpg
CLM-00407,val,Valid Claim,0,CLM-00407_v0.jpg,val/CLM-00407_v0.jpg
CLM-01337,val,Invalid Claim,0,CLM-01337_v0.jpg,val/CLM-01337_v0.jpg
CLM-01186,val,Manual Review,0,CLM-01186_v0.jpg,val/CLM-01186_v0.jpg
CLM-00502,val,Manual Review,0,CLM-00502_v0.jpg,val/CLM-00502_v0.jpg
CLM-00779,val,Manual Review,0,CLM-00779_v0.jpg,val/CLM-00779_v0.jpg
CLM-01225,val,Manual Review,0,CLM-01225_v0.jpg,val/CLM-01225_v0.jpg
CLM-00886,val,Invalid Claim,0,CLM-00886_v0.jpg,val/CLM-00886_v0.jpg
CLM-00424,val,Invalid Claim,0,CLM-00424_v0.jpg,val/CLM-00424_v0.jpg
CLM-00955,val,Valid Claim,0,CLM-00955_v0.jpg,val/CLM-00955_v0.jpg
CLM-00457,val,Manual Review,0,CLM-00457_v0.jpg,val/CLM-00457_v0.jpg
CLM-00549,val,Valid Claim,0,CLM-00549_v0.jpg,val/CLM-00549_v0.jpg
CLM-00462,val,Valid Claim,0,CLM-00462_v0.jpg,val/CLM-00462_v0.jpg
CLM-00495,val,Manual Review,0,CLM-00495_v0.jpg,val/CLM-00495_v0.jpg
CLM-00199,val,Invalid Claim,0,CLM-00199_v0.jpg,val/CLM-00199_v0.jpg
CLM-01497,val,Manual Review,0,CLM-01497_v0.jpg,val/CLM-01497_v0.jpg
CLM-00257,val,Valid Claim,0,CLM-00257_v0.jpg,val/CLM-00257_v0.jpg
CLM-00641,val,Manual Review,0,CLM-00641_v0.jpg,val/CLM-00641_v0.jpg
CLM-01379,val,Manual Review,0,CLM-01379_v0.jpg,val/CLM-01379_v0.jpg
CLM-01114,val,Invalid Claim,0,CLM-01114_v0.jpg,val/CLM-01114_v0.jpg
CLM-00642,val,Invalid Claim,0,CLM-00642_v0.jpg,val/CLM-00642_v0.jpg
CLM-01041,val,Valid Claim,0,CLM-01041_v0.jpg,val/CLM-01041_v0.jpg
CLM-00712,val,Invalid Claim,0,CLM-00712_v0.jpg,val/CLM-00712_v0.jpg
CLM-01190,val,Valid Claim,0,CLM-01190_v0.jpg,val/CLM-01190_v0.jpg
CLM-00335,val,Invalid Claim,0,CLM-00335_v0.jpg,val/CLM-00335_v0.jpg
CLM-01431,val,Manual Review,0,CLM-01431_v0.jpg,val/CLM-01431_v0.jpg
CLM-00510,val,Manual Review,0,CLM-00510_v0.jpg,val/CLM-00510_v0.jpg
CLM-01279,val,Invalid Claim,0,CLM-01279_v0.jpg,val/CLM-01279_v0.jpg
CLM-00594,val,Invalid Claim,0,CLM-00594_v0.jpg,val/CLM-00594_v0.jpg
CLM-00945,val,Valid Claim,0,CLM-00945_v0.jpg,val/CLM-00945_v0.jpg
CLM-00830,val,Manual Review,0,CLM-00830_v0.jpg,val/CLM-00830_v0.jpg
CLM-00162,val,Valid Claim,0,CLM-00162_v0.jpg,val/CLM-00162_v0.jpg
CLM-00126,val,Manual Review,0,CLM-00126_v0.jpg,val/CLM-00126_v0.jpg
CLM-00208,val,Invalid Claim,0,CLM-00208_v0.jpg,val/CLM-00208_v0.jpg
CLM-00423,val,Valid Claim,0,CLM-00423_v0.jpg,val/CLM-00423_v0.jpg
CLM-00024,val,Manual Review,0,CLM-00024_v0.jpg,val/CLM-00024_v0.jpg
CLM-01085,val,Invalid Claim,0,CLM-01085_v0.jpg,val/CLM-01085_v0.jpg
CLM-00481,val,Manual Review,0,CLM-00481_v0.jpg,val/CLM-00481_v0.jpg
CLM-00998,val,Invalid Claim,0,CLM-00998_v0.jpg,val/CLM-00998_v0.jpg
CLM-00121,val,Invalid Claim,0,CLM-00121_v0.jpg,val/CLM-00121_v0.jpg
CLM-01106,val,Manual Review,0,CLM-01106_v0.jpg,val/CLM-01106_v0.jpg
CLM-00518,val,Valid Claim,0,CLM-00518_v0.jpg,val/CLM-00518_v0.jpg
CLM-00229,val,Manual Review,0,CLM-00229_v0.jpg,val/CLM-00229_v0.jpg
CLM-01231,val,Invalid Claim,0,CLM-01231_v0.jpg,val/CLM-01231_v0.jpg
CLM-00995,val,Manual Review,0,CLM-00995_v0.jpg,val/CLM-00995_v0.jpg
CLM-00230,val,Manual Review,0,CLM-00230_v0.jpg,val/CLM-00230_v0.jpg
CLM-01187,val,Invalid Claim,0,CLM-01187_v0.jpg,val/CLM-01187_v0.jpg
CLM-00799,val,Valid Claim,0,CLM-00799_v0.jpg,val/CLM-00799_v0.jpg
CLM-00108,val,Manual Review,0,CLM-00108_v0.jpg,val/CLM-00108_v0.jpg
CLM-01008,val,Valid Claim,0,CLM-01008_v0.jpg,val/CLM-01008_v0.jpg
CLM-00774,val,Invalid Claim,0,CLM-00774_v0.jpg,val/CLM-00774_v0.jpg
CLM-01451,val,Valid Claim,0,CLM-01451_v0.jpg,val/CLM-01451_v0.jpg
CLM-01455,val,Manual Review,0,CLM-01455_v0.jpg,val/CLM-01455_v0.jpg
CLM-00182,val,Invalid Claim,0,CLM-00182_v0.jpg,val/CLM-00182_v0.jpg
CLM-00505,val,Invalid Claim,0,CLM-00505_v0.jpg,val/CLM-00505_v0.jpg
CLM-01229,val,Invalid Claim,0,CLM-01229_v0.jpg,val/CLM-01229_v0.jpg
CLM-00119,val,Valid Claim,0,CLM-00119_v0.jpg,val/CLM-00119_v0.jpg
CLM-00767,val,Valid Claim,0,CLM-00767_v0.jpg,val/CLM-00767_v0.jpg
CLM-00340,val,Invalid Claim,0,CLM-00340_v0.jpg,val/CLM-00340_v0.jpg
CLM-01292,val,Valid Claim,0,CLM-01292_v0.jpg,val/CLM-01292_v0.jpg
CLM-00421,val,Valid Claim,0,CLM-00421_v0.jpg,val/CLM-00421_v0.jpg
CLM-00881,val,Valid Claim,0,CLM-00881_v0.jpg,val/CLM-00881_v0.jpg
CLM-00804,val,Invalid Claim,0,CLM-00804_v0.jpg,val/CLM-00804_v0.jpg
CLM-01023,val,Manual Review,0,CLM-01023_v0.jpg,val/CLM-01023_v0.jpg
CLM-01493,val,Valid Claim,0,CLM-01493_v0.jpg,val/CLM-01493_v0.jpg
CLM-00029,val,Manual Review,0,CLM-00029_v0.jpg,val/CLM-00029_v0.jpg
CLM-00060,val,Invalid Claim,0,CLM-00060_v0.jpg,val/CLM-00060_v0.jpg
CLM-00018,val,Invalid Claim,0,CLM-00018_v0.jpg,val/CLM-00018_v0.jpg
CLM-00652,val,Invalid Claim,0,CLM-00652_v0.jpg,val/CLM-00652_v0.jpg
CLM-01251,val,Manual Review,0,CLM-01251_v0.jpg,val/CLM-01251_v0.jpg
CLM-01334,val,Manual Review,0,CLM-01334_v0.jpg,val/CLM-01334_v0.jpg
CLM-00587,val,Invalid Claim,0,CLM-00587_v0.jpg,val/CLM-00587_v0.jpg
CLM-01453,val,Valid Claim,0,CLM-01453_v0.jpg,val/CLM-01453_v0.jpg
CLM-00670,val,Valid Claim,0,CLM-00670_v0.jpg,val/CLM-00670_v0.jpg
CLM-00256,val,Invalid Claim,0,CLM-00256_v0.jpg,val/CLM-00256_v0.jpg
CLM-00749,val,Manual Review,0,CLM-00749_v0.jpg,val/CLM-00749_v0.jpg
CLM-00198,val,Valid Claim,0,CLM-00198_v0.jpg,val/CLM-00198_v0.jpg
CLM-01361,val,Valid Claim,0,CLM-01361_v0.jpg,val/CLM-01361_v0.jpg
CLM-00694,val,Manual Review,0,CLM-00694_v0.jpg,val/CLM-00694_v0.jpg
CLM-00288,val,Manual Review,0,CLM-00288_v0.jpg,val/CLM-00288_v0.jpg
CLM-00527,val,Invalid Claim,0,CLM-00527_v0.jpg,val/CLM-00527_v0.jpg
CLM-00751,val,Manual Review,0,CLM-00751_v0.jpg,val/CLM-00751_v0.jpg
CLM-00163,val,Manual Review,0,CLM-00163_v0.jpg,val/CLM-00163_v0.jpg
CLM-00939,val,Valid Claim,0,CLM-00939_v0.jpg,val/CLM-00939_v0.jpg
CLM-00619,val,Invalid Claim,0,CLM-00619_v0.jpg,val/CLM-00619_v0.jpg
CLM-01024,val,Invalid Claim,0,CLM-01024_v0.jpg,val/CLM-01024_v0.jpg
CLM-01305,val,Manual Review,0,CLM-01305_v0.jpg,val/CLM-01305_v0.jpg
CLM-00943,val,Valid Claim,0,CLM-00943_v0.jpg,val/CLM-00943_v0.jpg
CLM-00786,val,Invalid Claim,0,CLM-00786_v0.jpg,val/CLM-00786_v0.jpg
CLM-00514,val,Manual Review,0,CLM-00514_v0.jpg,val/CLM-00514_v0.jpg
CLM-00981,val,Valid Claim,0,CLM-00981_v0.jpg,val/CLM-00981_v0.jpg
CLM-00150,val,Invalid Claim,0,CLM-00150_v0.jpg,val/CLM-00150_v0.jpg
CLM-00372,val,Manual Review,0,CLM-00372_v0.jpg,val/CLM-00372_v0.jpg
CLM-00414,val,Valid Claim,0,CLM-00414_v0.jpg,val/CLM-00414_v0.jpg
CLM-01291,val,Invalid Claim,0,CLM-01291_v0.jpg,val/CLM-01291_v0.jpg
CLM-01199,val,Valid Claim,0,CLM-01199_v0.jpg,val/CLM-01199_v0.jpg
CLM-01290,val,Valid Claim,0,CLM-01290_v0.jpg,val/CLM-01290_v0.jpg
CLM-00658,val,Manual Review,0,CLM-00658_v0.jpg,val/CLM-00658_v0.jpg
CLM-01365,val,Invalid Claim,0,CLM-01365_v0.jpg,val/CLM-01365_v0.jpg
CLM-01294,val,Manual Review,0,CLM-01294_v0.jpg,val/CLM-01294_v0.jpg
CLM-01060,val,Manual Review,0,CLM-01060_v0.jpg,val/CLM-01060_v0.jpg
CLM-00329,val,Valid Claim,0,CLM-00329_v0.jpg,val/CLM-00329_v0.jpg
CLM-01278,val,Valid Claim,0,CLM-01278_v0.jpg,val/CLM-01278_v0.jpg
CLM-01226,val,Manual Review,0,CLM-01226_v0.jpg,val/CLM-01226_v0.jpg
CLM-00534,val,Manual Review,0,CLM-00534_v0.jpg,val/CLM-00534_v0.jpg
CLM-00689,val,Invalid Claim,0,CLM-00689_v0.jpg,val/CLM-00689_v0.jpg
CLM-00476,val,Valid Claim,0,CLM-00476_v0.jpg,val/CLM-00476_v0.jpg
CLM-01203,val,Manual Review,0,CLM-01203_v0.jpg,val/CLM-01203_v0.jpg
CLM-00802,val,Invalid Claim,0,CLM-00802_v0.jpg,val/CLM-00802_v0.jpg
CLM-00223,val,Invalid Claim,0,CLM-00223_v0.jpg,val/CLM-00223_v0.jpg
CLM-00356,val,Invalid Claim,0,CLM-00356_v0.jpg,val/CLM-00356_v0.jpg
CLM-00025,val,Manual Review,0,CLM-00025_v0.jpg,val/CLM-00025_v0.jpg
CLM-01136,val,Manual Review,0,CLM-01136_v0.jpg,val/CLM-01136_v0.jpg
CLM-00957,val,Manual Review,0,CLM-00957_v0.jpg,val/CLM-00957_v0.jpg
CLM-00186,val,Invalid Claim,0,CLM-00186_v0.jpg,val/CLM-00186_v0.jpg
CLM-01481,val,Valid Claim,0,CLM-01481_v0.jpg,val/CLM-01481_v0.jpg
CLM-01277,val,Valid Claim,0,CLM-01277_v0.jpg,val/CLM-01277_v0.jpg
CLM-00657,val,Invalid Claim,0,CLM-00657_v0.jpg,val/CLM-00657_v0.jpg
CLM-00825,val,Invalid Claim,0,CLM-00825_v0.jpg,val/CLM-00825_v0.jpg
CLM-00681,val,Invalid Claim,0,CLM-00681_v0.jpg,val/CLM-00681_v0.jpg
CLM-00390,val,Manual Review,0,CLM-00390_v0.jpg,val/CLM-00390_v0.jpg
CLM-00940,val,Valid Claim,0,CLM-00940_v0.jpg,val/CLM-00940_v0.jpg
CLM-01165,val,Manual Review,0,CLM-01165_v0.jpg,val/CLM-01165_v0.jpg
CLM-00176,val,Valid Claim,0,CLM-00176_v0.jpg,val/CLM-00176_v0.jpg
CLM-00512,val,Invalid Claim,0,CLM-00512_v0.jpg,val/CLM-00512_v0.jpg
CLM-00655,val,Valid Claim,0,CLM-00655_v0.jpg,val/CLM-00655_v0.jpg
CLM-00436,val,Invalid Claim,0,CLM-00436_v0.jpg,val/CLM-00436_v0.jpg
CLM-01153,val,Invalid Claim,0,CLM-01153_v0.jpg,val/CLM-01153_v0.jpg
CLM-01376,val,Valid Claim,0,CLM-01376_v0.jpg,val/CLM-01376_v0.jpg
CLM-00277,val,Manual Review,0,CLM-00277_v0.jpg,val/CLM-00277_v0.jpg
CLM-00059,val,Valid Claim,0,CLM-00059_v0.jpg,val/CLM-00059_v0.jpg
CLM-00355,val,Invalid Claim,0,CLM-00355_v0.jpg,val/CLM-00355_v0.jpg
CLM-00843,val,Manual Review,0,CLM-00843_v0.jpg,val/CLM-00843_v0.jpg
CLM-00931,val,Valid Claim,0,CLM-00931_v0.jpg,val/CLM-00931_v0.jpg
CLM-01125,val,Invalid Claim,0,CLM-01125_v0.jpg,val/CLM-01125_v0.jpg
CLM-01490,val,Valid Claim,0,CLM-01490_v0.jpg,val/CLM-01490_v0.jpg
CLM-01289,val,Invalid Claim,0,CLM-01289_v0.jpg,val/CLM-01289_v0.jpg
CLM-00506,val,Manual Review,0,CLM-00506_v0.jpg,val/CLM-00506_v0.jpg
CLM-00972,val,Valid Claim,0,CLM-00972_v0.jpg,val/CLM-00972_v0.jpg
CLM-01212,val,Valid Claim,0,CLM-01212_v0.jpg,val/CLM-01212_v0.jpg
CLM-00113,val,Invalid Claim,0,CLM-00113_v0.jpg,val/CLM-00113_v0.jpg
CLM-00103,val,Manual Review,0,CLM-00103_v0.jpg,val/CLM-00103_v0.jpg
CLM-01098,val,Invalid Claim,0,CLM-01098_v0.jpg,val/CLM-01098_v0.jpg
CLM-00912,val,Manual Review,0,CLM-00912_v0.jpg,val/CLM-00912_v0.jpg
CLM-00884,val,Invalid Claim,0,CLM-00884_v0.jpg,val/CLM-00884_v0.jpg
CLM-01227,val,Manual Review,0,CLM-01227_v0.jpg,val/CLM-01227_v0.jpg
CLM-00849,val,Manual Review,0,CLM-00849_v0.jpg,val/CLM-00849_v0.jpg
CLM-01046,val,Manual Review,0,CLM-01046_v0.jpg,val/CLM-01046_v0.jpg
CLM-01113,val,Valid Claim,0,CLM-01113_v0.jpg,val/CLM-01113_v0.jpg
CLM-00501,val,Valid Claim,0,CLM-00501_v0.jpg,val/CLM-00501_v0.jpg
CLM-00862,val,Manual Review,0,CLM-00862_v0.jpg,val/CLM-00862_v0.jpg
CLM-01048,val,Invalid Claim,0,CLM-01048_v0.jpg,val/CLM-01048_v0.jpg
CLM-01049,val,Manual Review,0,CLM-01049_v0.jpg,val/CLM-01049_v0.jpg
CLM-01280,val,Manual Review,0,CLM-01280_v0.jpg,val/CLM-01280_v0.jpg
CLM-01038,val,Invalid Claim,0,CLM-01038_v0.jpg,val/CLM-01038_v0.jpg
CLM-00177,val,Manual Review,0,CLM-00177_v0.jpg,val/CLM-00177_v0.jpg
CLM-01286,val,Invalid Claim,0,CLM-01286_v0.jpg,val/CLM-01286_v0.jpg
CLM-01342,val,Manual Review,0,CLM-01342_v0.jpg,val/CLM-01342_v0.jpg
CLM-00036,val,Valid Claim,0,CLM-00036_v0.jpg,val/CLM-00036_v0.jpg
CLM-00860,val,Manual Review,0,CLM-00860_v0.jpg,val/CLM-00860_v0.jpg
CLM-00915,val,Valid Claim,0,CLM-00915_v0.jpg,val/CLM-00915_v0.jpg
CLM-00475,val,Invalid Claim,0,CLM-00475_v0.jpg,val/CLM-00475_v0.jpg
CLM-00479,val,Invalid Claim,0,CLM-00479_v0.jpg,val/CLM-00479_v0.jpg
CLM-00584,val,Invalid Claim,0,CLM-00584_v0.jpg,val/CLM-00584_v0.jpg
CLM-00561,val,Valid Claim,0,CLM-00561_v0.jpg,val/CLM-00561_v0.jpg
CLM-00220,val,Valid Claim,0,CLM-00220_v0.jpg,val/CLM-00220_v0.jpg
CLM-00959,val,Invalid Claim,0,CLM-00959_v0.jpg,val/CLM-00959_v0.jpg
CLM-00650,val,Invalid Claim,0,CLM-00650_v0.jpg,val/CLM-00650_v0.jpg
CLM-01032,val,Invalid Claim,0,CLM-01032_v0.jpg,val/CLM-01032_v0.jpg
CLM-01300,val,Valid Claim,0,CLM-01300_v0.jpg,val/CLM-01300_v0.jpg
CLM-01403,val,Valid Claim,0,CLM-01403_v0.jpg,val/CLM-01403_v0.jpg
CLM-01178,val,Valid Claim,0,CLM-01178_v0.jpg,val/CLM-01178_v0.jpg
CLM-00015,val,Valid Claim,0,CLM-00015_v0.jpg,val/CLM-00015_v0.jpg
CLM-01443,val,Manual Review,0,CLM-01443_v0.jpg,val/CLM-01443_v0.jpg
CLM-00720,val,Valid Claim,0,CLM-00720_v0.jpg,val/CLM-00720_v0.jpg
CLM-01094,val,Valid Claim,0,CLM-01094_v0.jpg,val/CLM-01094_v0.jpg
CLM-00488,val,Manual Review,0,CLM-00488_v0.jpg,val/CLM-00488_v0.jpg
CLM-01079,val,Valid Claim,0,CLM-01079_v0.jpg,val/CLM-01079_v0.jpg
CLM-01204,val,Manual Review,0,CLM-01204_v0.jpg,val/CLM-01204_v0.jpg
CLM-00548,val,Valid Claim,0,CLM-00548_v0.jpg,val/CLM-00548_v0.jpg
CLM-00261,val,Manual Review,0,CLM-00261_v0.jpg,val/CLM-00261_v0.jpg
CLM-01465,val,Invalid Claim,0,CLM-01465_v0.jpg,val/CLM-01465_v0.jpg
CLM-00522,val,Manual Review,0,CLM-00522_v0.jpg,val/CLM-00522_v0.jpg
CLM-01392,val,Invalid Claim,0,CLM-01392_v0.jpg,val/CLM-01392_v0.jpg
CLM-01311,val,Invalid Claim,0,CLM-01311_v0.jpg,val/CLM-01311_v0.jpg
CLM-00318,val,Invalid Claim,0,CLM-00318_v0.jpg,val/CLM-00318_v0.jpg
CLM-01268,val,Valid Claim,0,CLM-01268_v0.jpg,val/CLM-01268_v0.jpg
CLM-00286,val,Invalid Claim,0,CLM-00286_v0.jpg,val/CLM-00286_v0.jpg
CLM-00053,val,Manual Review,0,CLM-00053_v0.jpg,val/CLM-00053_v0.jpg
CLM-00866,val,Valid Claim,0,CLM-00866_v0.jpg,val/CLM-00866_v0.jpg
CLM-00690,val,Manual Review,0,CLM-00690_v0.jpg,val/CLM-00690_v0.jpg
CLM-00298,val,Manual Review,0,CLM-00298_v0.jpg,val/CLM-00298_v0.jpg
CLM-00877,val,Valid Claim,0,CLM-00877_v0.jpg,val/CLM-00877_v0.jpg
CLM-00856,val,Invalid Claim,0,CLM-00856_v0.jpg,val/CLM-00856_v0.jpg
CLM-00111,val,Valid Claim,0,CLM-00111_v0.jpg,val/CLM-00111_v0.jpg
CLM-01083,val,Valid Claim,0,CLM-01083_v0.jpg,val/CLM-01083_v0.jpg
CLM-00776,val,Invalid Claim,0,CLM-00776_v0.jpg,val/CLM-00776_v0.jpg
CLM-00314,val,Invalid Claim,0,CLM-00314_v0.jpg,val/CLM-00314_v0.jpg
CLM-00308,val,Manual Review,0,CLM-00308_v0.jpg,val/CLM-00308_v0.jpg
CLM-00840,val,Invalid Claim,0,CLM-00840_v0.jpg,val/CLM-00840_v0.jpg
CLM-00801,val,Manual Review,0,CLM-00801_v0.jpg,val/CLM-00801_v0.jpg
CLM-01369,val,Invalid Claim,0,CLM-01369_v0.jpg,val/CLM-01369_v0.jpg
CLM-00523,val,Manual Review,0,CLM-00523_v0.jpg,val/CLM-00523_v0.jpg
CLM-00781,val,Valid Claim,0,CLM-00781_v0.jpg,val/CLM-00781_v0.jpg
CLM-01470,val,Valid Claim,0,CLM-01470_v0.jpg,val/CLM-01470_v0.jpg
CLM-00105,val,Valid Claim,0,CLM-00105_v0.jpg,val/CLM-00105_v0.jpg
CLM-00227,val,Valid Claim,0,CLM-00227_v0.jpg,val/CLM-00227_v0.jpg
CLM-01166,val,Valid Claim,0,CLM-01166_v0.jpg,val/CLM-01166_v0.jpg
CLM-00449,val,Manual Review,0,CLM-00449_v0.jpg,val/CLM-00449_v0.jpg
CLM-00704,val,Invalid Claim,0,CLM-00704_v0.jpg,val/CLM-00704_v0.jpg
CLM-00551,val,Invalid Claim,0,CLM-00551_v0.jpg,val/CLM-00551_v0.jpg
CLM-00271,val,Valid Claim,0,CLM-00271_v0.jpg,val/CLM-00271_v0.jpg
CLM-00089,val,Invalid Claim,0,CLM-00089_v0.jpg,val/CLM-00089_v0.jpg
CLM-00171,val,Valid Claim,0,CLM-00171_v0.jpg,val/CLM-00171_v0.jpg
CLM-01271,val,Manual Review,0,CLM-01271_v0.jpg,val/CLM-01271_v0.jpg
CLM-00718,val,Valid Claim,0,CLM-00718_v0.jpg,val/CLM-00718_v0.jpg
CLM-01148,val,Manual Review,0,CLM-01148_v0.jpg,val/CLM-01148_v0.jpg
CLM-00337,val,Valid Claim,0,CLM-00337_v0.jpg,val/CLM-00337_v0.jpg
CLM-01428,test,Manual Review,0,CLM-01428_v0.jpg,test/CLM-01428_v0.jpg
CLM-00367,test,Valid Claim,0,CLM-00367_v0.jpg,test/CLM-00367_v0.jpg
CLM-00654,test,Valid Claim,0,CLM-00654_v0.jpg,test/CLM-00654_v0.jpg
CLM-00539,test,Invalid Claim,0,CLM-00539_v0.jpg,test/CLM-00539_v0.jpg
CLM-00816,test,Manual Review,0,CLM-00816_v0.jpg,test/CLM-00816_v0.jpg
CLM-01383,test,Valid Claim,0,CLM-01383_v0.jpg,test/CLM-01383_v0.jpg
CLM-00508,test,Valid Claim,0,CLM-00508_v0.jpg,test/CLM-00508_v0.jpg
CLM-00850,test,Valid Claim,0,CLM-00850_v0.jpg,test/CLM-00850_v0.jpg
CLM-00535,test,Invalid Claim,0,CLM-00535_v0.jpg,test/CLM-00535_v0.jpg
CLM-00988,test,Invalid Claim,0,CLM-00988_v0.jpg,test/CLM-00988_v0.jpg
CLM-00458,test,Manual Review,0,CLM-00458_v0.jpg,test/CLM-00458_v0.jpg
CLM-00266,test,Manual Review,0,CLM-00266_v0.jpg,test/CLM-00266_v0.jpg
CLM-00159,test,Valid Claim,0,CLM-00159_v0.jpg,test/CLM-00159_v0.jpg
CLM-00925,test,Invalid Claim,0,CLM-00925_v0.jpg,test/CLM-00925_v0.jpg
CLM-01117,test,Valid Claim,0,CLM-01117_v0.jpg,test/CLM-01117_v0.jpg
CLM-01444,test,Invalid Claim,0,CLM-01444_v0.jpg,test/CLM-01444_v0.jpg
CLM-01196,test,Valid Claim,0,CLM-01196_v0.jpg,test/CLM-01196_v0.jpg
CLM-01441,test,Invalid Claim,0,CLM-01441_v0.jpg,test/CLM-01441_v0.jpg
CLM-00906,test,Valid Claim,0,CLM-00906_v0.jpg,test/CLM-00906_v0.jpg
CLM-00627,test,Invalid Claim,0,CLM-00627_v0.jpg,test/CLM-00627_v0.jpg
CLM-00016,test,Manual Review,0,CLM-00016_v0.jpg,test/CLM-00016_v0.jpg
CLM-01154,test,Valid Claim,0,CLM-01154_v0.jpg,test/CLM-01154_v0.jpg
CLM-00104,test,Manual Review,0,CLM-00104_v0.jpg,test/CLM-00104_v0.jpg
CLM-00066,test,Valid Claim,0,CLM-00066_v0.jpg,test/CLM-00066_v0.jpg
CLM-00078,test,Invalid Claim,0,CLM-00078_v0.jpg,test/CLM-00078_v0.jpg
CLM-01425,test,Invalid Claim,0,CLM-01425_v0.jpg,test/CLM-01425_v0.jpg
CLM-01421,test,Valid Claim,0,CLM-01421_v0.jpg,test/CLM-01421_v0.jpg
CLM-00050,test,Invalid Claim,0,CLM-00050_v0.jpg,test/CLM-00050_v0.jpg
CLM-00003,test,Valid Claim,0,CLM-00003_v0.jpg,test/CLM-00003_v0.jpg
CLM-00777,test,Manual Review,0,CLM-00777_v0.jpg,test/CLM-00777_v0.jpg
CLM-00042,test,Valid Claim,0,CLM-00042_v0.jpg,test/CLM-00042_v0.jpg
CLM-00253,test,Manual Review,0,CLM-00253_v0.jpg,test/CLM-00253_v0.jpg
CLM-00008,test,Invalid Claim,0,CLM-00008_v0.jpg,test/CLM-00008_v0.jpg
CLM-01275,test,Manual Review,0,CLM-01275_v0.jpg,test/CLM-01275_v0.jpg
CLM-00398,test,Manual Review,0,CLM-00398_v0.jpg,test/CLM-00398_v0.jpg
CLM-01418,test,Invalid Claim,0,CLM-01418_v0.jpg,test/CLM-01418_v0.jpg
CLM-00106,test,Valid Claim,0,CLM-00106_v0.jpg,test/CLM-00106_v0.jpg
CLM-00503,test,Invalid Claim,0,CLM-00503_v0.jpg,test/CLM-00503_v0.jpg
CLM-00793,test,Invalid Claim,0,CLM-00793_v0.jpg,test/CLM-00793_v0.jpg
CLM-00989,test,Invalid Claim,0,CLM-00989_v0.jpg,test/CLM-00989_v0.jpg
CLM-00707,test,Valid Claim,0,CLM-00707_v0.jpg,test/CLM-00707_v0.jpg
CLM-00033,test,Manual Review,0,CLM-00033_v0.jpg,test/CLM-00033_v0.jpg
CLM-00433,test,Valid Claim,0,CLM-00433_v0.jpg,test/CLM-00433_v0.jpg
CLM-01222,test,Manual Review,0,CLM-01222_v0.jpg,test/CLM-01222_v0.jpg
CLM-00396,test,Invalid Claim,0,CLM-00396_v0.jpg,test/CLM-00396_v0.jpg
CLM-00962,test,Valid Claim,0,CLM-00962_v0.jpg,test/CLM-00962_v0.jpg
CLM-00966,test,Invalid Claim,0,CLM-00966_v0.jpg,test/CLM-00966_v0.jpg
CLM-01022,test,Valid Claim,0,CLM-01022_v0.jpg,test/CLM-01022_v0.jpg
CLM-00811,test,Valid Claim,0,CLM-00811_v0.jpg,test/CLM-00811_v0.jpg
CLM-00228,test,Valid Claim,0,CLM-00228_v0.jpg,test/CLM-00228_v0.jpg
CLM-01180,test,Invalid Claim,0,CLM-01180_v0.jpg,test/CLM-01180_v0.jpg
CLM-00410,test,Manual Review,0,CLM-00410_v0.jpg,test/CLM-00410_v0.jpg
CLM-00588,test,Manual Review,0,CLM-00588_v0.jpg,test/CLM-00588_v0.jpg
CLM-01103,test,Invalid Claim,0,CLM-01103_v0.jpg,test/CLM-01103_v0.jpg
CLM-00097,test,Valid Claim,0,CLM-00097_v0.jpg,test/CLM-00097_v0.jpg
CLM-00784,test,Valid Claim,0,CLM-00784_v0.jpg,test/CLM-00784_v0.jpg
CLM-00009,test,Manual Review,0,CLM-00009_v0.jpg,test/CLM-00009_v0.jpg
CLM-00120,test,Manual Review,0,CLM-00120_v0.jpg,test/CLM-00120_v0.jpg
CLM-00519,test,Manual Review,0,CLM-00519_v0.jpg,test/CLM-00519_v0.jpg
CLM-01371,test,Invalid Claim,0,CLM-01371_v0.jpg,test/CLM-01371_v0.jpg
CLM-00127,test,Manual Review,0,CLM-00127_v0.jpg,test/CLM-00127_v0.jpg
CLM-01254,test,Manual Review,0,CLM-01254_v0.jpg,test/CLM-01254_v0.jpg
CLM-00683,test,Valid Claim,0,CLM-00683_v0.jpg,test/CLM-00683_v0.jpg
CLM-01460,test,Invalid Claim,0,CLM-01460_v0.jpg,test/CLM-01460_v0.jpg
CLM-00868,test,Manual Review,0,CLM-00868_v0.jpg,test/CLM-00868_v0.jpg
CLM-01340,test,Invalid Claim,0,CLM-01340_v0.jpg,test/CLM-01340_v0.jpg
CLM-00833,test,Invalid Claim,0,CLM-00833_v0.jpg,test/CLM-00833_v0.jpg
CLM-01127,test,Manual Review,0,CLM-01127_v0.jpg,test/CLM-01127_v0.jpg
CLM-00942,test,Valid Claim,0,CLM-00942_v0.jpg,test/CLM-00942_v0.jpg
CLM-01215,test,Valid Claim,0,CLM-01215_v0.jpg,test/CLM-01215_v0.jpg
CLM-00875,test,Valid Claim,0,CLM-00875_v0.jpg,test/CLM-00875_v0.jpg
CLM-01447,test,Valid Claim,0,CLM-01447_v0.jpg,test/CLM-01447_v0.jpg
CLM-00785,test,Invalid Claim,0,CLM-00785_v0.jpg,test/CLM-00785_v0.jpg
CLM-00021,test,Manual Review,0,CLM-00021_v0.jpg,test/CLM-00021_v0.jpg
CLM-00643,test,Invalid Claim,0,CLM-00643_v0.jpg,test/CLM-00643_v0.jpg
CLM-01432,test,Manual Review,0,CLM-01432_v0.jpg,test/CLM-01432_v0.jpg
CLM-01370,test,Invalid Claim,0,CLM-01370_v0.jpg,test/CLM-01370_v0.jpg
CLM-00703,test,Valid Claim,0,CLM-00703_v0.jpg,test/CLM-00703_v0.jpg
CLM-01341,test,Invalid Claim,0,CLM-01341_v0.jpg,test/CLM-01341_v0.jpg
CLM-00309,test,Invalid Claim,0,CLM-00309_v0.jpg,test/CLM-00309_v0.jpg
CLM-01191,test,Manual Review,0,CLM-01191_v0.jpg,test/CLM-01191_v0.jpg
CLM-01347,test,Invalid Claim,0,CLM-01347_v0.jpg,test/CLM-01347_v0.jpg
CLM-01188,test,Valid Claim,0,CLM-01188_v0.jpg,test/CLM-01188_v0.jpg
CLM-00701,test,Valid Claim,0,CLM-00701_v0.jpg,test/CLM-00701_v0.jpg
CLM-00880,test,Valid Claim,0,CLM-00880_v0.jpg,test/CLM-00880_v0.jpg
CLM-01437,test,Manual Review,0,CLM-01437_v0.jpg,test/CLM-01437_v0.jpg
CLM-00582,test,Invalid Claim,0,CLM-00582_v0.jpg,test/CLM-00582_v0.jpg
CLM-01150,test,Invalid Claim,0,CLM-01150_v0.jpg,test/CLM-01150_v0.jpg
CLM-00151,test,Manual Review,0,CLM-00151_v0.jpg,test/CLM-00151_v0.jpg
CLM-01131,test,Valid Claim,0,CLM-01131_v0.jpg,test/CLM-01131_v0.jpg
CLM-00428,test,Valid Claim,0,CLM-00428_v0.jpg,test/CLM-00428_v0.jpg
CLM-00919,test,Invalid Claim,0,CLM-00919_v0.jpg,test/CLM-00919_v0.jpg
CLM-00191,test,Invalid Claim,0,CLM-00191_v0.jpg,test/CLM-00191_v0.jpg
CLM-00152,test,Manual Review,0,CLM-00152_v0.jpg,test/CLM-00152_v0.jpg
CLM-00808,test,Manual Review,0,CLM-00808_v0.jpg,test/CLM-00808_v0.jpg
CLM-00402,test,Valid Claim,0,CLM-00402_v0.jpg,test/CLM-00402_v0.jpg
CLM-00901,test,Valid Claim,0,CLM-00901_v0.jpg,test/CLM-00901_v0.jpg
CLM-00411,test,Manual Review,0,CLM-00411_v0.jpg,test/CLM-00411_v0.jpg
CLM-00721,test,Invalid Claim,0,CLM-00721_v0.jpg,test/CLM-00721_v0.jpg
CLM-00864,test,Manual Review,0,CLM-00864_v0.jpg,test/CLM-00864_v0.jpg
CLM-00853,test,Manual Review,0,CLM-00853_v0.jpg,test/CLM-00853_v0.jpg
CLM-00285,test,Valid Claim,0,CLM-00285_v0.jpg,test/CLM-00285_v0.jpg
CLM-01237,test,Valid Claim,0,CLM-01237_v0.jpg,test/CLM-01237_v0.jpg
CLM-00040,test,Valid Claim,0,CLM-00040_v0.jpg,test/CLM-00040_v0.jpg
CLM-00197,test,Invalid Claim,0,CLM-00197_v0.jpg,test/CLM-00197_v0.jpg
CLM-00189,test,Manual Review,0,CLM-00189_v0.jpg,test/CLM-00189_v0.jpg
CLM-00333,test,Manual Review,0,CLM-00333_v0.jpg,test/CLM-00333_v0.jpg
CLM-01419,test,Valid Claim,0,CLM-01419_v0.jpg,test/CLM-01419_v0.jpg
CLM-00883,test,Invalid Claim,0,CLM-00883_v0.jpg,test/CLM-00883_v0.jpg
CLM-00490,test,Invalid Claim,0,CLM-00490_v0.jpg,test/CLM-00490_v0.jpg
CLM-00517,test,Valid Claim,0,CLM-00517_v0.jpg,test/CLM-00517_v0.jpg
CLM-00438,test,Valid Claim,0,CLM-00438_v0.jpg,test/CLM-00438_v0.jpg
CLM-00473,test,Valid Claim,0,CLM-00473_v0.jpg,test/CLM-00473_v0.jpg
CLM-01054,test,Invalid Claim,0,CLM-01054_v0.jpg,test/CLM-01054_v0.jpg
CLM-00203,test,Valid Claim,0,CLM-00203_v0.jpg,test/CLM-00203_v0.jpg
CLM-01323,test,Manual Review,0,CLM-01323_v0.jpg,test/CLM-01323_v0.jpg
CLM-00714,test,Manual Review,0,CLM-00714_v0.jpg,test/CLM-00714_v0.jpg
CLM-01346,test,Manual Review,0,CLM-01346_v0.jpg,test/CLM-01346_v0.jpg
CLM-00538,test,Manual Review,0,CLM-00538_v0.jpg,test/CLM-00538_v0.jpg
CLM-00221,test,Manual Review,0,CLM-00221_v0.jpg,test/CLM-00221_v0.jpg
CLM-00723,test,Manual Review,0,CLM-00723_v0.jpg,test/CLM-00723_v0.jpg
CLM-00095,test,Manual Review,0,CLM-00095_v0.jpg,test/CLM-00095_v0.jpg
CLM-00546,test,Manual Review,0,CLM-00546_v0.jpg,test/CLM-00546_v0.jpg
CLM-01489,test,Manual Review,0,CLM-01489_v0.jpg,test/CLM-01489_v0.jpg
CLM-00954,test,Invalid Claim,0,CLM-00954_v0.jpg,test/CLM-00954_v0.jpg
CLM-01066,test,Manual Review,0,CLM-01066_v0.jpg,test/CLM-01066_v0.jpg
CLM-01128,test,Valid Claim,0,CLM-01128_v0.jpg,test/CLM-01128_v0.jpg
CLM-01230,test,Valid Claim,0,CLM-01230_v0.jpg,test/CLM-01230_v0.jpg
CLM-01138,test,Manual Review,0,CLM-01138_v0.jpg,test/CLM-01138_v0.jpg
CLM-00395,test,Manual Review,0,CLM-00395_v0.jpg,test/CLM-00395_v0.jpg
CLM-00960,test,Valid Claim,0,CLM-00960_v0.jpg,test/CLM-00960_v0.jpg
CLM-00417,test,Valid Claim,0,CLM-00417_v0.jpg,test/CLM-00417_v0.jpg
CLM-00216,test,Valid Claim,0,CLM-00216_v0.jpg,test/CLM-00216_v0.jpg
CLM-00371,test,Valid Claim,0,CLM-00371_v0.jpg,test/CLM-00371_v0.jpg
CLM-00419,test,Invalid Claim,0,CLM-00419_v0.jpg,test/CLM-00419_v0.jpg
CLM-00280,test,Manual Review,0,CLM-00280_v0.jpg,test/CLM-00280_v0.jpg
CLM-00778,test,Invalid Claim,0,CLM-00778_v0.jpg,test/CLM-00778_v0.jpg
CLM-01158,test,Invalid Claim,0,CLM-01158_v0.jpg,test/CLM-01158_v0.jpg
CLM-00809,test,Valid Claim,0,CLM-00809_v0.jpg,test/CLM-00809_v0.jpg
CLM-01177,test,Valid Claim,0,CLM-01177_v0.jpg,test/CLM-01177_v0.jpg
CLM-01053,test,Manual Review,0,CLM-01053_v0.jpg,test/CLM-01053_v0.jpg
CLM-01313,test,Invalid Claim,0,CLM-01313_v0.jpg,test/CLM-01313_v0.jpg
CLM-01189,test,Valid Claim,0,CLM-01189_v0.jpg,test/CLM-01189_v0.jpg
CLM-01456,test,Invalid Claim,0,CLM-01456_v0.jpg,test/CLM-01456_v0.jpg
CLM-01273,test,Invalid Claim,0,CLM-01273_v0.jpg,test/CLM-01273_v0.jpg
CLM-00233,test,Invalid Claim,0,CLM-00233_v0.jpg,test/CLM-00233_v0.jpg
CLM-01430,test,Manual Review,0,CLM-01430_v0.jpg,test/CLM-01430_v0.jpg
CLM-00757,test,Valid Claim,0,CLM-00757_v0.jpg,test/CLM-00757_v0.jpg
CLM-00857,test,Valid Claim,0,CLM-00857_v0.jpg,test/CLM-00857_v0.jpg
CLM-00346,test,Invalid Claim,0,CLM-00346_v0.jpg,test/CLM-00346_v0.jpg
CLM-00618,test,Invalid Claim,0,CLM-00618_v0.jpg,test/CLM-00618_v0.jpg
CLM-00432,test,Valid Claim,0,CLM-00432_v0.jpg,test/CLM-00432_v0.jpg
CLM-01414,test,Manual Review,0,CLM-01414_v0.jpg,test/CLM-01414_v0.jpg
CLM-00791,test,Invalid Claim,0,CLM-00791_v0.jpg,test/CLM-00791_v0.jpg
CLM-00632,test,Invalid Claim,0,CLM-00632_v0.jpg,test/CLM-00632_v0.jpg
CLM-01367,test,Manual Review,0,CLM-01367_v0.jpg,test/CLM-01367_v0.jpg
CLM-01498,test,Invalid Claim,0,CLM-01498_v0.jpg,test/CLM-01498_v0.jpg
CLM-01259,test,Invalid Claim,0,CLM-01259_v0.jpg,test/CLM-01259_v0.jpg
CLM-00909,test,Invalid Claim,0,CLM-00909_v0.jpg,test/CLM-00909_v0.jpg
CLM-01003,test,Manual Review,0,CLM-01003_v0.jpg,test/CLM-01003_v0.jpg
CLM-01457,test,Manual Review,0,CLM-01457_v0.jpg,test/CLM-01457_v0.jpg
CLM-00319,test,Valid Claim,0,CLM-00319_v0.jpg,test/CLM-00319_v0.jpg
CLM-00600,test,Valid Claim,0,CLM-00600_v0.jpg,test/CLM-00600_v0.jpg
CLM-01219,test,Manual Review,0,CLM-01219_v0.jpg,test/CLM-01219_v0.jpg
CLM-00347,test,Valid Claim,0,CLM-00347_v0.jpg,test/CLM-00347_v0.jpg
CLM-01040,test,Invalid Claim,0,CLM-01040_v0.jpg,test/CLM-01040_v0.jpg
CLM-00169,test,Invalid Claim,0,CLM-00169_v0.jpg,test/CLM-00169_v0.jpg
CLM-00187,test,Invalid Claim,0,CLM-00187_v0.jpg,test/CLM-00187_v0.jpg
CLM-01025,test,Manual Review,0,CLM-01025_v0.jpg,test/CLM-01025_v0.jpg
CLM-00646,test,Manual Review,0,CLM-00646_v0.jpg,test/CLM-00646_v0.jpg
CLM-00663,test,Manual Review,0,CLM-00663_v0.jpg,test/CLM-00663_v0.jpg
CLM-00994,test,Invalid Claim,0,CLM-00994_v0.jpg,test/CLM-00994_v0.jpg
CLM-01377,test,Invalid Claim,0,CLM-01377_v0.jpg,test/CLM-01377_v0.jpg
CLM-00278,test,Manual Review,0,CLM-00278_v0.jpg,test/CLM-00278_v0.jpg
CLM-01096,test,Manual Review,0,CLM-01096_v0.jpg,test/CLM-01096_v0.jpg
CLM-01140,test,Manual Review,0,CLM-01140_v0.jpg,test/CLM-01140_v0.jpg
CLM-01303,test,Manual Review,0,CLM-01303_v0.jpg,test/CLM-01303_v0.jpg
CLM-00205,test,Manual Review,0,CLM-00205_v0.jpg,test/CLM-00205_v0.jpg
CLM-01248,test,Valid Claim,0,CLM-01248_v0.jpg,test/CLM-01248_v0.jpg
CLM-00161,test,Valid Claim,0,CLM-00161_v0.jpg,test/CLM-00161_v0.jpg
CLM-00435,test,Invalid Claim,0,CLM-00435_v0.jpg,test/CLM-00435_v0.jpg
CLM-00645,test,Invalid Claim,0,CLM-00645_v0.jpg,test/CLM-00645_v0.jpg
CLM-01359,test,Manual Review,0,CLM-01359_v0.jpg,test/CLM-01359_v0.jpg
CLM-00586,test,Invalid Claim,0,CLM-00586_v0.jpg,test/CLM-00586_v0.jpg
CLM-00339,test,Invalid Claim,0,CLM-00339_v0.jpg,test/CLM-00339_v0.jpg
CLM-01396,test,Manual Review,0,CLM-01396_v0.jpg,test/CLM-01396_v0.jpg
CLM-00702,test,Invalid Claim,0,CLM-00702_v0.jpg,test/CLM-00702_v0.jpg
CLM-00482,test,Valid Claim,0,CLM-00482_v0.jpg,test/CLM-00482_v0.jpg
CLM-00129,test,Manual Review,0,CLM-00129_v0.jpg,test/CLM-00129_v0.jpg
CLM-01042,test,Invalid Claim,0,CLM-01042_v0.jpg,test/CLM-01042_v0.jpg
CLM-00762,test,Manual Review,0,CLM-00762_v0.jpg,test/CLM-00762_v0.jpg
CLM-01330,test,Invalid Claim,0,CLM-01330_v0.jpg,test/CLM-01330_v0.jpg
CLM-01181,test,Manual Review,0,CLM-01181_v0.jpg,test/CLM-01181_v0.jpg
CLM-00755,test,Invalid Claim,0,CLM-00755_v0.jpg,test/CLM-00755_v0.jpg
CLM-01217,test,Manual Review,0,CLM-01217_v0.jpg,test/CLM-01217_v0.jpg
CLM-00061,test,Invalid Claim,0,CLM-00061_v0.jpg,test/CLM-00061_v0.jpg
CLM-01479,test,Invalid Claim,0,CLM-01479_v0.jpg,test/CLM-01479_v0.jpg
CLM-00807,test,Invalid Claim,0,CLM-00807_v0.jpg,test/CLM-00807_v0.jpg
CLM-01382,test,Valid Claim,0,CLM-01382_v0.jpg,test/CLM-01382_v0.jpg
CLM-00770,test,Valid Claim,0,CLM-00770_v0.jpg,test/CLM-00770_v0.jpg
CLM-00897,test,Invalid Claim,0,CLM-00897_v0.jpg,test/CLM-00897_v0.jpg
CLM-01141,test,Valid Claim,0,CLM-01141_v0.jpg,test/CLM-01141_v0.jpg
CLM-00269,test,Manual Review,0,CLM-00269_v0.jpg,test/CLM-00269_v0.jpg
CLM-00621,test,Manual Review,0,CLM-00621_v0.jpg,test/CLM-00621_v0.jpg
CLM-01262,test,Manual Review,0,CLM-01262_v0.jpg,test/CLM-01262_v0.jpg
CLM-00077,test,Invalid Claim,0,CLM-00077_v0.jpg,test/CLM-00077_v0.jpg
CLM-00222,test,Invalid Claim,0,CLM-00222_v0.jpg,test/CLM-00222_v0.jpg
CLM-00623,test,Manual Review,0,CLM-00623_v0.jpg,test/CLM-00623_v0.jpg
CLM-01122,test,Valid Claim,0,CLM-01122_v0.jpg,test/CLM-01122_v0.jpg
CLM-01471,test,Valid Claim,0,CLM-01471_v0.jpg,test/CLM-01471_v0.jpg
CLM-00262,test,Valid Claim,0,CLM-00262_v0.jpg,test/CLM-00262_v0.jpg
CLM-00046,test,Valid Claim,0,CLM-00046_v0.jpg,test/CLM-00046_v0.jpg
CLM-01198,test,Manual Review,0,CLM-01198_v0.jpg,test/CLM-01198_v0.jpg
CLM-00597,test,Valid Claim,0,CLM-00597_v0.jpg,test/CLM-00597_v0.jpg
CLM-00970,test,Valid Claim,0,CLM-00970_v0.jpg,test/CLM-00970_v0.jpg
CLM-00936,test,Valid Claim,0,CLM-00936_v0.jpg,test/CLM-00936_v0.jpg
CLM-00442,test,Invalid Claim,0,CLM-00442_v0.jpg,test/CLM-00442_v0.jpg
CLM-01474,test,Manual Review,0,CLM-01474_v0.jpg,test/CLM-01474_v0.jpg
CLM-00195,test,Invalid Claim,0,CLM-00195_v0.jpg,test/CLM-00195_v0.jpg
CLM-01492,test,Valid Claim,0,CLM-01492_v0.jpg,test/CLM-01492_v0.jpg
CLM-01398,test,Invalid Claim,0,CLM-01398_v0.jpg,test/CLM-01398_v0.jpg
CLM-00971,test,Valid Claim,0,CLM-00971_v0.jpg,test/CLM-00971_v0.jpg
CLM-00312,test,Manual Review,0,CLM-00312_v0.jpg,test/CLM-00312_v0.jpg
CLM-00647,test,Manual Review,0,CLM-00647_v0.jpg,test/CLM-00647_v0.jpg
CLM-01013,test,Valid Claim,0,CLM-01013_v0.jpg,test/CLM-01013_v0.jpg
