claim_id,product_id,product_category,product_brand,product_model,product_serial,retailer,invoice_number,fault_category,fault_description,damage_type,purchase_date,warranty_expiry_date,fault_occurrence_date,claim_submission_date,warranty_duration_months,is_extended_warranty,purchase_price,product_age_days,days_to_expiry,reporting_delay_days,diagnostic_confidence,previous_repairs_count,unauthorized_repair_flag,serial_number_match,duplicate_invoice_flag,claim_date_conflict_flag,has_receipt,has_warranty_card,has_damage_photo,has_serial_photo,has_repair_report,scenario,claim_class,warranty_start_date,remaining_warranty_days,missing_document_count
CLM-00001,PRD-00001,Consumer Electronics,PixelCraft,PixelWatch 3,SN-PIX-6629546,National Appliance Depot,INV-2025-61449,Wi-Fi/Bluetooth failure,Wi-Fi/Bluetooth failure: the problem started without any external cause during normal use.,Manufacturing Defect,2025-10-24,2028-10-24,2026-07-16,2026-07-21,36,1,732.82,270,826,5,0.794,1,0,1,0,0,0,1,1,1,1,missing_documents,Manual Review,2025-10-24,826,1
CLM-00002,PRD-00002,Home Appliances,AeroBreeze,KitchenPro 30L,SN-AER-2183306,Brand Flagship Store,INV-2026-53113,Motor burnout,Motor burnout: the problem developed gradually with regular use.,Normal Wear and Tear,2026-04-24,2029-04-24,2026-06-03,2026-06-03,36,1,283.4,40,1056,0,0.413,0,0,1,0,0,0,1,1,1,0,missing_documents,Manual Review,2026-04-24,1056,1
CLM-00003,PRD-00003,Industrial Tools,VoltEdge,HydraPower Jack 5T,SN-VOL-9780209,Brand Flagship Store,INV-2024-30392,Armature burnout,Armature burnout: the problem developed gradually with regular use.,Normal Wear and Tear,2024-11-21,2026-11-22,2026-05-12,2026-05-17,24,0,1436.42,542,189,5,0.566,0,0,1,0,0,1,1,1,1,0,covered_defect,Valid Claim,2024-11-21,189,0
CLM-00004,PRD-00004,Consumer Electronics,VividDisplay,NovaPods Max,SN-VIV-5156560,MegaMart Online,INV-2024-92090,Motherboard failure,Motherboard failure: the problem started without any external cause during normal use.,Manufacturing Defect,2024-02-15,2026-02-15,2025-12-31,2026-01-28,24,0,637.08,713,18,28,0.746,0,0,1,0,0,1,1,1,1,0,covered_defect,Valid Claim,2024-02-15,18,0
CLM-00005,PRD-00005,Consumer Electronics,PixelCraft,ApexBook Pro 16,SN-PIX-6883970,City Electronics Mall,INV-2025-28270,Motherboard failure,Motherboard failure: the problem started without any external cause during normal use.,Manufacturing Defect,2025-10-18,2026-10-18,2026-06-14,2026-06-20,12,0,1966.36,245,120,6,0.91,0,0,1,0,0,1,1,1,1,0,covered_defect,Valid Claim,2025-10-18,120,0
CLM-00006,PRD-00006,Home Appliances,AeroBreeze,KitchenPro 30L,SN-AER-1724673,National Appliance Depot,INV-2023-87443,Thermostat failure,Thermostat failure: the problem appeared after the unit was dropped.,Accidental Drop,2023-06-26,2025-06-26,2026-02-20,2026-02-24,24,0,1089.71,974,-243,4,0.194,1,0,1,0,0,1,1,1,1,0,expired,Invalid Claim,2023-06-26,0,0
CLM-00007,PRD-00007,Consumer Electronics,NovaSound,VividTab 11,SN-NOV-2388192,Metro Hardware Centre,INV-2025-74811,Speaker malfunction,Speaker malfunction: the problem appeared after the unit was dropped.,Accidental Drop,2025-04-12,2027-04-13,2026-04-06,2026-04-18,24,1,406.36,371,360,12,0.449,0,0,1,0,0,1,1,1,0,0,ambiguous_cause,Manual Review,2025-04-12,360,1
CLM-00008,PRD-00008,Consumer Electronics,ApexTech,PixelWatch 3,SN-APE-7518628,Metro Hardware Centre,INV-2025-98208,Wi-Fi/Bluetooth failure,Wi-Fi/Bluetooth failure: the problem appeared after contact with water.,Water Ingress,2025-12-10,2027-12-11,2025-12-09,2026-03-28,24,0,833.53,108,623,109,0.567,0,0,1,0,1,1,1,1,1,0,excluded_damage,Invalid Claim,2025-12-10,623,0
CLM-00009,PRD-00009,Home Appliances,AeroBreeze,KitchenPro 30L,SN-AER-9150235,Brand Flagship Store,INV-2023-75297,Water pump leakage,Water pump leakage: the problem developed gradually with regular use.,Normal Wear and Tear,2023-02-17,2026-02-17,2026-02-21,2026-02-23,36,0,1842.86,1102,-6,2,0.483,0,0,1,0,0,1,1,0,1,0,grace_boundary,Manual Review,2023-02-17,0,1
CLM-00010,PRD-00010,Industrial Tools,HydraPower,VoltEdge Saw 18V,SN-HYD-3350309,MegaMart Online,INV-2025-71777,Gearbox seizure,Gearbox seizure: the problem appeared under heavy load.,Mechanical Stress,2025-01-16,2027-01-17,2026-02-21,2026-03-06,24,0,624.65,414,317,13,0.54,1,0,1,0,0,1,1,1,1,1,covered_defect,Valid Claim,2025-01-16,317,0
CLM-00011,PRD-00011,Industrial Tools,VoltEdge,TorqueMax HD Drill,SN-VOL-4862582,Brand Flagship Store,INV-2023-27529,Gearbox seizure,Gearbox seizure: the problem developed gradually with regular use.,Normal Wear and Tear,2023-01-17,2026-01-17,2025-12-10,2026-01-02,36,0,248.73,1081,15,23,0.438,1,1,1,0,0,1,1,1,1,1,unauthorized_repair,Invalid Claim,2023-01-17,15,0
CLM-00012,PRD-00012,Consumer Electronics,PixelCraft,PixelWatch 3,SN-PIX-7553692,National Appliance Depot,INV-2025-92325,Motherboard failure,Motherboard failure: the problem appeared after the unit was dropped.,Accidental Drop,2025-10-02,2026-10-02,2026-03-03,2026-03-17,12,0,1179.4,166,199,14,0.436,0,0,1,0,0,1,1,0,1,0,ambiguous_cause,Manual Review,2025-10-02,199,1
CLM-00013,PRD-00013,Industrial Tools,IronForge,VoltEdge Saw 18V,SN-IRO-2302609,National Appliance Depot,INV-2022-60995,Chuck bearing failure,Chuck bearing failure: the problem developed gradually with regular use.,Normal Wear and Tear,2022-04-20,2025-04-20,2026-01-25,2026-01-28,36,0,438.03,1379,-283,3,0.741,0,0,0,0,0,1,1,1,0,0,expired,Invalid Claim,2022-04-20,0,1
CLM-00014,PRD-00014,Industrial Tools,IronForge,TorqueMax HD Drill,SN-IRO-5982403,Industrial Supply Direct,INV-2024-92778,Gearbox seizure,Gearbox seizure: the problem has no obvious cause.,Unknown / Not Sure,2024-12-26,2026-12-27,2026-05-14,2026-05-20,24,0,748.54,510,221,6,0.328,0,0,1,1,0,0,1,1,1,0,possible_duplicate,Manual Review,2024-12-26,221,1
CLM-00015,PRD-00015,Home Appliances,AeroBreeze,FrostGuard 450L,SN-AER-4564530,MegaMart Online,INV-2026-13602,PCB failure,PCB failure: the problem started without any external cause during normal use.,Manufacturing Defect,2026-05-22,2028-05-22,2026-08-05,2026-08-09,24,0,720.67,79,652,4,0.326,0,0,1,0,0,1,1,1,1,0,covered_defect,Valid Claim,2026-05-22,652,0
CLM-00016,PRD-00016,Home Appliances,CleanCycle,FrostGuard 450L,SN-CLE-9997086,Metro Hardware Centre,INV-2024-21794,Thermostat failure,Thermostat failure: the problem started without any external cause during normal use.,Manufacturing Defect,2024-08-04,2026-08-05,2026-08-04,2026-08-16,24,0,1056.38,742,-11,12,0.807,2,0,1,0,0,1,1,1,1,1,grace_boundary,Manual Review,2024-08-04,0,0
CLM-00017,PRD-00017,Home Appliances,KitchenPro,CleanCycle 8kg,SN-KIT-5128286,City Electronics Mall,INV-2023-45820,Motor burnout,Motor burnout: the problem has no obvious cause.,Unknown / Not Sure,2023-12-01,2026-12-01,2026-03-28,2026-04-05,36,0,624.19,856,240,8,0.725,0,0,1,0,0,1,0,0,1,0,missing_documents,Manual Review,2023-12-01,240,2
CLM-00018,PRD-00018,Consumer Electronics,NovaSound,VividTab 11,SN-NOV-8487839,National Appliance Depot,INV-2025-55958,Wi-Fi/Bluetooth failure,Wi-Fi/Bluetooth failure: the problem appeared after a power fluctuation.,Electrical Surge,2025-08-12,2027-08-13,2026-07-16,2026-07-24,24,0,589.08,346,385,8,0.749,0,0,1,1,0,1,1,1,1,0,excluded_damage,Invalid Claim,2025-08-12,385,0
CLM-00019,PRD-00019,Home Appliances,CleanCycle,AeroBreeze 1.5T,SN-CLE-6265489,MegaMart Online,INV-2023-72306,PCB failure,PCB failure: the problem started without any external cause during normal use.,Manufacturing Defect,2023-07-12,2026-07-12,2026-03-04,2026-03-08,36,1,568.67,970,126,4,0.633,0,0,1,0,0,1,0,1,1,0,covered_defect,Valid Claim,2023-07-12,126,1
CLM-00020,PRD-00020,Industrial Tools,IronForge,TorqueMax HD Drill,SN-IRO-2623183,MegaMart Online,INV-2026-74448,Chuck bearing failure,Chuck bearing failure: the problem developed gradually with regular use.,Normal Wear and Tear,2026-01-24,2028-01-25,2026-04-05,2026-04-09,24,0,264.23,75,656,4,0.285,0,0,1,0,0,1,1,1,1,0,covered_defect,Valid Claim,2026-01-24,656,0
CLM-00021,PRD-00021,Home Appliances,AeroBreeze,AeroBreeze 1.5T,SN-AER-1661102,Metro Hardware Centre,INV-2024-97972,PCB failure,PCB failure: the problem appeared under heavy load.,Mechanical Stress,2024-04-21,2026-04-22,2026-04-13,2026-04-24,24,0,449.83,733,-2,11,0.354,0,0,1,0,0,1,1,1,0,0,grace_boundary,Manual Review,2024-04-21,0,1
CLM-00022,PRD-00022,Consumer Electronics,ApexTech,NovaPhone 12,SN-APE-6836455,National Appliance Depot,INV-2026-16252,Wi-Fi/Bluetooth failure,Wi-Fi/Bluetooth failure: the problem has no obvious cause.,Unknown / Not Sure,2026-01-03,2027-01-03,2026-01-10,2026-01-24,12,0,487.85,21,344,14,0.419,2,0,1,0,0,1,1,1,1,1,ambiguous_cause,Manual Review,2026-01-03,344,0
CLM-00023,PRD-00023,Home Appliances,CleanCycle,FrostGuard 450L,SN-CLE-3117153,Brand Flagship Store,INV-2026-73751,Compressor failure,Compressor failure: the problem appeared after a power fluctuation.,Electrical Surge,2026-01-04,2028-01-05,2026-05-23,2026-06-08,24,0,637.93,155,576,16,0.627,1,0,1,0,0,1,1,1,1,1,covered_defect+noise,Manual Review,2026-01-04,576,0
CLM-00024,PRD-00024,Home Appliances,KitchenPro,FrostGuard 450L,SN-KIT-7130435,City Electronics Mall,INV-2026-37043,Thermostat failure,Thermostat failure: the problem appeared after contact with water.,Water Ingress,2026-03-25,2028-03-25,2026-07-25,2026-08-11,24,0,545.72,139,592,17,0.194,0,0,1,0,0,1,1,0,1,0,ambiguous_cause,Manual Review,2026-03-25,592,1
CLM-00025,PRD-00025,Home Appliances,AeroBreeze,KitchenPro 30L,SN-AER-3957895,Brand Flagship Store,INV-2023-96334,Compressor failure,Compressor failure: the problem started without any external cause during normal use.,Manufacturing Defect,2023-02-20,2026-02-20,2023-02-18,2026-03-02,36,0,617.97,1106,-10,1108,0.445,0,0,1,0,1,1,1,1,1,0,contradiction,Manual Review,2023-02-20,0,0
CLM-00026,PRD-00026,Consumer Electronics,PixelCraft,VividTab 11,SN-PIX-7690827,Brand Flagship Store,INV-2026-35548,Wi-Fi/Bluetooth failure,Wi-Fi/Bluetooth failure: the problem started without any external cause during normal use.,Manufacturing Defect,2026-01-13,2027-01-13,2026-03-27,2026-04-19,12,0,546.45,96,269,23,0.479,0,0,1,0,0,1,1,1,1,0,covered_defect,Valid Claim,2026-01-13,269,0
CLM-00027,PRD-00027,Industrial Tools,TorqueMax,HydraPower Jack 5T,SN-TOR-7118317,Industrial Supply Direct,INV-2025-27855,Trigger switch failure,Trigger switch failure: the problem appeared after the unit was dropped.,Accidental Drop,2025-06-16,2028-06-16,2026-06-24,2026-07-13,36,0,345.83,392,704,19,0.103,1,0,1,0,0,1,1,1,1,0,ambiguous_cause,Manual Review,2025-06-16,704,0
CLM-00028,PRD-00028,Consumer Electronics,PixelCraft,ApexBook Pro 16,SN-PIX-8310850,Industrial Supply Direct,INV-2025-46532,Screen flickering,Screen flickering: the problem appeared after contact with water.,Water Ingress,2025-05-19,2027-05-20,2026-04-27,2026-04-27,24,0,1371.5,343,388,0,0.3,1,0,1,0,0,1,1,1,1,0,ambiguous_cause,Manual Review,2025-05-19,388,0
CLM-00029,PRD-00029,Home Appliances,AeroBreeze,CleanCycle 8kg,SN-AER-5073062,City Electronics Mall,INV-2025-82812,Compressor failure,Compressor failure: the problem appeared under heavy load.,Mechanical Stress,2025-11-30,2028-11-30,2026-02-16,2026-03-09,36,1,411.1,99,997,21,0.54,1,0,1,0,0,0,1,1,0,1,missing_documents,Manual Review,2025-11-30,997,2
CLM-00030,PRD-00030,Industrial Tools,HydraPower,IronForge Grinder 9,SN-HYD-5221984,Industrial Supply Direct,INV-2025-33766,Armature burnout,Armature burnout: the problem appeared under heavy load.,Mechanical Stress,2025-07-02,2028-07-02,2026-07-05,2026-07-09,36,0,631.85,372,724,4,0.415,1,0,1,0,0,0,1,1,1,1,missing_documents,Manual Review,2025-07-02,724,1
CLM-00031,PRD-00031,Home Appliances,KitchenPro,FrostGuard 450L,SN-KIT-1213173,National Appliance Depot,INV-2026-63152,Compressor failure,Compressor failure: the problem developed gradually with regular use.,Normal Wear and Tear,2026-01-28,2028-01-29,2026-08-14,2026-08-14,24,0,985.04,198,533,0,0.526,0,0,1,1,0,1,1,1,1,0,possible_duplicate,Manual Review,2026-01-28,533,0
CLM-00032,PRD-00032,Consumer Electronics,NovaSound,NovaPods Max,SN-NOV-3616784,Industrial Supply Direct,INV-2025-85480,Screen flickering,Screen flickering: the problem appeared after the unit was dropped.,Accidental Drop,2025-10-03,2026-10-03,2026-04-22,2026-04-22,12,0,602.93,201,164,0,0.75,0,0,1,0,0,1,1,1,1,0,excluded_damage,Invalid Claim,2025-10-03,164,0
CLM-00033,PRD-00033,Industrial Tools,IronForge,TorqueMax HD Drill,SN-IRO-1726245,National Appliance Depot,INV-2025-54667,Armature burnout,Armature burnout: the problem appeared after the unit was dropped.,Accidental Drop,2025-07-14,2028-07-14,2025-06-26,2026-07-26,36,0,487.65,377,719,395,0.359,0,0,1,0,1,1,1,1,1,0,contradiction,Manual Review,2025-07-14,719,0
CLM-00034,PRD-00034,Industrial Tools,IronForge,HydraPower Jack 5T,SN-IRO-5274607,Industrial Supply Direct,INV-2025-40816,Gearbox seizure,Gearbox seizure: the problem appeared after the unit was dropped.,Accidental Drop,2025-11-20,2029-11-20,2026-05-22,2026-05-22,48,1,301.4,183,1278,0,0.334,0,0,1,0,0,1,1,1,1,0,ambiguous_cause,Manual Review,2025-11-20,1278,0
CLM-00035,PRD-00035,Home Appliances,CleanCycle,AeroBreeze 1.5T,SN-CLE-2907453,Brand Flagship Store,INV-2024-73072,Motor burnout,Motor burnout: the problem started without any external cause during normal use.,Manufacturing Defect,2024-11-14,2026-11-15,2026-01-13,2026-02-04,24,0,606.7,447,284,22,0.774,0,0,1,0,0,1,1,1,1,0,covered_defect,Valid Claim,2024-11-14,284,0
CLM-00036,PRD-00036,Home Appliances,KitchenPro,FrostGuard 450L,SN-KIT-4862460,Brand Flagship Store,INV-2024-47563,Compressor failure,Compressor failure: the problem developed gradually with regular use.,Normal Wear and Tear,2024-10-04,2027-10-05,2026-04-12,2026-04-12,36,1,1502.59,555,541,0,0.524,1,0,1,0,0,1,1,1,1,1,covered_defect,Valid Claim,2024-10-04,541,0
CLM-00037,PRD-00037,Industrial Tools,HydraPower,HydraPower Jack 5T,SN-HYD-9747217,Industrial Supply Direct,INV-2025-56886,Gearbox seizure,Gearbox seizure: the problem developed gradually with regular use.,Normal Wear and Tear,2025-09-17,2028-09-17,2026-03-07,2026-03-10,36,0,1165.54,174,922,3,0.705,1,0,1,0,0,1,1,1,1,0,covered_defect,Valid Claim,2025-09-17,922,0
CLM-00038,PRD-00038,Industrial Tools,IronForge,TorqueMax HD Drill,SN-IRO-7746050,Metro Hardware Centre,INV-2024-56743,Trigger switch failure,Trigger switch failure: the problem started without any external cause during normal use.,Manufacturing Defect,2024-06-12,2027-06-13,2026-03-09,2026-03-10,36,0,829.77,636,460,1,0.96,1,0,1,0,0,1,1,1,1,1,covered_defect,Valid Claim,2024-06-12,460,0
CLM-00039,PRD-00039,Home Appliances,KitchenPro,CleanCycle 8kg,SN-KIT-5579867,MegaMart Online,INV-2024-73175,Thermostat failure,Thermostat failure: the problem started without any external cause during normal use.,Manufacturing Defect,2024-02-04,2027-02-04,2026-01-25,2026-01-27,36,0,675.94,723,373,2,0.744,1,1,1,0,0,1,1,0,0,1,unauthorized_repair+noise,Manual Review,2024-02-04,373,2
CLM-00040,PRD-00040,Home Appliances,AeroBreeze,FrostGuard 450L,SN-AER-9864198,Brand Flagship Store,INV-2025-21807,Compressor failure,Compressor failure: the problem started without any external cause during normal use.,Manufacturing Defect,2025-08-27,2028-08-27,2026-02-16,2026-02-17,36,0,940.73,174,922,1,0.845,1,0,1,0,0,1,1,1,1,1,covered_defect,Valid Claim,2025-08-27,922,0
CLM-00041,PRD-00041,Industrial Tools,TorqueMax,VoltEdge Saw 18V,SN-TOR-6103776,City Electronics Mall,INV-2025-44904,Seal failure,Seal failure: the problem started without any external cause during normal use.,Manufacturing Defect,2025-11-07,2028-11-07,2026-05-06,2026-05-19,36,0,171.17,193,903,13,0.849,0,0,1,1,0,1,1,1,0,0,possible_duplicate,Manual Review,2025-11-07,903,1
CLM-00042,PRD-00042,Industrial Tools,HydraPower,TorqueMax HD Drill,SN-HYD-3633499,Metro Hardware Centre,INV-2023-12756,Gearbox seizure,Gearbox seizure: the problem developed gradually with regular use.,Normal Wear and Tear,2023-07-03,2026-07-03,2026-04-21,2026-04-21,36,0,685.92,1023,73,0,0.342,0,0,1,0,0,1,1,1,1,0,covered_defect,Valid Claim,2023-07-03,73,0
CLM-00043,PRD-00043,Home Appliances,AeroBreeze,CleanCycle 8kg,SN-AER-5736019,MegaMart Online,INV-2025-27202,Motor burnout,Motor burnout: the problem appeared under heavy load.,Mechanical Stress,2025-03-10,2027-03-11,2026-05-10,2026-05-11,24,0,1000.95,427,304,1,0.175,2,0,1,0,0,1,1,1,1,0,repeat_repairs,Manual Review,2025-03-10,304,0
CLM-00044,PRD-00044,Home Appliances,FrostGuard,AeroBreeze 1.5T,SN-FRO-9145876,National Appliance Depot,INV-2024-65692,Motor burnout,Motor burnout: the problem appeared after the unit was dropped.,Accidental Drop,2024-04-05,2027-04-06,2026-07-23,2026-08-08,36,1,481.66,855,241,16,0.83,1,0,1,0,0,1,0,1,1,1,excluded_damage,Invalid Claim,2024-04-05,241,1
CLM-00045,PRD-00045,Industrial Tools,VoltEdge,HydraPower Jack 5T,SN-VOL-4699115,City Electronics Mall,INV-2026-36064,Seal failure,Seal failure: the problem developed gradually with regular use.,Normal Wear and Tear,2026-07-08,2028-07-08,2026-08-29,2026-09-09,24,0,462.64,63,668,11,0.647,0,0,1,0,0,0,1,1,1,0,missing_documents,Manual Review,2026-07-08,668,1
CLM-00046,PRD-00046,Home Appliances,AeroBreeze,CleanCycle 8kg,SN-AER-8563024,MegaMart Online,INV-2025-76351,Compressor failure,Compressor failure: the problem started without any external cause during normal use.,Manufacturing Defect,2025-09-24,2027-09-25,2026-05-05,2026-05-22,24,0,507.06,240,491,17,0.606,1,0,1,0,0,1,1,1,1,0,covered_defect,Valid Claim,2025-09-24,491,0
CLM-00047,PRD-00047,Industrial Tools,VoltEdge,IronForge Grinder 9,SN-VOL-2090769,National Appliance Depot,INV-2024-79728,Armature burnout,Armature burnout: the problem developed gradually with regular use.,Normal Wear and Tear,2024-10-15,2026-10-16,2026-07-20,2026-07-24,24,0,1760.31,647,84,4,0.517,1,0,1,0,0,1,1,0,1,1,covered_defect,Valid Claim,2024-10-15,84,1
CLM-00048,PRD-00048,Home Appliances,KitchenPro,CleanCycle 8kg,SN-KIT-8012804,Industrial Supply Direct,INV-2024-81484,PCB failure,PCB failure: the problem developed gradually with regular use.,Normal Wear and Tear,2024-03-30,2027-03-31,2026-04-10,2026-04-16,36,0,416.32,747,349,6,0.187,0,0,1,0,0,1,1,1,0,0,covered_defect,Valid Claim,2024-03-30,349,1
CLM-00049,PRD-00049,Industrial Tools,VoltEdge,TorqueMax HD Drill,SN-VOL-7337883,City Electronics Mall,INV-2024-60357,Trigger switch failure,Trigger switch failure: the problem appeared under heavy load.,Mechanical Stress,2024-10-02,2026-10-03,2026-09-12,2026-09-13,24,0,822.5,711,20,1,0.935,1,1,1,0,0,1,1,1,1,1,unauthorized_repair,Invalid Claim,2024-10-02,20,0
CLM-00050,PRD-00050,Consumer Electronics,VividDisplay,NovaPods Max,SN-VIV-7955968,City Electronics Mall,INV-2024-53944,Wi-Fi/Bluetooth failure,Wi-Fi/Bluetooth failure: the problem developed gradually with regular use.,Normal Wear and Tear,2024-07-28,2026-07-29,2026-05-02,2026-05-03,24,0,372.87,644,87,1,0.662,0,0,0,0,0,1,1,1,1,0,serial_mismatch,Invalid Claim,2024-07-28,87,0
CLM-00051,PRD-00051,Consumer Electronics,PixelCraft,NovaPods Max,SN-PIX-9683105,Brand Flagship Store,INV-2025-11427,Battery not charging,Battery not charging: the problem appeared under heavy load.,Mechanical Stress,2025-10-08,2028-10-08,2026-09-13,2026-09-13,36,1,424.44,340,756,0,0.845,0,0,0,0,0,1,1,1,1,0,serial_mismatch,Invalid Claim,2025-10-08,756,0
CLM-00052,PRD-00052,Home Appliances,FrostGuard,CleanCycle 8kg,SN-FRO-5875646,National Appliance Depot,INV-2024-21598,PCB failure,PCB failure: the problem appeared under heavy load.,Mechanical Stress,2024-01-26,2026-01-26,2026-04-04,2026-04-27,24,0,469.59,822,-91,23,0.507,1,0,0,0,0,1,1,1,1,1,expired,Invalid Claim,2024-01-26,0,0
CLM-00053,PRD-00053,Industrial Tools,TorqueMax,VoltEdge Saw 18V,SN-TOR-7889546,City Electronics Mall,INV-2023-17816,Armature burnout,Armature burnout: the problem developed gradually with regular use.,Normal Wear and Tear,2023-04-01,2026-04-01,2026-04-03,2026-04-12,36,1,763.61,1107,-11,9,0.658,0,0,1,0,0,1,1,1,1,0,grace_boundary,Manual Review,2023-04-01,0,0
CLM-00054,PRD-00054,Home Appliances,AeroBreeze,FrostGuard 450L,SN-AER-7086864,Brand Flagship Store,INV-2026-50138,Compressor failure,Compressor failure: the problem appeared after contact with water.,Water Ingress,2026-01-20,2029-01-20,2026-09-01,2026-09-22,36,0,349.33,245,851,21,0.362,1,0,1,0,0,1,1,1,1,0,ambiguous_cause,Manual Review,2026-01-20,851,0
CLM-00055,PRD-00055,Consumer Electronics,PixelCraft,PixelWatch 3,SN-PIX-7343860,National Appliance Depot,INV-2024-57730,Touch panel unresponsive,Touch panel unresponsive: the problem appeared after the unit was dropped.,Accidental Drop,2024-02-16,2025-02-15,2026-01-14,2026-01-23,12,0,1132.08,707,-342,9,0.335,0,0,1,0,0,1,1,1,1,0,expired,Invalid Claim,2024-02-16,0,0
CLM-00056,PRD-00056,Consumer Electronics,PixelCraft,VividTab 11,SN-PIX-3000048,National Appliance Depot,INV-2025-44606,Motherboard failure,Motherboard failure: the problem appeared after the unit was dropped.,Accidental Drop,2025-05-24,2026-05-24,2026-04-12,2026-04-12,12,0,1727.29,323,42,0,0.58,0,0,0,0,0,0,0,1,1,0,excluded_damage,Invalid Claim,2025-05-24,42,2
CLM-00057,PRD-00057,Industrial Tools,HydraPower,TorqueMax HD Drill,SN-HYD-5829535,Metro Hardware Centre,INV-2023-84577,Seal failure,Seal failure: the problem developed gradually with regular use.,Normal Wear and Tear,2023-01-09,2026-01-09,2026-01-06,2026-01-08,36,0,557.84,1095,1,2,0.426,0,0,1,0,0,1,1,0,1,0,covered_defect,Valid Claim,2023-01-09,1,1
CLM-00058,PRD-00058,Home Appliances,CleanCycle,FrostGuard 450L,SN-CLE-2953753,Metro Hardware Centre,INV-2024-33530,Thermostat failure,Thermostat failure: the problem started without any external cause during normal use.,Manufacturing Defect,2024-08-25,2027-08-26,2026-04-03,2026-04-10,36,0,702.57,593,503,7,0.812,1,0,1,0,0,1,1,1,0,1,covered_defect,Valid Claim,2024-08-25,503,1
CLM-00059,PRD-00059,Consumer Electronics,NovaSound,NovaPods Max,SN-NOV-8105768,Industrial Supply Direct,INV-2025-78890,Screen flickering,Screen flickering: the problem started without any external cause during normal use.,Manufacturing Defect,2025-03-24,2027-03-25,2026-01-08,2026-01-23,24,0,388.58,305,426,15,0.755,0,0,1,0,0,1,1,1,1,0,covered_defect,Valid Claim,2025-03-24,426,0
CLM-00060,PRD-00060,Consumer Electronics,NovaSound,PixelWatch 3,SN-NOV-9968271,MegaMart Online,INV-2023-78544,Screen flickering,Screen flickering: the problem appeared after the unit was dropped.,Accidental Drop,2023-03-21,2026-03-21,2026-02-10,2026-02-14,36,1,617.32,1061,35,4,0.715,0,0,1,0,0,1,1,1,1,0,excluded_damage,Invalid Claim,2023-03-21,35,0
CLM-00061,PRD-00061,Industrial Tools,HydraPower,HydraPower Jack 5T,SN-HYD-5795278,Metro Hardware Centre,INV-2026-93225,Armature burnout,Armature burnout: the problem developed gradually with regular use.,Normal Wear and Tear,2026-06-15,2029-06-15,2026-09-04,2026-09-07,36,0,475.16,84,1012,3,0.611,1,1,1,0,0,1,1,1,1,1,unauthorized_repair,Invalid Claim,2026-06-15,1012,0
CLM-00062,PRD-00062,Home Appliances,KitchenPro,CleanCycle 8kg,SN-KIT-3655540,Metro Hardware Centre,INV-2024-81014,Motor burnout,Motor burnout: the problem appeared after contact with water.,Water Ingress,2024-09-10,2028-09-10,2026-06-26,2026-06-30,48,1,454.64,658,803,4,0.853,0,0,1,0,0,1,1,0,1,0,excluded_damage,Invalid Claim,2024-09-10,803,1
CLM-00063,PRD-00063,Consumer Electronics,PixelCraft,VividTab 11,SN-PIX-5246128,MegaMart Online,INV-2025-31050,Battery not charging,Battery not charging: the problem developed gradually with regular use.,Normal Wear and Tear,2025-04-12,2027-04-13,2026-09-19,2026-09-20,24,0,817.8,526,205,1,0.362,1,0,1,0,0,1,1,1,1,1,covered_defect,Valid Claim,2025-04-12,205,0
CLM-00064,PRD-00064,Consumer Electronics,ApexTech,NovaPods Max,SN-APE-2515506,Brand Flagship Store,INV-2026-52402,Motherboard failure,Motherboard failure: the problem started without any external cause during normal use.,Manufacturing Defect,2026-02-03,2028-02-04,2026-07-23,2026-07-23,24,0,827.26,170,561,0,0.792,0,0,1,0,0,1,1,1,1,0,covered_defect,Valid Claim,2026-02-03,561,0
CLM-00065,PRD-00065,Industrial Tools,HydraPower,HydraPower Jack 5T,SN-HYD-4681039,Metro Hardware Centre,INV-2024-52633,Armature burnout,Armature burnout: the problem started without any external cause during normal use.,Manufacturing Defect,2024-10-24,2026-10-25,2026-08-31,2026-09-10,24,0,1656.07,686,45,10,0.834,0,0,0,0,0,1,1,1,1,0,serial_mismatch,Invalid Claim,2024-10-24,45,0
CLM-00066,PRD-00066,Industrial Tools,IronForge,HydraPower Jack 5T,SN-IRO-6614743,Industrial Supply Direct,INV-2026-88748,Gearbox seizure,Gearbox seizure: the problem started without any external cause during normal use.,Manufacturing Defect,2026-04-03,2028-04-03,2026-05-28,2026-06-11,24,0,299.02,69,662,14,0.772,0,0,1,0,0,1,1,1,1,0,covered_defect,Valid Claim,2026-04-03,662,0
CLM-00067,PRD-00067,Industrial Tools,TorqueMax,HydraPower Jack 5T,SN-TOR-4816475,Brand Flagship Store,INV-2025-53386,Trigger switch failure,Trigger switch failure: the problem appeared after the unit was dropped.,Accidental Drop,2025-05-30,2028-05-30,2026-02-17,2026-03-02,36,0,1277.45,276,820,13,0.661,0,0,1,0,0,1,1,1,1,0,excluded_damage+noise,Valid Claim,2025-05-30,820,0
CLM-00068,PRD-00068,Home Appliances,CleanCycle,CleanCycle 8kg,SN-CLE-1706359,Industrial Supply Direct,INV-2026-19362,Drum spin malfunction,Drum spin malfunction: the problem appeared after a power fluctuation.,Electrical Surge,2026-03-10,2029-03-10,2026-07-23,2026-07-24,36,0,608.38,136,960,1,0.301,0,0,1,0,0,0,1,1,1,0,missing_documents,Manual Review,2026-03-10,960,1
CLM-00069,PRD-00069,Consumer Electronics,NovaSound,PixelWatch 3,SN-NOV-3367644,City Electronics Mall,INV-2024-59354,Wi-Fi/Bluetooth failure,Wi-Fi/Bluetooth failure: the problem appeared after contact with water.,Water Ingress,2024-04-07,2026-04-08,2026-03-31,2026-04-06,24,0,667.45,729,2,6,0.356,0,0,1,0,0,1,1,1,1,0,ambiguous_cause,Manual Review,2024-04-07,2,0
CLM-00070,PRD-00070,Home Appliances,CleanCycle,CleanCycle 8kg,SN-CLE-9414862,MegaMart Online,INV-2025-18943,Water pump leakage,Water pump leakage: the problem started without any external cause during normal use.,Manufacturing Defect,2025-07-16,2029-07-16,2026-07-08,2026-08-03,48,1,1390.89,383,1078,26,0.743,0,0,1,0,0,1,0,1,1,0,covered_defect,Valid Claim,2025-07-16,1078,1
CLM-00071,PRD-00071,Industrial Tools,HydraPower,VoltEdge Saw 18V,SN-HYD-9145036,National Appliance Depot,INV-2026-56032,Seal failure,Seal failure: the problem appeared after a power fluctuation.,Electrical Surge,2026-05-08,2029-05-08,2026-06-15,2026-06-28,36,0,471.52,51,1045,13,0.579,0,0,1,0,0,1,1,1,0,0,covered_defect,Valid Claim,2026-05-08,1045,1
CLM-00072,PRD-00072,Consumer Electronics,ApexTech,VividTab 11,SN-APE-5952829,Metro Hardware Centre,INV-2024-75320,Battery not charging,Battery not charging: the problem started without any external cause during normal use.,Manufacturing Defect,2024-05-02,2026-05-03,2026-08-27,2026-09-07,24,1,665.11,858,-127,11,0.88,0,0,1,0,0,1,1,1,1,0,expired,Invalid Claim,2024-05-02,0,0
CLM-00073,PRD-00073,Industrial Tools,HydraPower,VoltEdge Saw 18V,SN-HYD-1031088,Metro Hardware Centre,INV-2024-79644,Armature burnout,Armature burnout: the problem appeared after the unit was dropped.,Accidental Drop,2024-09-11,2027-09-12,2026-07-23,2026-08-05,36,0,254.46,693,403,13,0.54,0,0,0,0,0,1,1,1,1,0,serial_mismatch,Invalid Claim,2024-09-11,403,0
CLM-00074,PRD-00074,Consumer Electronics,ApexTech,NovaPods Max,SN-APE-6839332,City Electronics Mall,INV-2025-74188,Touch panel unresponsive,Touch panel unresponsive: the problem started without any external cause during normal use.,Manufacturing Defect,2025-09-20,2026-09-20,2026-05-06,2026-05-21,12,0,1604.66,243,122,15,0.571,1,0,1,0,0,1,1,1,1,1,covered_defect,Valid Claim,2025-09-20,122,0
CLM-00075,PRD-00075,Industrial Tools,TorqueMax,TorqueMax HD Drill,SN-TOR-1258902,City Electronics Mall,INV-2023-47130,Armature burnout,Armature burnout: the problem appeared after contact with water.,Water Ingress,2023-02-10,2026-02-10,2026-08-04,2026-08-09,36,1,699.59,1276,-180,5,0.682,0,0,1,0,0,1,1,1,1,0,expired,Invalid Claim,2023-02-10,0,0
CLM-00076,PRD-00076,Home Appliances,CleanCycle,CleanCycle 8kg,SN-CLE-9149183,National Appliance Depot,INV-2023-77910,Drum spin malfunction,Drum spin malfunction: the problem started without any external cause during normal use.,Manufacturing Defect,2023-05-31,2026-05-31,2026-06-09,2026-06-09,36,0,1006.69,1105,-9,0,0.909,0,0,1,0,0,1,1,1,1,0,grace_boundary,Manual Review,2023-05-31,0,0
CLM-00077,PRD-00077,Industrial Tools,IronForge,TorqueMax HD Drill,SN-IRO-8059947,Industrial Supply Direct,INV-2025-68931,Armature burnout,Armature burnout: the problem developed gradually with regular use.,Normal Wear and Tear,2025-03-21,2027-03-22,2026-07-29,2026-09-02,24,0,782.19,530,201,35,0.175,2,0,1,0,0,1,1,1,1,0,late_reporting,Invalid Claim,2025-03-21,201,0
CLM-00078,PRD-00078,Consumer Electronics,VividDisplay,PixelWatch 3,SN-VIV-4575099,Metro Hardware Centre,INV-2024-50050,Wi-Fi/Bluetooth failure,Wi-Fi/Bluetooth failure: the problem appeared after contact with water.,Water Ingress,2024-06-24,2026-06-25,2026-04-29,2026-05-07,24,0,996.22,682,49,8,0.681,0,0,0,0,0,1,1,1,0,0,excluded_damage,Invalid Claim,2024-06-24,49,1
CLM-00079,PRD-00079,Home Appliances,KitchenPro,AeroBreeze 1.5T,SN-KIT-6458577,MegaMart Online,INV-2026-96004,Compressor failure,Compressor failure: the problem appeared under heavy load.,Mechanical Stress,2026-02-28,2029-02-28,2026-05-18,2026-05-20,36,1,471.73,81,1015,2,0.659,0,0,1,0,0,1,1,0,1,0,covered_defect,Valid Claim,2026-02-28,1015,1
CLM-00080,PRD-00080,Industrial Tools,HydraPower,VoltEdge Saw 18V,SN-HYD-4484838,MegaMart Online,INV-2023-17053,Chuck bearing failure,Chuck bearing failure: the problem appeared under heavy load.,Mechanical Stress,2023-02-19,2025-02-19,2026-02-27,2026-02-28,24,0,411.57,1105,-374,1,0.494,0,0,1,0,0,1,1,1,1,0,expired,Invalid Claim,2023-02-19,0,0
CLM-00081,PRD-00081,Consumer Electronics,ApexTech,VividTab 11,SN-APE-7244733,Brand Flagship Store,INV-2025-86289,Speaker malfunction,Speaker malfunction: the problem developed gradually with regular use.,Normal Wear and Tear,2025-01-23,2026-01-23,2026-01-24,2026-01-30,12,0,256.24,372,-7,6,0.298,0,0,1,1,0,1,1,1,1,0,grace_boundary,Manual Review,2025-01-23,0,0
CLM-00082,PRD-00082,Home Appliances,KitchenPro,KitchenPro 30L,SN-KIT-5400084,City Electronics Mall,INV-2023-55058,Motor burnout,Motor burnout: the problem started without any external cause during normal use.,Manufacturing Defect,2023-07-22,2026-07-22,2026-06-28,2026-07-04,36,1,1224.23,1078,18,6,0.921,0,0,1,0,0,1,1,1,1,0,covered_defect,Valid Claim,2023-07-22,18,0
CLM-00083,PRD-00083,Consumer Electronics,PixelCraft,VividTab 11,SN-PIX-3750722,Brand Flagship Store,INV-2026-53060,Screen flickering,Screen flickering: the problem appeared under heavy load.,Mechanical Stress,2026-04-15,2028-04-15,2026-05-15,2026-06-05,24,1,370.44,51,680,21,0.86,1,0,1,0,0,1,1,1,1,1,covered_defect,Valid Claim,2026-04-15,680,0
CLM-00084,PRD-00084,Consumer Electronics,PixelCraft,NovaPhone 12,SN-PIX-9290224,Metro Hardware Centre,INV-2024-98816,Touch panel unresponsive,Touch panel unresponsive: the problem appeared after the unit was dropped.,Accidental Drop,2024-03-12,2026-03-13,2024-02-08,2026-03-07,24,0,676.07,725,6,758,0.63,1,0,0,0,1,1,1,1,1,1,excluded_damage,Invalid Claim,2024-03-12,6,0
CLM-00085,PRD-00085,Home Appliances,CleanCycle,KitchenPro 30L,SN-CLE-4625712,National Appliance Depot,INV-2025-61610,Motor burnout,Motor burnout: the problem started without any external cause during normal use.,Manufacturing Defect,2025-04-21,2027-04-22,2026-08-07,2026-08-08,24,0,926.16,474,257,1,0.743,1,1,1,0,0,1,1,1,1,0,unauthorized_repair,Invalid Claim,2025-04-21,257,0
CLM-00086,PRD-00086,Home Appliances,FrostGuard,KitchenPro 30L,SN-FRO-8905445,City Electronics Mall,INV-2024-73914,Water pump leakage,Water pump leakage: the problem has no obvious cause.,Unknown / Not Sure,2024-06-10,2026-06-11,2026-01-31,2026-02-03,24,0,291.35,603,128,3,0.641,1,0,1,0,0,1,0,1,1,1,covered_defect,Valid Claim,2024-06-10,128,1
CLM-00087,PRD-00087,Consumer Electronics,VividDisplay,ApexBook Pro 16,SN-VIV-1026968,National Appliance Depot,INV-2023-20731,Touch panel unresponsive,Touch panel unresponsive: the problem appeared under heavy load.,Mechanical Stress,2023-08-13,2025-08-13,2026-02-18,2026-02-19,24,0,683.29,921,-190,1,0.9,0,0,1,0,0,1,1,1,1,0,expired,Invalid Claim,2023-08-13,0,0
CLM-00088,PRD-00088,Consumer Electronics,VividDisplay,ApexBook Pro 16,SN-VIV-9606076,Brand Flagship Store,INV-2023-47150,Screen flickering,Screen flickering: the problem started without any external cause during normal use.,Manufacturing Defect,2023-04-03,2025-04-03,2026-01-02,2026-01-02,24,0,1561.33,1005,-274,0,0.654,0,0,1,0,0,1,1,1,1,0,expired,Invalid Claim,2023-04-03,0,0
CLM-00089,PRD-00089,Home Appliances,KitchenPro,AeroBreeze 1.5T,SN-KIT-6671831,National Appliance Depot,INV-2025-63592,Thermostat failure,Thermostat failure: the problem developed gradually with regular use.,Normal Wear and Tear,2025-04-25,2028-04-25,2026-02-26,2026-03-27,36,0,554.3,336,760,29,0.17,0,0,0,0,0,1,1,1,1,0,serial_mismatch,Invalid Claim,2025-04-25,760,0
CLM-00090,PRD-00090,Consumer Electronics,PixelCraft,ApexBook Pro 16,SN-PIX-1755999,Metro Hardware Centre,INV-2024-36001,Motherboard failure,Motherboard failure: the problem appeared after the unit was dropped.,Accidental Drop,2024-08-31,2026-09-01,2026-09-02,2026-09-14,24,0,380.57,744,-13,12,0.695,0,0,1,0,0,0,1,1,1,0,expired,Invalid Claim,2024-08-31,0,1
CLM-00091,PRD-00091,Industrial Tools,VoltEdge,IronForge Grinder 9,SN-VOL-1271221,City Electronics Mall,INV-2025-83040,Trigger switch failure,Trigger switch failure: the problem has no obvious cause.,Unknown / Not Sure,2025-11-07,2028-11-07,2026-04-04,2026-04-08,36,1,608.11,152,944,4,0.359,0,0,1,0,0,1,0,1,1,0,ambiguous_cause,Manual Review,2025-11-07,944,1
CLM-00092,PRD-00092,Consumer Electronics,NovaSound,VividTab 11,SN-NOV-5827573,City Electronics Mall,INV-2024-66388,Wi-Fi/Bluetooth failure,Wi-Fi/Bluetooth failure: the problem has no obvious cause.,Unknown / Not Sure,2024-05-04,2026-05-05,2026-04-14,2026-04-20,24,0,272.03,716,15,6,0.747,0,0,1,0,0,1,1,1,1,0,covered_defect,Valid Claim,2024-05-04,15,0
CLM-00093,PRD-00093,Industrial Tools,HydraPower,IronForge Grinder 9,SN-HYD-2081993,MegaMart Online,INV-2024-42649,Seal failure,Seal failure: the problem started without any external cause during normal use.,Manufacturing Defect,2024-07-04,2026-07-05,2026-03-22,2026-03-29,24,0,230.55,633,98,7,0.749,1,0,1,0,0,1,0,1,1,0,covered_defect,Valid Claim,2024-07-04,98,1
CLM-00094,PRD-00094,Consumer Electronics,NovaSound,PixelWatch 3,SN-NOV-1072760,Metro Hardware Centre,INV-2025-81379,Battery not charging,Battery not charging: the problem appeared after the unit was dropped.,Accidental Drop,2025-07-07,2026-07-07,2026-02-21,2026-02-22,12,0,590.62,230,135,1,0.727,0,0,0,0,0,1,1,1,1,0,excluded_damage+noise,Manual Review,2025-07-07,135,0
CLM-00095,PRD-00095,Consumer Electronics,NovaSound,PixelWatch 3,SN-NOV-8830857,Industrial Supply Direct,INV-2025-89386,Speaker malfunction,Speaker malfunction: the problem started without any external cause during normal use.,Manufacturing Defect,2025-10-05,2028-10-05,2025-10-04,2026-02-28,36,1,383.56,146,950,147,0.436,0,0,1,0,1,1,1,1,1,0,contradiction,Manual Review,2025-10-05,950,0
CLM-00096,PRD-00096,Home Appliances,AeroBreeze,CleanCycle 8kg,SN-AER-5113259,National Appliance Depot,INV-2023-51994,PCB failure,PCB failure: the problem appeared after a power fluctuation.,Electrical Surge,2023-03-02,2026-03-02,2026-02-20,2026-02-28,36,0,602.54,1094,2,8,0.142,1,0,1,0,0,1,1,1,1,1,covered_defect,Valid Claim,2023-03-02,2,0
CLM-00097,PRD-00097,Home Appliances,KitchenPro,AeroBreeze 1.5T,SN-KIT-8273161,Industrial Supply Direct,INV-2024-31548,Thermostat failure,Thermostat failure: the problem started without any external cause during normal use.,Manufacturing Defect,2024-09-18,2026-09-19,2026-02-14,2026-02-25,24,0,646.04,525,206,11,0.622,0,0,1,0,0,1,1,1,1,0,covered_defect,Valid Claim,2024-09-18,206,0
CLM-00098,PRD-00098,Home Appliances,CleanCycle,KitchenPro 30L,SN-CLE-2955093,National Appliance Depot,INV-2025-27864,Thermostat failure,Thermostat failure: the problem appeared after a power fluctuation.,Electrical Surge,2025-10-22,2027-10-23,2026-06-11,2026-07-02,24,0,292.77,253,478,21,0.378,0,0,1,0,0,1,1,1,1,0,covered_defect,Valid Claim,2025-10-22,478,0
CLM-00099,PRD-00099,Consumer Electronics,PixelCraft,PixelWatch 3,SN-PIX-7335973,Brand Flagship Store,INV-2025-10379,Battery not charging,Battery not charging: the problem appeared after a power fluctuation.,Electrical Surge,2025-12-08,2027-12-09,2026-05-17,2026-05-27,24,0,384.04,170,561,10,0.396,0,0,1,0,0,1,1,1,1,0,ambiguous_cause,Manual Review,2025-12-08,561,0
CLM-00100,PRD-00100,Home Appliances,FrostGuard,AeroBreeze 1.5T,SN-FRO-4380025,Metro Hardware Centre,INV-2025-39017,Water pump leakage,Water pump leakage: the problem developed gradually with regular use.,Normal Wear and Tear,2025-02-05,2028-02-06,2026-05-15,2026-05-23,36,0,334.15,472,624,8,0.223,0,0,1,0,0,1,1,1,1,0,covered_defect,Valid Claim,2025-02-05,624,0
CLM-00101,PRD-00101,Industrial Tools,HydraPower,IronForge Grinder 9,SN-HYD-4853320,Metro Hardware Centre,INV-2025-55772,Seal failure,Seal failure: the problem started without any external cause during normal use.,Manufacturing Defect,2025-11-23,2029-11-23,2026-07-03,2026-07-24,48,1,271.35,243,1218,21,0.374,1,1,1,0,0,1,1,1,1,1,unauthorized_repair,Invalid Claim,2025-11-23,1218,0
CLM-00102,PRD-00102,Industrial Tools,HydraPower,HydraPower Jack 5T,SN-HYD-6361593,Brand Flagship Store,INV-2025-80775,Armature burnout,Armature burnout: the problem started without any external cause during normal use.,Manufacturing Defect,2025-03-23,2028-03-23,2026-01-15,2026-01-15,36,0,834.23,298,798,0,0.481,2,1,1,0,0,1,0,1,1,1,unauthorized_repair,Invalid Claim,2025-03-23,798,1
CLM-00103,PRD-00103,Home Appliances,KitchenPro,FrostGuard 450L,SN-KIT-7254327,Brand Flagship Store,INV-2024-66977,Drum spin malfunction,Drum spin malfunction: the problem started without any external cause during normal use.,Manufacturing Defect,2024-12-17,2026-12-18,2026-03-09,2026-03-20,24,0,2471.85,458,273,11,0.766,1,1,1,0,0,0,1,1,0,1,unauthorized_repair+noise,Manual Review,2024-12-17,273,2
CLM-00104,PRD-00104,Industrial Tools,TorqueMax,IronForge Grinder 9,SN-TOR-7882451,MegaMart Online,INV-2025-94267,Trigger switch failure,Trigger switch failure: the problem developed gradually with regular use.,Normal Wear and Tear,2025-08-04,2028-08-04,2026-05-10,2026-05-13,36,0,1163.91,282,814,3,0.442,0,0,1,0,0,1,0,0,1,0,missing_documents,Manual Review,2025-08-04,814,2
CLM-00105,PRD-00105,Industrial Tools,IronForge,VoltEdge Saw 18V,SN-IRO-1115401,City Electronics Mall,INV-2025-43883,Seal failure,Seal failure: the problem developed gradually with regular use.,Normal Wear and Tear,2025-06-26,2028-06-26,2026-03-06,2026-03-06,36,1,563.84,253,843,0,0.195,1,0,1,0,0,1,1,1,1,1,covered_defect,Valid Claim,2025-06-26,843,0
CLM-00106,PRD-00106,Consumer Electronics,NovaSound,NovaPods Max,SN-NOV-2244582,Industrial Supply Direct,INV-2026-72876,Screen flickering,Screen flickering: the problem has no obvious cause.,Unknown / Not Sure,2026-02-07,2027-02-07,2026-06-16,2026-07-12,12,0,967.52,155,210,26,0.561,0,0,1,0,0,1,1,0,1,0,covered_defect,Valid Claim,2026-02-07,210,1
CLM-00107,PRD-00107,Industrial Tools,HydraPower,VoltEdge Saw 18V,SN-HYD-7927750,MegaMart Online,INV-2026-75168,Armature burnout,Armature burnout: the problem started without any external cause during normal use.,Manufacturing Defect,2026-07-16,2028-07-16,2026-08-25,2026-09-02,24,0,752.48,48,683,8,0.675,0,0,1,0,0,1,1,1,1,0,covered_defect,Valid Claim,2026-07-16,683,0
CLM-00108,PRD-00108,Industrial Tools,HydraPower,IronForge Grinder 9,SN-HYD-4074357,Brand Flagship Store,INV-2025-68409,Seal failure,Seal failure: the problem developed gradually with regular use.,Normal Wear and Tear,2025-03-04,2028-03-04,2026-03-05,2026-03-21,36,0,383.3,382,714,16,0.633,0,0,1,1,0,1,1,1,1,0,possible_duplicate,Manual Review,2025-03-04,714,0
CLM-00109,PRD-00109,Consumer Electronics,PixelCraft,ApexBook Pro 16,SN-PIX-1099149,MegaMart Online,INV-2025-26074,Speaker malfunction,Speaker malfunction: the problem started without any external cause during normal use.,Manufacturing Defect,2025-11-18,2026-11-18,2026-01-29,2026-01-30,12,0,874.09,73,292,1,0.494,0,0,1,0,0,1,1,1,1,0,covered_defect,Valid Claim,2025-11-18,292,0
CLM-00110,PRD-00110,Home Appliances,CleanCycle,FrostGuard 450L,SN-CLE-3678900,Brand Flagship Store,INV-2022-75124,Motor burnout,Motor burnout: the problem started without any external cause during normal use.,Manufacturing Defect,2022-06-04,2025-06-04,2026-06-10,2026-06-29,36,1,409.35,1486,-390,19,0.9,1,0,1,0,0,1,1,1,0,1,expired,Invalid Claim,2022-06-04,0,1
CLM-00111,PRD-00111,Home Appliances,KitchenPro,CleanCycle 8kg,SN-KIT-2412959,Metro Hardware Centre,INV-2024-45350,Drum spin malfunction,Drum spin malfunction: the problem appeared under heavy load.,Mechanical Stress,2024-10-19,2026-10-20,2026-01-07,2026-01-10,24,0,569.47,448,283,3,0.44,0,0,1,0,0,1,1,1,1,0,covered_defect,Valid Claim,2024-10-19,283,0
CLM-00112,PRD-00112,Industrial Tools,IronForge,VoltEdge Saw 18V,SN-IRO-2708296,Industrial Supply Direct,INV-2024-36243,Trigger switch failure,Trigger switch failure: the problem appeared after a power fluctuation.,Electrical Surge,2024-01-16,2026-01-16,2026-01-18,2026-01-18,24,0,1212.84,733,-2,0,0.516,0,0,1,0,0,1,1,1,1,0,grace_boundary,Manual Review,2024-01-16,0,0
CLM-00113,PRD-00113,Industrial Tools,TorqueMax,HydraPower Jack 5T,SN-TOR-9202926,Industrial Supply Direct,INV-2024-95467,Armature burnout,Armature burnout: the problem developed gradually with regular use.,Normal Wear and Tear,2024-10-16,2026-10-17,2026-08-09,2026-08-11,24,0,293.78,664,67,2,0.324,1,1,1,0,0,1,1,1,1,1,unauthorized_repair,Invalid Claim,2024-10-16,67,0
CLM-00114,PRD-00114,Home Appliances,KitchenPro,FrostGuard 450L,SN-KIT-4598987,Metro Hardware Centre,INV-2023-20674,Drum spin malfunction,Drum spin malfunction: the problem developed gradually with regular use.,Normal Wear and Tear,2023-04-25,2027-04-25,2026-08-09,2026-08-24,48,1,758.63,1217,244,15,0.816,0,0,1,0,0,1,1,1,1,0,covered_defect,Valid Claim,2023-04-25,244,0
CLM-00115,PRD-00115,Industrial Tools,VoltEdge,HydraPower Jack 5T,SN-VOL-4753046,National Appliance Depot,INV-2025-74946,Trigger switch failure,Trigger switch failure: the problem appeared under heavy load.,Mechanical Stress,2025-12-27,2027-12-28,2026-04-27,2026-05-13,24,0,411.76,137,594,16,0.88,0,0,1,0,0,1,1,1,1,0,covered_defect,Valid Claim,2025-12-27,594,0
CLM-00116,PRD-00116,Industrial Tools,HydraPower,IronForge Grinder 9,SN-HYD-6106047,National Appliance Depot,INV-2025-53707,Seal failure,Seal failure: the problem appeared under heavy load.,Mechanical Stress,2025-04-07,2027-04-08,2026-05-28,2026-06-15,24,0,816.69,434,297,18,0.686,0,0,1,0,0,1,1,1,1,0,covered_defect,Valid Claim,2025-04-07,297,0
CLM-00117,PRD-00117,Industrial Tools,TorqueMax,TorqueMax HD Drill,SN-TOR-5633024,Industrial Supply Direct,INV-2025-25550,Armature burnout,Armature burnout: the problem has no obvious cause.,Unknown / Not Sure,2025-04-13,2027-04-14,2026-01-26,2026-01-29,24,0,678.23,291,440,3,0.564,1,1,1,0,0,0,1,0,1,0,unauthorized_repair,Invalid Claim,2025-04-13,440,2
CLM-00118,PRD-00118,Industrial Tools,HydraPower,VoltEdge Saw 18V,SN-HYD-7632804,Industrial Supply Direct,INV-2026-54046,Armature burnout,Armature burnout: the problem appeared under heavy load.,Mechanical Stress,2026-06-06,2028-06-06,2026-07-16,2026-07-22,24,0,1201.71,46,685,6,0.631,0,0,1,0,0,1,1,1,1,0,covered_defect,Valid Claim,2026-06-06,685,0
CLM-00119,PRD-00119,Consumer Electronics,ApexTech,NovaPods Max,SN-APE-7282869,City Electronics Mall,INV-2024-24656,Battery not charging,Battery not charging: the problem started without any external cause during normal use.,Manufacturing Defect,2024-03-16,2026-03-17,2026-01-28,2026-02-06,24,0,810.58,692,39,9,0.755,0,0,1,0,0,1,1,0,1,0,covered_defect,Valid Claim,2024-03-16,39,1
CLM-00120,PRD-00120,Consumer Electronics,VividDisplay,VividTab 11,SN-VIV-8431497,Metro Hardware Centre,INV-2026-17665,Screen flickering,Screen flickering: the problem developed gradually with regular use.,Normal Wear and Tear,2026-01-11,2028-01-12,2026-02-23,2026-02-27,24,0,412.76,47,684,4,0.61,0,0,1,0,0,1,1,1,1,0,covered_defect+noise,Manual Review,2026-01-11,684,0
CLM-00121,PRD-00121,Home Appliances,FrostGuard,CleanCycle 8kg,SN-FRO-8242682,MegaMart Online,INV-2023-45378,Thermostat failure,Thermostat failure: the problem appeared after a power fluctuation.,Electrical Surge,2023-06-05,2025-06-05,2026-02-19,2026-02-28,24,0,473.51,999,-268,9,0.246,0,0,1,0,0,1,1,0,1,0,expired,Invalid Claim,2023-06-05,0,1
CLM-00122,PRD-00122,Industrial Tools,IronForge,IronForge Grinder 9,SN-IRO-6646282,Brand Flagship Store,INV-2024-79688,Gearbox seizure,Gearbox seizure: the problem started without any external cause during normal use.,Manufacturing Defect,2024-03-09,2027-03-10,2024-01-30,2026-01-14,36,0,382.77,676,420,715,0.462,0,0,1,0,1,1,1,1,1,0,contradiction,Manual Review,2024-03-09,420,0
CLM-00123,PRD-00123,Home Appliances,KitchenPro,CleanCycle 8kg,SN-KIT-7266046,City Electronics Mall,INV-2024-18250,Thermostat failure,Thermostat failure: the problem appeared after a power fluctuation.,Electrical Surge,2024-12-22,2026-12-23,2026-01-29,2026-02-04,24,0,316.24,409,322,6,0.729,0,0,1,0,0,0,1,1,1,0,missing_documents,Manual Review,2024-12-22,322,1
CLM-00124,PRD-00124,Consumer Electronics,NovaSound,PixelWatch 3,SN-NOV-8081839,Brand Flagship Store,INV-2024-21348,Battery not charging,Battery not charging: the problem started without any external cause during normal use.,Manufacturing Defect,2024-12-03,2026-12-04,2026-07-20,2026-07-20,24,0,692.83,594,137,0,0.719,0,0,1,0,0,1,1,1,1,0,covered_defect,Valid Claim,2024-12-03,137,0
CLM-00125,PRD-00125,Home Appliances,KitchenPro,FrostGuard 450L,SN-KIT-2457376,Brand Flagship Store,INV-2025-89134,Motor burnout,Motor burnout: the problem appeared after a power fluctuation.,Electrical Surge,2025-11-06,2028-11-06,2025-12-25,2026-01-06,36,0,828.84,61,1035,12,0.397,0,0,1,0,0,1,0,1,1,0,covered_defect,Valid Claim,2025-11-06,1035,1
CLM-00126,PRD-00126,Home Appliances,KitchenPro,AeroBreeze 1.5T,SN-KIT-2924957,MegaMart Online,INV-2023-58398,Thermostat failure,Thermostat failure: the problem appeared after a power fluctuation.,Electrical Surge,2023-08-20,2025-08-20,2026-03-02,2026-03-02,24,0,1052.31,925,-194,0,0.091,0,0,1,0,0,1,0,1,1,0,expired+noise,Manual Review,2023-08-20,0,1
CLM-00127,PRD-00127,Industrial Tools,HydraPower,VoltEdge Saw 18V,SN-HYD-4730858,National Appliance Depot,INV-2026-98197,Trigger switch failure,Trigger switch failure: the problem appeared under heavy load.,Mechanical Stress,2026-03-29,2029-03-29,2026-07-14,2026-07-24,36,0,710.58,117,979,10,0.858,0,0,1,0,0,0,1,1,1,0,missing_documents,Manual Review,2026-03-29,979,1
CLM-00128,PRD-00128,Consumer Electronics,NovaSound,NovaPods Max,SN-NOV-1801157,City Electronics Mall,INV-2024-41262,Battery not charging,Battery not charging: the problem appeared after the unit was dropped.,Accidental Drop,2024-09-14,2026-09-15,2026-01-12,2026-01-16,24,0,1194.74,489,242,4,0.597,0,0,1,0,0,1,1,1,0,0,excluded_damage,Invalid Claim,2024-09-14,242,1
CLM-00129,PRD-00129,Home Appliances,KitchenPro,AeroBreeze 1.5T,SN-KIT-9803055,City Electronics Mall,INV-2024-44720,Motor burnout,Motor burnout: the problem started without any external cause during normal use.,Manufacturing Defect,2024-02-08,2027-02-08,2026-08-28,2026-09-08,36,0,1072.99,943,153,11,0.64,1,0,1,1,0,1,0,0,1,0,possible_duplicate,Manual Review,2024-02-08,153,2
CLM-00130,PRD-00130,Consumer Electronics,ApexTech,ApexBook Pro 16,SN-APE-4784052,MegaMart Online,INV-2026-90005,Wi-Fi/Bluetooth failure,Wi-Fi/Bluetooth failure: the problem started without any external cause during normal use.,Manufacturing Defect,2026-05-17,2028-05-17,2026-06-08,2026-06-17,24,0,747.74,31,700,9,0.819,0,0,1,0,0,1,0,1,1,0,covered_defect,Valid Claim,2026-05-17,700,1
CLM-00131,PRD-00131,Home Appliances,KitchenPro,CleanCycle 8kg,SN-KIT-3915242,Metro Hardware Centre,INV-2026-69482,Thermostat failure,Thermostat failure: the problem appeared after the unit was dropped.,Accidental Drop,2026-02-23,2028-02-24,2026-07-06,2026-07-06,24,0,639.41,133,598,0,0.541,1,0,1,0,0,1,1,1,1,1,ambiguous_cause,Manual Review,2026-02-23,598,0
CLM-00132,PRD-00132,Consumer Electronics,VividDisplay,PixelWatch 3,SN-VIV-6021107,National Appliance Depot,INV-2024-61899,Speaker malfunction,Speaker malfunction: the problem appeared under heavy load.,Mechanical Stress,2024-08-20,2027-08-21,2026-08-04,2026-08-06,36,1,771.81,716,380,2,0.799,0,0,1,0,0,1,1,1,1,0,covered_defect,Valid Claim,2024-08-20,380,0
CLM-00133,PRD-00133,Home Appliances,KitchenPro,KitchenPro 30L,SN-KIT-1260995,National Appliance Depot,INV-2025-31674,PCB failure,PCB failure: the problem started without any external cause during normal use.,Manufacturing Defect,2025-05-07,2027-05-08,2026-03-22,2026-03-25,24,0,545.23,322,409,3,0.524,0,0,1,0,0,0,1,1,1,0,missing_documents,Manual Review,2025-05-07,409,1
CLM-00134,PRD-00134,Home Appliances,AeroBreeze,FrostGuard 450L,SN-AER-8202444,Industrial Supply Direct,INV-2024-30346,Motor burnout,Motor burnout: the problem developed gradually with regular use.,Normal Wear and Tear,2024-07-18,2027-07-19,2026-03-23,2026-03-25,36,0,1095.27,615,481,2,0.407,1,0,1,0,0,1,0,1,0,1,missing_documents,Manual Review,2024-07-18,481,2
CLM-00135,PRD-00135,Home Appliances,AeroBreeze,AeroBreeze 1.5T,SN-AER-8864589,City Electronics Mall,INV-2024-49117,Compressor failure,Compressor failure: the problem started without any external cause during normal use.,Manufacturing Defect,2024-06-06,2027-06-07,2026-05-02,2026-05-02,36,1,1455.94,695,401,0,0.873,1,0,1,0,0,1,1,1,1,1,covered_defect+noise,Invalid Claim,2024-06-06,401,0
CLM-00136,PRD-00136,Industrial Tools,HydraPower,IronForge Grinder 9,SN-HYD-7000427,Industrial Supply Direct,INV-2024-49571,Trigger switch failure,Trigger switch failure: the problem developed gradually with regular use.,Normal Wear and Tear,2024-11-26,2026-11-27,2026-09-03,2026-09-09,24,0,624.78,652,79,6,0.642,0,0,1,0,0,1,1,1,1,0,covered_defect,Valid Claim,2024-11-26,79,0
CLM-00137,PRD-00137,Consumer Electronics,ApexTech,ApexBook Pro 16,SN-APE-7040970,MegaMart Online,INV-2024-29520,Speaker malfunction,Speaker malfunction: the problem started without any external cause during normal use.,Manufacturing Defect,2024-10-06,2027-10-07,2026-05-07,2026-05-17,36,1,822.31,588,508,10,0.893,0,0,1,0,0,1,1,0,1,0,covered_defect,Valid Claim,2024-10-06,508,1
CLM-00138,PRD-00138,Consumer Electronics,NovaSound,PixelWatch 3,SN-NOV-7005120,MegaMart Online,INV-2025-61710,Battery not charging,Battery not charging: the problem started without any external cause during normal use.,Manufacturing Defect,2025-07-11,2027-07-12,2026-07-25,2026-07-25,24,0,728.97,379,352,0,0.717,1,0,1,0,0,1,1,1,0,1,covered_defect,Valid Claim,2025-07-11,352,1
CLM-00139,PRD-00139,Industrial Tools,HydraPower,HydraPower Jack 5T,SN-HYD-5795300,National Appliance Depot,INV-2024-43410,Chuck bearing failure,Chuck bearing failure: the problem developed gradually with regular use.,Normal Wear and Tear,2024-05-04,2026-05-05,2026-05-21,2026-05-23,24,0,439.35,749,-18,2,0.244,0,0,1,0,0,1,0,1,1,0,expired,Invalid Claim,2024-05-04,0,1
CLM-00140,PRD-00140,Consumer Electronics,ApexTech,NovaPhone 12,SN-APE-7116673,National Appliance Depot,INV-2024-16923,Battery not charging,Battery not charging: the problem started without any external cause during normal use.,Manufacturing Defect,2024-01-27,2027-01-27,2026-08-17,2026-08-20,36,1,373.93,936,160,3,0.782,0,0,1,0,0,1,1,1,1,0,covered_defect,Valid Claim,2024-01-27,160,0
CLM-00141,PRD-00141,Home Appliances,FrostGuard,CleanCycle 8kg,SN-FRO-9168210,Metro Hardware Centre,INV-2025-86481,Drum spin malfunction,Drum spin malfunction: the problem appeared after a power fluctuation.,Electrical Surge,2025-10-05,2028-10-05,2026-08-11,2026-08-12,36,0,868.35,311,785,1,0.497,0,0,1,0,0,0,1,1,0,0,missing_documents,Manual Review,2025-10-05,785,2
CLM-00142,PRD-00142,Industrial Tools,TorqueMax,VoltEdge Saw 18V,SN-TOR-8861748,Industrial Supply Direct,INV-2024-14132,Armature burnout,Armature burnout: the problem appeared after a power fluctuation.,Electrical Surge,2024-06-15,2027-06-16,2026-04-30,2026-05-22,36,0,1141.96,706,390,22,0.488,1,0,1,0,0,1,1,1,1,0,covered_defect,Valid Claim,2024-06-15,390,0
CLM-00143,PRD-00143,Consumer Electronics,VividDisplay,VividTab 11,SN-VIV-7664636,Industrial Supply Direct,INV-2023-83116,Screen flickering,Screen flickering: the problem appeared after a power fluctuation.,Electrical Surge,2023-03-26,2026-03-26,2026-03-14,2026-03-17,36,1,381.7,1087,9,3,0.347,0,0,1,0,0,1,0,1,1,0,ambiguous_cause,Manual Review,2023-03-26,9,1
CLM-00144,PRD-00144,Home Appliances,KitchenPro,AeroBreeze 1.5T,SN-KIT-3220789,National Appliance Depot,INV-2023-30006,Drum spin malfunction,Drum spin malfunction: the problem appeared under heavy load.,Mechanical Stress,2023-08-11,2027-08-11,2026-09-02,2026-09-07,48,1,384.23,1123,338,5,0.31,0,0,1,0,0,1,0,1,1,0,covered_defect,Valid Claim,2023-08-11,338,1
CLM-00145,PRD-00145,Home Appliances,AeroBreeze,FrostGuard 450L,SN-AER-9446246,Brand Flagship Store,INV-2025-25534,PCB failure,PCB failure: the problem appeared under heavy load.,Mechanical Stress,2025-09-22,2029-09-22,2026-08-18,2026-08-22,48,1,498.78,334,1127,4,0.576,0,0,0,0,0,1,1,1,1,0,serial_mismatch,Invalid Claim,2025-09-22,1127,0
CLM-00146,PRD-00146,Industrial Tools,TorqueMax,IronForge Grinder 9,SN-TOR-6159206,City Electronics Mall,INV-2024-10922,Armature burnout,Armature burnout: the problem appeared under heavy load.,Mechanical Stress,2024-12-19,2027-12-20,2026-03-27,2026-04-09,36,0,1157.34,476,620,13,0.52,0,0,0,0,0,1,1,1,1,0,serial_mismatch+noise,Manual Review,2024-12-19,620,0
CLM-00147,PRD-00147,Home Appliances,CleanCycle,KitchenPro 30L,SN-CLE-8381245,National Appliance Depot,INV-2023-94303,PCB failure,PCB failure: the problem developed gradually with regular use.,Normal Wear and Tear,2023-04-04,2026-04-04,2026-07-17,2026-07-19,36,0,1137.8,1202,-106,2,0.717,1,0,1,0,0,1,1,1,1,0,expired,Invalid Claim,2023-04-04,0,0
CLM-00148,PRD-00148,Consumer Electronics,VividDisplay,PixelWatch 3,SN-VIV-6454141,Brand Flagship Store,INV-2024-88095,Battery not charging,Battery not charging: the problem started without any external cause during normal use.,Manufacturing Defect,2024-11-23,2026-11-24,2026-08-30,2026-09-12,24,0,2030.57,658,73,13,0.394,2,0,1,0,0,1,1,1,1,1,repeat_repairs,Manual Review,2024-11-23,73,0
CLM-00149,PRD-00149,Consumer Electronics,VividDisplay,VividTab 11,SN-VIV-4370244,Industrial Supply Direct,INV-2025-18760,Motherboard failure,Motherboard failure: the problem developed gradually with regular use.,Normal Wear and Tear,2025-03-02,2028-03-02,2026-04-14,2026-04-19,36,1,332.19,413,683,5,0.308,1,0,1,0,0,1,1,0,1,1,covered_defect,Valid Claim,2025-03-02,683,1
CLM-00150,PRD-00150,Home Appliances,FrostGuard,KitchenPro 30L,SN-FRO-9165172,MegaMart Online,INV-2023-36362,Drum spin malfunction,Drum spin malfunction: the problem appeared under heavy load.,Mechanical Stress,2023-06-09,2026-06-09,2026-07-09,2026-07-12,36,0,166.97,1129,-33,3,0.854,2,0,1,0,0,1,1,0,1,1,expired,Invalid Claim,2023-06-09,0,1
CLM-00151,PRD-00151,Home Appliances,KitchenPro,KitchenPro 30L,SN-KIT-3860929,National Appliance Depot,INV-2025-12878,Drum spin malfunction,Drum spin malfunction: the problem started without any external cause during normal use.,Manufacturing Defect,2025-09-16,2027-09-17,2026-02-09,2026-02-15,24,0,1306.52,152,579,6,0.634,2,0,1,0,0,1,0,1,1,1,repeat_repairs,Manual Review,2025-09-16,579,1
CLM-00152,PRD-00152,Home Appliances,KitchenPro,CleanCycle 8kg,SN-KIT-6319904,National Appliance Depot,INV-2026-27413,Motor burnout,Motor burnout: the problem started without any external cause during normal use.,Manufacturing Defect,2026-01-11,2029-01-11,2026-01-29,2026-01-29,36,0,433.75,18,1078,0,0.727,0,0,1,0,0,0,1,1,0,0,missing_documents,Manual Review,2026-01-11,1078,2
CLM-00153,PRD-00153,Home Appliances,CleanCycle,KitchenPro 30L,SN-CLE-7416765,Industrial Supply Direct,INV-2025-38297,Motor burnout,Motor burnout: the problem appeared after contact with water.,Water Ingress,2025-06-30,2027-07-01,2025-05-27,2026-09-07,24,0,975.87,434,297,468,0.668,0,0,1,0,1,1,1,1,1,0,excluded_damage,Invalid Claim,2025-06-30,297,0
CLM-00154,PRD-00154,Industrial Tools,HydraPower,HydraPower Jack 5T,SN-HYD-9390579,MegaMart Online,INV-2024-43018,Seal failure,Seal failure: the problem appeared under heavy load.,Mechanical Stress,2024-04-27,2026-04-28,2026-05-07,2026-05-09,24,0,458.06,742,-11,2,0.93,0,0,1,0,0,1,1,1,1,0,grace_boundary,Manual Review,2024-04-27,0,0
CLM-00155,PRD-00155,Home Appliances,CleanCycle,KitchenPro 30L,SN-CLE-8466357,Brand Flagship Store,INV-2022-12200,Motor burnout,Motor burnout: the problem appeared after a power fluctuation.,Electrical Surge,2022-03-15,2025-03-15,2025-12-16,2026-01-03,36,0,263.65,1390,-294,18,0.387,1,0,1,0,0,1,1,1,1,1,expired,Invalid Claim,2022-03-15,0,0
CLM-00156,PRD-00156,Home Appliances,KitchenPro,AeroBreeze 1.5T,SN-KIT-8907691,Industrial Supply Direct,INV-2026-62737,Compressor failure,Compressor failure: the problem started without any external cause during normal use.,Manufacturing Defect,2026-04-19,2029-04-19,2026-08-29,2026-08-29,36,0,344.77,132,964,0,0.783,2,0,1,0,0,1,1,0,1,0,repeat_repairs,Manual Review,2026-04-19,964,1
CLM-00157,PRD-00157,Home Appliances,CleanCycle,AeroBreeze 1.5T,SN-CLE-5253489,National Appliance Depot,INV-2024-55617,PCB failure,PCB failure: the problem started without any external cause during normal use.,Manufacturing Defect,2024-09-24,2028-09-24,2026-05-09,2026-05-25,48,1,1257.69,608,853,16,0.697,0,0,1,0,0,0,1,1,1,0,missing_documents,Manual Review,2024-09-24,853,1
CLM-00158,PRD-00158,Consumer Electronics,PixelCraft,NovaPods Max,SN-PIX-5529656,National Appliance Depot,INV-2025-51555,Touch panel unresponsive,Touch panel unresponsive: the problem developed gradually with regular use.,Normal Wear and Tear,2025-12-25,2026-12-25,2026-02-05,2026-02-08,12,0,1116.99,45,320,3,0.531,0,0,1,0,0,1,1,0,1,0,covered_defect,Valid Claim,2025-12-25,320,1
CLM-00159,PRD-00159,Industrial Tools,HydraPower,TorqueMax HD Drill,SN-HYD-3249909,MegaMart Online,INV-2022-33387,Gearbox seizure,Gearbox seizure: the problem developed gradually with regular use.,Normal Wear and Tear,2022-08-17,2026-08-17,2026-07-25,2026-07-29,48,1,417.65,1442,19,4,0.451,1,0,1,0,0,1,1,1,0,0,covered_defect,Valid Claim,2022-08-17,19,1
CLM-00160,PRD-00160,Consumer Electronics,ApexTech,NovaPhone 12,SN-APE-7675861,Metro Hardware Centre,INV-2026-43670,Wi-Fi/Bluetooth failure,Wi-Fi/Bluetooth failure: the problem has no obvious cause.,Unknown / Not Sure,2026-06-29,2027-06-29,2026-08-11,2026-08-13,12,0,132.66,45,320,2,0.547,0,0,1,0,0,1,0,1,1,0,covered_defect,Valid Claim,2026-06-29,320,1
CLM-00161,PRD-00161,Industrial Tools,IronForge,IronForge Grinder 9,SN-IRO-4440385,National Appliance Depot,INV-2023-96837,Armature burnout,Armature burnout: the problem appeared under heavy load.,Mechanical Stress,2023-03-14,2026-03-14,2026-02-14,2026-03-13,36,0,399.99,1095,1,27,0.614,0,0,1,0,0,1,1,1,1,0,covered_defect,Valid Claim,2023-03-14,1,0
CLM-00162,PRD-00162,Consumer Electronics,NovaSound,NovaPods Max,SN-NOV-9416258,Industrial Supply Direct,INV-2025-72439,Wi-Fi/Bluetooth failure,Wi-Fi/Bluetooth failure: the problem started without any external cause during normal use.,Manufacturing Defect,2025-06-26,2026-06-26,2026-01-20,2026-01-30,12,0,1218.03,218,147,10,0.661,0,0,1,0,0,1,1,1,1,0,covered_defect,Valid Claim,2025-06-26,147,0
CLM-00163,PRD-00163,Consumer Electronics,VividDisplay,ApexBook Pro 16,SN-VIV-1426352,MegaMart Online,INV-2025-35793,Motherboard failure,Motherboard failure: the problem appeared after a power fluctuation.,Electrical Surge,2025-10-29,2026-10-29,2026-07-15,2026-07-19,12,0,573.22,263,102,4,0.535,0,0,1,0,0,1,1,1,1,0,ambiguous_cause,Manual Review,2025-10-29,102,0
CLM-00164,PRD-00164,Industrial Tools,TorqueMax,IronForge Grinder 9,SN-TOR-4761821,National Appliance Depot,INV-2025-58076,Seal failure,Seal failure: the problem has no obvious cause.,Unknown / Not Sure,2025-06-19,2029-06-19,2026-09-08,2026-09-14,48,1,1263.16,452,1009,6,0.459,0,0,1,0,0,1,1,1,1,0,ambiguous_cause,Manual Review,2025-06-19,1009,0
CLM-00165,PRD-00165,Consumer Electronics,VividDisplay,PixelWatch 3,SN-VIV-2516033,Metro Hardware Centre,INV-2026-29163,Touch panel unresponsive,Touch panel unresponsive: the problem started without any external cause during normal use.,Manufacturing Defect,2026-08-15,2028-08-15,2026-08-19,2026-09-09,24,0,434.37,25,706,21,0.856,1,0,1,0,0,1,1,1,1,1,covered_defect,Valid Claim,2026-08-15,706,0
CLM-00166,PRD-00166,Industrial Tools,IronForge,IronForge Grinder 9,SN-IRO-9175033,MegaMart Online,INV-2024-55259,Seal failure,Seal failure: the problem appeared under heavy load.,Mechanical Stress,2024-07-24,2026-07-25,2026-05-23,2026-06-02,24,0,625.9,678,53,10,0.559,0,0,1,0,0,1,1,1,1,0,covered_defect,Valid Claim,2024-07-24,53,0
CLM-00167,PRD-00167,Home Appliances,CleanCycle,KitchenPro 30L,SN-CLE-4437071,Metro Hardware Centre,INV-2025-58321,Compressor failure,Compressor failure: the problem appeared after a power fluctuation.,Electrical Surge,2025-05-28,2027-05-29,2026-01-08,2026-02-10,24,0,1104.81,258,473,33,0.124,1,0,1,0,0,1,0,1,0,0,missing_documents,Manual Review,2025-05-28,473,2
CLM-00168,PRD-00168,Home Appliances,KitchenPro,AeroBreeze 1.5T,SN-KIT-6389724,Metro Hardware Centre,INV-2023-47411,PCB failure,PCB failure: the problem started without any external cause during normal use.,Manufacturing Defect,2023-08-27,2026-08-27,2026-08-22,2026-08-31,36,0,400.02,1100,-4,9,0.648,1,0,1,0,0,1,1,1,1,1,grace_boundary,Manual Review,2023-08-27,0,0
CLM-00169,PRD-00169,Home Appliances,CleanCycle,FrostGuard 450L,SN-CLE-4159669,Industrial Supply Direct,INV-2024-83218,PCB failure,PCB failure: the problem developed gradually with regular use.,Normal Wear and Tear,2024-05-14,2026-05-15,2026-06-02,2026-06-03,24,0,289.19,750,-19,1,0.499,2,0,1,0,0,1,1,1,1,1,expired,Invalid Claim,2024-05-14,0,0
CLM-00170,PRD-00170,Home Appliances,AeroBreeze,AeroBreeze 1.5T,SN-AER-1843614,Brand Flagship Store,INV-2024-57125,Drum spin malfunction,Drum spin malfunction: the problem started without any external cause during normal use.,Manufacturing Defect,2024-05-29,2027-05-30,2026-09-19,2026-09-22,36,0,409.75,846,250,3,0.569,0,0,1,0,0,1,1,1,1,0,covered_defect,Valid Claim,2024-05-29,250,0
CLM-00171,PRD-00171,Industrial Tools,IronForge,VoltEdge Saw 18V,SN-IRO-8563908,City Electronics Mall,INV-2025-95378,Chuck bearing failure,Chuck bearing failure: the problem has no obvious cause.,Unknown / Not Sure,2025-01-19,2027-01-20,2026-04-27,2026-05-20,24,0,395.91,486,245,23,0.796,1,0,1,0,0,1,1,1,1,1,covered_defect,Valid Claim,2025-01-19,245,0
CLM-00172,PRD-00172,Industrial Tools,IronForge,IronForge Grinder 9,SN-IRO-8562179,Industrial Supply Direct,INV-2024-44660,Trigger switch failure,Trigger switch failure: the problem started without any external cause during normal use.,Manufacturing Defect,2024-06-20,2026-06-21,2026-05-27,2026-06-01,24,0,248.93,711,20,5,0.76,1,0,1,0,0,1,1,0,0,1,missing_documents,Manual Review,2024-06-20,20,2
CLM-00173,PRD-00173,Consumer Electronics,VividDisplay,ApexBook Pro 16,SN-VIV-7822788,Metro Hardware Centre,INV-2024-41906,Motherboard failure,Motherboard failure: the problem appeared after the unit was dropped.,Accidental Drop,2024-04-09,2026-04-10,2026-04-25,2026-04-25,24,0,1178.97,746,-15,0,0.592,1,0,1,0,0,1,1,1,1,0,expired,Invalid Claim,2024-04-09,0,0
CLM-00174,PRD-00174,Home Appliances,KitchenPro,KitchenPro 30L,SN-KIT-1697143,MegaMart Online,INV-2024-46656,Water pump leakage,Water pump leakage: the problem started without any external cause during normal use.,Manufacturing Defect,2024-02-23,2026-02-23,2026-05-20,2026-06-20,24,0,1058.4,848,-117,31,0.643,0,0,1,0,0,1,1,1,0,0,expired,Invalid Claim,2024-02-23,0,1
CLM-00175,PRD-00175,Home Appliances,FrostGuard,KitchenPro 30L,SN-FRO-4527433,City Electronics Mall,INV-2024-25520,Motor burnout,Motor burnout: the problem appeared under heavy load.,Mechanical Stress,2024-06-25,2026-06-26,2026-06-08,2026-06-15,24,0,778.33,720,11,7,0.732,0,0,1,0,0,1,0,1,1,0,covered_defect,Valid Claim,2024-06-25,11,1
CLM-00176,PRD-00176,Home Appliances,FrostGuard,AeroBreeze 1.5T,SN-FRO-1812736,City Electronics Mall,INV-2023-81382,Motor burnout,Motor burnout: the problem started without any external cause during normal use.,Manufacturing Defect,2023-10-11,2027-10-11,2025-12-19,2026-01-05,48,1,620.56,817,644,17,0.726,1,0,1,0,0,1,1,1,1,0,covered_defect,Valid Claim,2023-10-11,644,0
CLM-00177,PRD-00177,Home Appliances,FrostGuard,AeroBreeze 1.5T,SN-FRO-6537376,National Appliance Depot,INV-2025-16921,Drum spin malfunction,Drum spin malfunction: the problem developed gradually with regular use.,Normal Wear and Tear,2025-06-28,2029-06-28,2026-01-06,2026-01-10,48,1,847.13,196,1265,4,0.467,0,0,1,0,0,1,1,0,0,0,missing_documents,Manual Review,2025-06-28,1265,2
CLM-00178,PRD-00178,Home Appliances,FrostGuard,FrostGuard 450L,SN-FRO-9457278,Metro Hardware Centre,INV-2024-99039,PCB failure,PCB failure: the problem appeared after contact with water.,Water Ingress,2024-11-14,2027-11-15,2026-02-03,2026-02-05,36,0,235.48,448,648,2,0.717,0,0,1,0,0,1,1,1,1,0,excluded_damage,Invalid Claim,2024-11-14,648,0
CLM-00179,PRD-00179,Industrial Tools,TorqueMax,HydraPower Jack 5T,SN-TOR-1229864,Industrial Supply Direct,INV-2024-67136,Gearbox seizure,Gearbox seizure: the problem started without any external cause during normal use.,Manufacturing Defect,2024-03-01,2027-03-02,2026-07-27,2026-08-03,36,1,522.38,885,211,7,0.666,0,0,1,0,0,1,1,1,1,0,covered_defect,Valid Claim,2024-03-01,211,0
CLM-00180,PRD-00180,Industrial Tools,IronForge,HydraPower Jack 5T,SN-IRO-7047067,Metro Hardware Centre,INV-2026-94943,Chuck bearing failure,Chuck bearing failure: the problem appeared under heavy load.,Mechanical Stress,2026-01-06,2029-01-06,2026-05-27,2026-06-03,36,0,893.14,148,948,7,0.354,0,0,1,0,0,1,1,0,0,0,missing_documents,Manual Review,2026-01-06,948,2
CLM-00181,PRD-00181,Industrial Tools,TorqueMax,HydraPower Jack 5T,SN-TOR-1141028,National Appliance Depot,INV-2025-55000,Armature burnout,Armature burnout: the problem appeared under heavy load.,Mechanical Stress,2025-03-26,2027-03-27,2026-03-03,2026-03-08,24,0,653.48,347,384,5,0.419,1,0,1,0,0,1,1,1,1,0,covered_defect,Valid Claim,2025-03-26,384,0
CLM-00182,PRD-00182,Industrial Tools,HydraPower,IronForge Grinder 9,SN-HYD-2225915,MegaMart Online,INV-2022-92795,Chuck bearing failure,Chuck bearing failure: the problem appeared under heavy load.,Mechanical Stress,2022-12-21,2025-12-21,2026-06-14,2026-06-19,36,0,581.35,1276,-180,5,0.316,0,0,1,0,0,1,0,1,1,0,expired,Invalid Claim,2022-12-21,0,1
CLM-00183,PRD-00183,Industrial Tools,VoltEdge,VoltEdge Saw 18V,SN-VOL-5202946,Brand Flagship Store,INV-2025-39172,Gearbox seizure,Gearbox seizure: the problem developed gradually with regular use.,Normal Wear and Tear,2025-01-04,2028-01-05,2026-02-02,2026-02-16,36,0,513.56,408,688,14,0.246,0,0,1,0,0,1,1,1,1,0,covered_defect,Valid Claim,2025-01-04,688,0
CLM-00184,PRD-00184,Home Appliances,AeroBreeze,FrostGuard 450L,SN-AER-4621337,Brand Flagship Store,INV-2024-79088,Motor burnout,Motor burnout: the problem started without any external cause during normal use.,Manufacturing Defect,2024-08-24,2027-08-25,2026-04-01,2026-04-09,36,0,651.99,593,503,8,0.959,0,0,1,0,0,1,1,1,1,0,covered_defect,Valid Claim,2024-08-24,503,0
CLM-00185,PRD-00185,Consumer Electronics,ApexTech,NovaPhone 12,SN-APE-2677943,City Electronics Mall,INV-2025-31667,Screen flickering,Screen flickering: the problem started without any external cause during normal use.,Manufacturing Defect,2025-07-11,2026-07-11,2026-07-11,2026-07-12,12,0,628.17,366,-1,1,0.756,0,0,1,0,0,1,1,1,1,0,grace_boundary,Manual Review,2025-07-11,0,0
CLM-00186,PRD-00186,Consumer Electronics,VividDisplay,NovaPhone 12,SN-VIV-4095614,Industrial Supply Direct,INV-2023-40129,Wi-Fi/Bluetooth failure,Wi-Fi/Bluetooth failure: the problem appeared after contact with water.,Water Ingress,2023-10-21,2025-10-21,2026-05-25,2026-05-25,24,0,948.82,947,-216,0,0.484,1,0,1,0,0,1,1,1,1,1,expired,Invalid Claim,2023-10-21,0,0
CLM-00187,PRD-00187,Industrial Tools,TorqueMax,IronForge Grinder 9,SN-TOR-6374390,MegaMart Online,INV-2024-52084,Gearbox seizure,Gearbox seizure: the problem appeared under heavy load.,Mechanical Stress,2024-02-07,2026-02-07,2026-02-23,2026-02-23,24,0,640.04,747,-16,0,0.391,0,0,0,0,0,1,1,1,1,0,expired,Invalid Claim,2024-02-07,0,0
CLM-00188,PRD-00188,Industrial Tools,VoltEdge,VoltEdge Saw 18V,SN-VOL-7417126,City Electronics Mall,INV-2026-52517,Chuck bearing failure,Chuck bearing failure: the problem appeared under heavy load.,Mechanical Stress,2026-07-17,2030-07-17,2026-08-02,2026-08-03,48,1,599.3,17,1444,1,0.65,0,0,1,0,0,1,1,1,1,0,covered_defect,Valid Claim,2026-07-17,1444,0
CLM-00189,PRD-00189,Home Appliances,KitchenPro,FrostGuard 450L,SN-KIT-9252608,City Electronics Mall,INV-2023-54135,Water pump leakage,Water pump leakage: the problem developed gradually with regular use.,Normal Wear and Tear,2023-12-30,2025-12-30,2026-01-08,2026-01-11,24,0,396.1,743,-12,3,0.383,0,0,1,0,0,1,1,1,1,0,grace_boundary,Manual Review,2023-12-30,0,0
CLM-00190,PRD-00190,Industrial Tools,HydraPower,HydraPower Jack 5T,SN-HYD-2238217,MegaMart Online,INV-2022-33517,Armature burnout,Armature burnout: the problem appeared under heavy load.,Mechanical Stress,2022-08-31,2026-08-31,2026-08-27,2026-09-03,48,1,166.27,1464,-3,7,0.782,0,0,1,0,0,1,1,1,1,0,grace_boundary,Manual Review,2022-08-31,0,0
CLM-00191,PRD-00191,Home Appliances,AeroBreeze,KitchenPro 30L,SN-AER-6447198,Metro Hardware Centre,INV-2024-78424,Water pump leakage,Water pump leakage: the problem appeared after the unit was dropped.,Accidental Drop,2024-07-18,2026-07-19,2026-07-29,2026-08-04,24,0,716.71,747,-16,6,0.763,0,0,1,0,0,1,0,1,1,0,expired,Invalid Claim,2024-07-18,0,1
CLM-00192,PRD-00192,Industrial Tools,TorqueMax,IronForge Grinder 9,SN-TOR-9057351,City Electronics Mall,INV-2023-50150,Gearbox seizure,Gearbox seizure: the problem started without any external cause during normal use.,Manufacturing Defect,2023-05-12,2026-05-12,2026-06-25,2026-06-26,36,0,315.14,1141,-45,1,0.883,1,1,1,0,0,1,1,1,1,1,expired,Invalid Claim,2023-05-12,0,0
CLM-00193,PRD-00193,Industrial Tools,VoltEdge,HydraPower Jack 5T,SN-VOL-1911122,MegaMart Online,INV-2025-19681,Gearbox seizure,Gearbox seizure: the problem has no obvious cause.,Unknown / Not Sure,2025-01-08,2029-01-08,2026-01-28,2026-02-11,48,1,1073.35,399,1062,14,0.228,1,0,1,0,0,1,1,1,1,1,ambiguous_cause,Manual Review,2025-01-08,1062,0
CLM-00194,PRD-00194,Consumer Electronics,PixelCraft,ApexBook Pro 16,SN-PIX-3292850,National Appliance Depot,INV-2026-92866,Motherboard failure,Motherboard failure: the problem has no obvious cause.,Unknown / Not Sure,2026-01-16,2028-01-17,2026-02-20,2026-03-04,24,0,638.57,47,684,12,0.857,0,0,1,0,0,1,1,1,1,0,covered_defect+noise,Manual Review,2026-01-16,684,0
CLM-00195,PRD-00195,Consumer Electronics,ApexTech,NovaPods Max,SN-APE-2159037,MegaMart Online,INV-2024-54527,Speaker malfunction,Speaker malfunction: the problem developed gradually with regular use.,Normal Wear and Tear,2024-09-05,2025-09-05,2026-04-21,2026-05-07,12,0,1016.34,609,-244,16,0.738,1,0,1,0,0,1,1,1,0,1,expired,Invalid Claim,2024-09-05,0,1
CLM-00196,PRD-00196,Industrial Tools,VoltEdge,TorqueMax HD Drill,SN-VOL-3706859,City Electronics Mall,INV-2023-63731,Armature burnout,Armature burnout: the problem started without any external cause during normal use.,Manufacturing Defect,2023-11-06,2026-11-06,2026-06-14,2026-06-14,36,0,456.14,951,145,0,0.679,0,0,1,0,0,1,0,1,1,0,covered_defect,Valid Claim,2023-11-06,145,1
CLM-00197,PRD-00197,Industrial Tools,HydraPower,IronForge Grinder 9,SN-HYD-8740540,Metro Hardware Centre,INV-2022-55568,Seal failure,Seal failure: the problem developed gradually with regular use.,Normal Wear and Tear,2022-06-13,2025-06-13,2026-04-22,2026-05-07,36,0,620.97,1424,-328,15,0.125,1,0,1,1,0,1,1,1,1,1,expired,Invalid Claim,2022-06-13,0,0
CLM-00198,PRD-00198,Home Appliances,AeroBreeze,KitchenPro 30L,SN-AER-9682201,MegaMart Online,INV-2025-54698,PCB failure,PCB failure: the problem appeared under heavy load.,Mechanical Stress,2025-02-06,2027-02-07,2026-06-13,2026-06-20,24,0,511.55,499,232,7,0.59,1,0,1,0,0,1,0,1,1,1,covered_defect,Valid Claim,2025-02-06,232,1
CLM-00199,PRD-00199,Home Appliances,CleanCycle,AeroBreeze 1.5T,SN-CLE-2391379,MegaMart Online,INV-2022-70932,Water pump leakage,Water pump leakage: the problem started without any external cause during normal use.,Manufacturing Defect,2022-07-16,2025-07-16,2026-04-11,2026-04-11,36,1,2282.79,1365,-269,0,0.929,0,0,1,0,0,1,1,1,1,0,expired,Invalid Claim,2022-07-16,0,0
CLM-00200,PRD-00200,Industrial Tools,IronForge,TorqueMax HD Drill,SN-IRO-1110878,Brand Flagship Store,INV-2023-97123,Chuck bearing failure,Chuck bearing failure: the problem started without any external cause during normal use.,Manufacturing Defect,2023-09-24,2026-09-24,2026-06-26,2026-07-02,36,0,641.31,1012,84,6,0.717,1,0,1,0,0,1,1,1,0,1,covered_defect,Valid Claim,2023-09-24,84,1
CLM-00201,PRD-00201,Home Appliances,KitchenPro,AeroBreeze 1.5T,SN-KIT-5856187,Metro Hardware Centre,INV-2026-18357,Motor burnout,Motor burnout: the problem appeared after contact with water.,Water Ingress,2026-04-01,2029-04-01,2026-05-11,2026-05-23,36,0,1438.0,52,1044,12,0.376,1,1,1,0,0,1,1,1,0,0,unauthorized_repair,Invalid Claim,2026-04-01,1044,1
CLM-00202,PRD-00202,Industrial Tools,IronForge,HydraPower Jack 5T,SN-IRO-6337974,Brand Flagship Store,INV-2021-37022,Trigger switch failure,Trigger switch failure: the problem appeared under heavy load.,Mechanical Stress,2021-12-01,2025-12-01,2026-05-16,2026-05-22,48,1,238.18,1633,-172,6,0.194,2,0,1,0,0,1,1,1,1,0,expired,Invalid Claim,2021-12-01,0,0
CLM-00203,PRD-00203,Home Appliances,CleanCycle,AeroBreeze 1.5T,SN-CLE-2558961,City Electronics Mall,INV-2024-53429,Compressor failure,Compressor failure: the problem started without any external cause during normal use.,Manufacturing Defect,2024-06-03,2027-06-04,2026-03-27,2026-03-28,36,0,911.48,663,433,1,0.842,1,0,1,0,0,1,1,1,1,1,covered_defect,Valid Claim,2024-06-03,433,0
CLM-00204,PRD-00204,Home Appliances,CleanCycle,AeroBreeze 1.5T,SN-CLE-5843293,Industrial Supply Direct,INV-2024-44834,Thermostat failure,Thermostat failure: the problem developed gradually with regular use.,Normal Wear and Tear,2024-12-03,2027-12-04,2026-04-15,2026-04-20,36,0,529.91,503,593,5,0.454,0,0,1,0,0,1,1,1,1,0,covered_defect,Valid Claim,2024-12-03,593,0
CLM-00205,PRD-00205,Consumer Electronics,ApexTech,NovaPods Max,SN-APE-2852412,Industrial Supply Direct,INV-2024-77840,Battery not charging,Battery not charging: the problem started without any external cause during normal use.,Manufacturing Defect,2024-08-22,2026-08-23,2024-08-11,2026-08-17,24,0,630.74,725,6,736,0.855,0,0,1,0,1,1,1,1,1,0,contradiction,Manual Review,2024-08-22,6,0
CLM-00206,PRD-00206,Industrial Tools,IronForge,VoltEdge Saw 18V,SN-IRO-1057630,Brand Flagship Store,INV-2025-12981,Trigger switch failure,Trigger switch failure: the problem has no obvious cause.,Unknown / Not Sure,2025-10-19,2028-10-19,2026-05-15,2026-07-08,36,0,1086.88,262,834,54,0.536,0,0,1,0,0,1,1,1,1,0,late_reporting,Invalid Claim,2025-10-19,834,0
CLM-00207,PRD-00207,Home Appliances,KitchenPro,AeroBreeze 1.5T,SN-KIT-5490364,MegaMart Online,INV-2024-30124,Thermostat failure,Thermostat failure: the problem developed gradually with regular use.,Normal Wear and Tear,2024-07-13,2028-07-13,2026-05-01,2026-05-06,48,1,621.33,662,799,5,0.7,0,0,1,0,0,1,1,1,1,0,covered_defect,Valid Claim,2024-07-13,799,0
CLM-00208,PRD-00208,Industrial Tools,TorqueMax,TorqueMax HD Drill,SN-TOR-3668363,Metro Hardware Centre,INV-2025-38987,Gearbox seizure,Gearbox seizure: the problem appeared after the unit was dropped.,Accidental Drop,2025-10-09,2027-10-10,2026-03-18,2026-03-31,24,0,873.6,173,558,13,0.545,1,1,1,0,0,1,1,1,1,0,unauthorized_repair,Invalid Claim,2025-10-09,558,0
CLM-00209,PRD-00209,Consumer Electronics,ApexTech,NovaPods Max,SN-APE-4075741,Metro Hardware Centre,INV-2024-67375,Speaker malfunction,Speaker malfunction: the problem started without any external cause during normal use.,Manufacturing Defect,2024-09-10,2026-09-11,2026-01-02,2026-01-03,24,0,1751.1,480,251,1,0.665,0,0,1,0,0,1,1,1,0,0,covered_defect,Valid Claim,2024-09-10,251,1
CLM-00210,PRD-00210,Consumer Electronics,VividDisplay,NovaPods Max,SN-VIV-8837901,National Appliance Depot,INV-2025-35059,Touch panel unresponsive,Touch panel unresponsive: the problem appeared after contact with water.,Water Ingress,2025-08-25,2026-08-25,2026-02-20,2026-02-24,12,0,401.52,183,182,4,0.373,0,0,1,0,0,1,1,1,1,0,ambiguous_cause+noise,Invalid Claim,2025-08-25,182,0
CLM-00211,PRD-00211,Home Appliances,CleanCycle,FrostGuard 450L,SN-CLE-3694332,City Electronics Mall,INV-2025-71405,Motor burnout,Motor burnout: the problem appeared under heavy load.,Mechanical Stress,2025-06-08,2028-06-08,2026-02-19,2026-02-28,36,1,1480.35,265,831,9,0.457,0,0,1,0,0,1,1,1,0,0,covered_defect,Valid Claim,2025-06-08,831,1
CLM-00212,PRD-00212,Industrial Tools,VoltEdge,TorqueMax HD Drill,SN-VOL-2306017,City Electronics Mall,INV-2024-44496,Seal failure,Seal failure: the problem developed gradually with regular use.,Normal Wear and Tear,2024-10-05,2027-10-06,2026-07-28,2026-08-10,36,0,496.08,674,422,13,0.524,0,0,1,1,0,1,0,1,1,0,possible_duplicate,Manual Review,2024-10-05,422,1
CLM-00213,PRD-00213,Consumer Electronics,PixelCraft,PixelWatch 3,SN-PIX-7165213,Metro Hardware Centre,INV-2025-93553,Speaker malfunction,Speaker malfunction: the problem appeared after contact with water.,Water Ingress,2025-05-24,2026-05-24,2026-06-04,2026-06-04,12,0,534.05,376,-11,0,0.335,0,0,1,0,0,1,1,1,0,0,expired,Invalid Claim,2025-05-24,0,1
CLM-00214,PRD-00214,Home Appliances,KitchenPro,AeroBreeze 1.5T,SN-KIT-2113334,City Electronics Mall,INV-2025-76575,PCB failure,PCB failure: the problem started without any external cause during normal use.,Manufacturing Defect,2025-04-03,2027-04-04,2026-05-17,2026-05-23,24,0,881.26,415,316,6,0.456,2,0,1,0,0,1,1,1,1,1,repeat_repairs,Manual Review,2025-04-03,316,0
CLM-00215,PRD-00215,Industrial Tools,IronForge,TorqueMax HD Drill,SN-IRO-3676290,City Electronics Mall,INV-2022-41746,Seal failure,Seal failure: the problem developed gradually with regular use.,Normal Wear and Tear,2022-07-03,2026-07-03,2026-06-29,2026-07-03,48,1,514.46,1461,0,4,0.846,1,0,1,0,0,1,1,1,1,0,covered_defect,Valid Claim,2022-07-03,0,0
CLM-00216,PRD-00216,Consumer Electronics,PixelCraft,ApexBook Pro 16,SN-PIX-2433461,Industrial Supply Direct,INV-2025-57004,Touch panel unresponsive,Touch panel unresponsive: the problem started without any external cause during normal use.,Manufacturing Defect,2025-09-02,2026-09-02,2026-02-04,2026-02-13,12,0,387.34,164,201,9,0.749,0,0,1,0,0,1,1,1,1,0,covered_defect,Valid Claim,2025-09-02,201,0
CLM-00217,PRD-00217,Industrial Tools,VoltEdge,VoltEdge Saw 18V,SN-VOL-5065064,MegaMart Online,INV-2026-75043,Trigger switch failure,Trigger switch failure: the problem has no obvious cause.,Unknown / Not Sure,2026-01-20,2028-01-21,2026-06-20,2026-06-27,24,0,352.68,158,573,7,0.376,0,0,1,0,0,1,1,1,1,0,ambiguous_cause,Manual Review,2026-01-20,573,0
CLM-00218,PRD-00218,Consumer Electronics,VividDisplay,PixelWatch 3,SN-VIV-9740672,Metro Hardware Centre,INV-2025-60656,Battery not charging,Battery not charging: the problem appeared under heavy load.,Mechanical Stress,2025-09-22,2026-09-22,2026-08-08,2026-08-11,12,0,1334.37,323,42,3,0.484,0,0,1,0,0,1,1,1,1,0,covered_defect,Valid Claim,2025-09-22,42,0
CLM-00219,PRD-00219,Industrial Tools,VoltEdge,HydraPower Jack 5T,SN-VOL-6985888,Brand Flagship Store,INV-2024-90505,Gearbox seizure,Gearbox seizure: the problem has no obvious cause.,Unknown / Not Sure,2024-02-14,2026-02-14,2026-02-16,2026-02-18,24,0,420.77,735,-4,2,0.655,1,0,1,0,0,1,1,1,1,1,grace_boundary,Manual Review,2024-02-14,0,0
CLM-00220,PRD-00220,Consumer Electronics,ApexTech,VividTab 11,SN-APE-8787011,MegaMart Online,INV-2025-78003,Battery not charging,Battery not charging: the problem started without any external cause during normal use.,Manufacturing Defect,2025-07-22,2027-07-23,2026-07-19,2026-07-21,24,1,416.89,364,367,2,0.65,0,0,1,0,0,1,1,1,1,0,covered_defect,Valid Claim,2025-07-22,367,0
CLM-00221,PRD-00221,Consumer Electronics,NovaSound,PixelWatch 3,SN-NOV-4325039,MegaMart Online,INV-2024-69878,Wi-Fi/Bluetooth failure,Wi-Fi/Bluetooth failure: the problem developed gradually with regular use.,Normal Wear and Tear,2024-09-21,2026-09-22,2026-08-25,2026-09-03,24,0,1447.83,712,19,9,0.124,2,0,1,0,0,1,1,1,1,1,repeat_repairs,Manual Review,2024-09-21,19,0
CLM-00222,PRD-00222,Home Appliances,CleanCycle,FrostGuard 450L,SN-CLE-7628907,Metro Hardware Centre,INV-2024-19855,PCB failure,PCB failure: the problem started without any external cause during normal use.,Manufacturing Defect,2024-12-31,2028-01-01,2026-07-17,2026-07-20,36,0,508.74,566,530,3,0.755,1,1,1,0,0,1,1,1,1,1,unauthorized_repair,Invalid Claim,2024-12-31,530,0
CLM-00223,PRD-00223,Home Appliances,FrostGuard,AeroBreeze 1.5T,SN-FRO-7652101,Industrial Supply Direct,INV-2026-55667,Drum spin malfunction,Drum spin malfunction: the problem appeared after a power fluctuation.,Electrical Surge,2026-07-04,2028-07-04,2026-09-10,2026-09-12,24,0,783.35,70,661,2,0.596,1,1,1,0,0,1,1,1,1,1,unauthorized_repair,Invalid Claim,2026-07-04,661,0
CLM-00224,PRD-00224,Home Appliances,AeroBreeze,CleanCycle 8kg,SN-AER-4092812,National Appliance Depot,INV-2024-50747,Thermostat failure,Thermostat failure: the problem started without any external cause during normal use.,Manufacturing Defect,2024-05-28,2027-05-29,2025-12-18,2026-01-15,36,0,576.75,597,499,28,0.804,0,0,0,0,0,1,1,1,1,0,serial_mismatch,Invalid Claim,2024-05-28,499,0
CLM-00225,PRD-00225,Consumer Electronics,PixelCraft,PixelWatch 3,SN-PIX-8345737,City Electronics Mall,INV-2025-77553,Battery not charging,Battery not charging: the problem developed gradually with regular use.,Normal Wear and Tear,2025-04-22,2027-04-23,2026-08-21,2026-09-02,24,1,1689.34,498,233,12,0.265,0,0,1,0,0,1,1,1,1,0,covered_defect,Valid Claim,2025-04-22,233,0
CLM-00226,PRD-00226,Consumer Electronics,ApexTech,ApexBook Pro 16,SN-APE-1995561,National Appliance Depot,INV-2026-77844,Wi-Fi/Bluetooth failure,Wi-Fi/Bluetooth failure: the problem started without any external cause during normal use.,Manufacturing Defect,2026-03-21,2027-03-21,2026-08-23,2026-08-23,12,0,563.92,155,210,0,0.654,1,0,1,0,0,1,1,1,0,0,covered_defect,Valid Claim,2026-03-21,210,1
CLM-00227,PRD-00227,Industrial Tools,HydraPower,HydraPower Jack 5T,SN-HYD-7481943,National Appliance Depot,INV-2024-67738,Seal failure,Seal failure: the problem has no obvious cause.,Unknown / Not Sure,2024-04-18,2027-04-19,2026-01-03,2026-01-16,36,0,410.08,638,458,13,0.555,0,0,1,0,0,1,1,1,1,0,covered_defect,Valid Claim,2024-04-18,458,0
CLM-00228,PRD-00228,Industrial Tools,VoltEdge,TorqueMax HD Drill,SN-VOL-4348033,Metro Hardware Centre,INV-2026-61824,Trigger switch failure,Trigger switch failure: the problem appeared after a power fluctuation.,Electrical Surge,2026-02-28,2030-02-28,2026-03-18,2026-03-18,48,1,312.46,18,1443,0,0.799,0,0,1,0,0,1,1,1,0,0,covered_defect,Valid Claim,2026-02-28,1443,1
CLM-00229,PRD-00229,Home Appliances,CleanCycle,CleanCycle 8kg,SN-CLE-9091034,Brand Flagship Store,INV-2023-99191,PCB failure,PCB failure: the problem started without any external cause during normal use.,Manufacturing Defect,2023-08-04,2026-08-04,2026-03-05,2026-03-11,36,0,514.58,950,146,6,0.877,0,0,1,0,0,0,1,1,0,0,missing_documents,Manual Review,2023-08-04,146,2
CLM-00230,PRD-00230,Industrial Tools,HydraPower,VoltEdge Saw 18V,SN-HYD-2601291,MegaMart Online,INV-2025-18304,Chuck bearing failure,Chuck bearing failure: the problem appeared after the unit was dropped.,Accidental Drop,2025-12-19,2028-12-19,2026-02-08,2026-02-09,36,1,456.27,52,1044,1,0.172,0,0,1,0,0,1,1,1,0,0,ambiguous_cause,Manual Review,2025-12-19,1044,1
CLM-00231,PRD-00231,Industrial Tools,HydraPower,IronForge Grinder 9,SN-HYD-9439046,Brand Flagship Store,INV-2023-90503,Chuck bearing failure,Chuck bearing failure: the problem has no obvious cause.,Unknown / Not Sure,2023-04-24,2026-04-24,2026-02-28,2026-03-04,36,0,932.92,1045,51,4,0.513,0,0,0,0,0,0,0,1,1,0,missing_documents,Manual Review,2023-04-24,51,2
CLM-00232,PRD-00232,Industrial Tools,VoltEdge,TorqueMax HD Drill,SN-VOL-6444765,National Appliance Depot,INV-2024-90188,Armature burnout,Armature burnout: the problem appeared under heavy load.,Mechanical Stress,2024-06-27,2027-06-28,2025-12-28,2026-01-04,36,1,341.48,556,540,7,0.781,0,0,1,0,0,1,1,1,1,0,covered_defect,Valid Claim,2024-06-27,540,0
CLM-00233,PRD-00233,Home Appliances,CleanCycle,FrostGuard 450L,SN-CLE-6428008,Industrial Supply Direct,INV-2023-28491,Compressor failure,Compressor failure: the problem appeared under heavy load.,Mechanical Stress,2023-04-01,2025-04-01,2025-12-27,2026-01-05,24,0,806.8,1010,-279,9,0.641,0,0,0,0,0,0,1,1,1,0,expired,Invalid Claim,2023-04-01,0,1
CLM-00234,PRD-00234,Consumer Electronics,VividDisplay,PixelWatch 3,SN-VIV-7899013,City Electronics Mall,INV-2025-11581,Screen flickering,Screen flickering: the problem has no obvious cause.,Unknown / Not Sure,2025-11-22,2027-11-23,2026-03-11,2026-03-16,24,0,801.63,114,617,5,0.741,0,0,1,0,0,1,1,1,1,0,covered_defect+noise,Manual Review,2025-11-22,617,0
CLM-00235,PRD-00235,Consumer Electronics,VividDisplay,VividTab 11,SN-VIV-9653705,MegaMart Online,INV-2026-47515,Motherboard failure,Motherboard failure: the problem appeared after the unit was dropped.,Accidental Drop,2026-01-22,2027-01-22,2026-01-05,2026-07-03,12,0,307.26,162,203,179,0.352,2,0,1,0,1,1,0,1,1,1,contradiction,Manual Review,2026-01-22,203,1
CLM-00236,PRD-00236,Consumer Electronics,VividDisplay,NovaPhone 12,SN-VIV-8157910,MegaMart Online,INV-2024-30546,Speaker malfunction,Speaker malfunction: the problem appeared after a power fluctuation.,Electrical Surge,2024-05-18,2026-05-19,2026-05-20,2026-05-20,24,0,377.91,732,-1,0,0.493,0,0,1,0,0,1,1,1,1,0,grace_boundary,Manual Review,2024-05-18,0,0
CLM-00237,PRD-00237,Consumer Electronics,VividDisplay,PixelWatch 3,SN-VIV-3239775,National Appliance Depot,INV-2025-57859,Screen flickering,Screen flickering: the problem appeared after contact with water.,Water Ingress,2025-09-13,2026-09-13,2026-03-14,2026-04-03,12,0,303.98,202,163,20,0.365,1,0,1,0,0,1,1,1,1,1,ambiguous_cause,Manual Review,2025-09-13,163,0
CLM-00238,PRD-00238,Consumer Electronics,ApexTech,PixelWatch 3,SN-APE-4132115,Metro Hardware Centre,INV-2024-64295,Battery not charging,Battery not charging: the problem appeared after the unit was dropped.,Accidental Drop,2024-10-27,2026-10-28,2026-02-05,2026-02-07,24,0,775.71,468,263,2,0.598,2,0,1,0,0,1,0,1,1,0,excluded_damage+noise,Manual Review,2024-10-27,263,1
CLM-00239,PRD-00239,Home Appliances,AeroBreeze,FrostGuard 450L,SN-AER-5897466,Metro Hardware Centre,INV-2024-33183,Motor burnout,Motor burnout: the problem started without any external cause during normal use.,Manufacturing Defect,2024-09-03,2026-09-04,2024-08-26,2026-07-31,24,0,425.8,696,35,704,0.788,0,0,1,0,1,1,1,1,0,0,contradiction,Manual Review,2024-09-03,35,1
CLM-00240,PRD-00240,Consumer Electronics,PixelCraft,NovaPhone 12,SN-PIX-6140475,MegaMart Online,INV-2026-47293,Battery not charging,Battery not charging: the problem appeared after a power fluctuation.,Electrical Surge,2026-04-14,2028-04-14,2026-07-08,2026-07-08,24,0,410.31,85,646,0,0.473,0,0,1,0,0,0,1,1,1,0,missing_documents,Manual Review,2026-04-14,646,1
CLM-00241,PRD-00241,Home Appliances,CleanCycle,CleanCycle 8kg,SN-CLE-7352021,Industrial Supply Direct,INV-2022-29687,Water pump leakage,Water pump leakage: the problem appeared under heavy load.,Mechanical Stress,2022-01-23,2025-01-23,2026-02-10,2026-02-12,36,1,736.28,1481,-385,2,0.646,3,0,1,0,0,1,1,1,1,1,expired,Invalid Claim,2022-01-23,0,0
CLM-00242,PRD-00242,Consumer Electronics,PixelCraft,NovaPhone 12,SN-PIX-7713498,Metro Hardware Centre,INV-2025-71361,Wi-Fi/Bluetooth failure,Wi-Fi/Bluetooth failure: the problem appeared after a power fluctuation.,Electrical Surge,2025-09-25,2026-09-25,2026-04-18,2026-04-22,12,0,327.57,209,156,4,0.356,1,0,1,0,0,1,1,0,1,1,ambiguous_cause,Manual Review,2025-09-25,156,1
CLM-00243,PRD-00243,Consumer Electronics,ApexTech,VividTab 11,SN-APE-2674719,Industrial Supply Direct,INV-2025-64467,Screen flickering,Screen flickering: the problem appeared after contact with water.,Water Ingress,2025-05-17,2026-05-17,2025-12-28,2026-01-08,12,0,453.11,236,129,11,0.631,0,0,1,0,0,1,1,1,1,0,excluded_damage,Invalid Claim,2025-05-17,129,0
CLM-00244,PRD-00244,Consumer Electronics,ApexTech,NovaPhone 12,SN-APE-7463346,Metro Hardware Centre,INV-2025-31904,Speaker malfunction,Speaker malfunction: the problem developed gradually with regular use.,Normal Wear and Tear,2025-03-07,2026-03-07,2026-02-27,2026-03-08,12,0,905.56,366,-1,9,0.837,1,0,1,1,0,1,1,1,1,0,grace_boundary+noise,Valid Claim,2025-03-07,0,0
CLM-00245,PRD-00245,Consumer Electronics,PixelCraft,NovaPhone 12,SN-PIX-2247224,Metro Hardware Centre,INV-2025-48554,Motherboard failure,Motherboard failure: the problem developed gradually with regular use.,Normal Wear and Tear,2025-01-10,2026-01-10,2026-08-07,2026-08-07,12,0,734.84,574,-209,0,0.969,0,0,1,0,0,1,1,1,1,0,expired,Invalid Claim,2025-01-10,0,0
CLM-00246,PRD-00246,Consumer Electronics,ApexTech,VividTab 11,SN-APE-2698409,MegaMart Online,INV-2024-86546,Speaker malfunction,Speaker malfunction: the problem started without any external cause during normal use.,Manufacturing Defect,2024-02-06,2025-02-05,2026-03-01,2026-03-06,12,0,292.76,759,-394,5,0.511,0,0,1,0,0,1,1,1,1,0,expired,Invalid Claim,2024-02-06,0,0
CLM-00247,PRD-00247,Home Appliances,FrostGuard,FrostGuard 450L,SN-FRO-6369506,City Electronics Mall,INV-2024-52536,Drum spin malfunction,Drum spin malfunction: the problem appeared under heavy load.,Mechanical Stress,2024-10-28,2026-10-29,2026-02-04,2026-02-14,24,0,602.15,474,257,10,0.507,3,0,1,0,0,1,1,1,1,1,repeat_repairs,Manual Review,2024-10-28,257,0
CLM-00248,PRD-00248,Consumer Electronics,VividDisplay,PixelWatch 3,SN-VIV-9814767,Brand Flagship Store,INV-2024-38436,Speaker malfunction,Speaker malfunction: the problem started without any external cause during normal use.,Manufacturing Defect,2024-06-20,2026-06-21,2026-06-21,2026-06-23,24,0,393.66,733,-2,2,0.822,1,0,1,0,0,1,1,1,1,1,grace_boundary,Manual Review,2024-06-20,0,0
CLM-00249,PRD-00249,Consumer Electronics,VividDisplay,VividTab 11,SN-VIV-9314089,National Appliance Depot,INV-2026-12309,Wi-Fi/Bluetooth failure,Wi-Fi/Bluetooth failure: the problem appeared after contact with water.,Water Ingress,2026-01-08,2028-01-09,2026-02-07,2026-02-09,24,0,451.2,32,699,2,0.535,0,0,1,0,0,1,1,1,1,0,ambiguous_cause,Manual Review,2026-01-08,699,0
CLM-00250,PRD-00250,Industrial Tools,VoltEdge,IronForge Grinder 9,SN-VOL-5576884,Metro Hardware Centre,INV-2025-16767,Seal failure,Seal failure: the problem started without any external cause during normal use.,Manufacturing Defect,2025-09-26,2028-09-26,2026-08-14,2026-09-22,36,0,449.46,361,735,39,0.615,0,0,1,0,0,1,0,1,1,0,late_reporting,Invalid Claim,2025-09-26,735,1
CLM-00251,PRD-00251,Consumer Electronics,PixelCraft,VividTab 11,SN-PIX-8037312,National Appliance Depot,INV-2023-50444,Battery not charging,Battery not charging: the problem started without any external cause during normal use.,Manufacturing Defect,2023-11-30,2025-11-30,2023-11-07,2026-03-12,24,0,591.24,833,-102,856,0.889,1,0,1,0,1,1,0,1,1,1,expired+noise,Manual Review,2023-11-30,0,1
CLM-00252,PRD-00252,Home Appliances,AeroBreeze,AeroBreeze 1.5T,SN-AER-2220312,Industrial Supply Direct,INV-2025-39676,Drum spin malfunction,Drum spin malfunction: the problem started without any external cause during normal use.,Manufacturing Defect,2025-01-08,2028-01-09,2026-03-19,2026-03-26,36,0,472.19,442,654,7,0.453,0,0,1,0,0,1,1,1,0,0,covered_defect,Valid Claim,2025-01-08,654,1
CLM-00253,PRD-00253,Consumer Electronics,NovaSound,PixelWatch 3,SN-NOV-3785068,Metro Hardware Centre,INV-2025-91890,Screen flickering,Screen flickering: the problem appeared under heavy load.,Mechanical Stress,2025-03-17,2026-03-17,2025-02-08,2026-03-11,12,0,748.75,359,6,396,0.464,1,0,1,0,1,1,1,1,1,0,contradiction,Manual Review,2025-03-17,6,0
CLM-00254,PRD-00254,Home Appliances,KitchenPro,CleanCycle 8kg,SN-KIT-7193246,MegaMart Online,INV-2024-34401,Compressor failure,Compressor failure: the problem developed gradually with regular use.,Normal Wear and Tear,2024-05-10,2026-05-11,2024-04-09,2026-06-22,24,0,899.8,773,-42,804,0.558,0,0,1,0,1,1,1,0,1,0,expired,Invalid Claim,2024-05-10,0,1
CLM-00255,PRD-00255,Industrial Tools,TorqueMax,TorqueMax HD Drill,SN-TOR-7990197,National Appliance Depot,INV-2024-23315,Trigger switch failure,Trigger switch failure: the problem has no obvious cause.,Unknown / Not Sure,2024-03-27,2027-03-28,2024-03-23,2026-05-06,36,0,483.74,770,326,774,0.405,0,0,1,0,1,1,1,0,0,0,contradiction,Manual Review,2024-03-27,326,2
CLM-00256,PRD-00256,Home Appliances,KitchenPro,CleanCycle 8kg,SN-KIT-4356433,Metro Hardware Centre,INV-2021-36042,Drum spin malfunction,Drum spin malfunction: the problem started without any external cause during normal use.,Manufacturing Defect,2021-07-12,2025-07-12,2026-03-23,2026-04-23,48,1,665.92,1746,-285,31,0.639,2,0,1,0,0,1,1,1,1,1,expired,Invalid Claim,2021-07-12,0,0
CLM-00257,PRD-00257,Home Appliances,AeroBreeze,AeroBreeze 1.5T,SN-AER-5573367,Brand Flagship Store,INV-2023-26813,PCB failure,PCB failure: the problem developed gradually with regular use.,Normal Wear and Tear,2023-05-02,2026-05-02,2026-04-01,2026-04-12,36,0,887.54,1076,20,11,0.756,1,0,1,0,0,1,1,1,1,0,covered_defect,Valid Claim,2023-05-02,20,0
CLM-00258,PRD-00258,Industrial Tools,IronForge,HydraPower Jack 5T,SN-IRO-3378944,Metro Hardware Centre,INV-2024-64774,Trigger switch failure,Trigger switch failure: the problem developed gradually with regular use.,Normal Wear and Tear,2024-06-24,2026-06-25,2026-06-10,2026-06-28,24,0,586.7,734,-3,18,0.406,1,1,1,0,0,1,1,1,0,0,unauthorized_repair,Invalid Claim,2024-06-24,0,1
CLM-00259,PRD-00259,Consumer Electronics,ApexTech,NovaPods Max,SN-APE-3259268,City Electronics Mall,INV-2025-63303,Motherboard failure,Motherboard failure: the problem appeared after a power fluctuation.,Electrical Surge,2025-07-25,2026-07-25,2026-02-21,2026-03-03,12,0,873.83,221,144,10,0.804,1,1,1,0,0,1,1,1,0,0,unauthorized_repair,Invalid Claim,2025-07-25,144,1
CLM-00260,PRD-00260,Home Appliances,FrostGuard,CleanCycle 8kg,SN-FRO-2664750,Industrial Supply Direct,INV-2023-66832,Thermostat failure,Thermostat failure: the problem appeared after a power fluctuation.,Electrical Surge,2023-01-07,2026-01-07,2026-01-01,2026-01-21,36,0,509.37,1110,-14,20,0.541,0,0,1,0,0,1,1,1,1,0,grace_boundary,Manual Review,2023-01-07,0,0
CLM-00261,PRD-00261,Consumer Electronics,VividDisplay,VividTab 11,SN-VIV-6233494,Metro Hardware Centre,INV-2026-23966,Motherboard failure,Motherboard failure: the problem started without any external cause during normal use.,Manufacturing Defect,2026-03-09,2028-03-09,2026-04-21,2026-04-23,24,0,737.89,45,686,2,0.566,2,0,1,0,0,1,1,1,1,1,repeat_repairs,Manual Review,2026-03-09,686,0
CLM-00262,PRD-00262,Consumer Electronics,PixelCraft,NovaPhone 12,SN-PIX-7022421,City Electronics Mall,INV-2025-27677,Speaker malfunction,Speaker malfunction: the problem has no obvious cause.,Unknown / Not Sure,2025-11-29,2026-11-29,2026-07-11,2026-07-14,12,0,219.33,227,138,3,0.668,0,0,1,0,0,1,1,1,0,0,covered_defect,Valid Claim,2025-11-29,138,1
CLM-00263,PRD-00263,Home Appliances,FrostGuard,CleanCycle 8kg,SN-FRO-4994114,Brand Flagship Store,INV-2025-57927,Drum spin malfunction,Drum spin malfunction: the problem appeared under heavy load.,Mechanical Stress,2025-11-01,2028-11-01,2026-04-13,2026-05-05,36,1,147.24,185,911,22,0.523,0,0,0,0,0,1,1,1,1,0,serial_mismatch,Invalid Claim,2025-11-01,911,0
CLM-00264,PRD-00264,Industrial Tools,TorqueMax,VoltEdge Saw 18V,SN-TOR-8570755,MegaMart Online,INV-2023-41115,Chuck bearing failure,Chuck bearing failure: the problem appeared after a power fluctuation.,Electrical Surge,2023-07-23,2025-07-23,2026-07-01,2026-07-06,24,0,769.49,1079,-348,5,0.573,0,0,1,0,0,1,0,1,0,0,expired,Invalid Claim,2023-07-23,0,2
CLM-00265,PRD-00265,Consumer Electronics,VividDisplay,PixelWatch 3,SN-VIV-4309757,Metro Hardware Centre,INV-2026-85122,Wi-Fi/Bluetooth failure,Wi-Fi/Bluetooth failure: the problem appeared after a power fluctuation.,Electrical Surge,2026-07-11,2028-07-11,2026-09-09,2026-09-13,24,0,1128.14,64,667,4,0.427,0,0,1,0,0,1,1,1,1,0,ambiguous_cause,Manual Review,2026-07-11,667,0
CLM-00266,PRD-00266,Consumer Electronics,ApexTech,NovaPods Max,SN-APE-1348246,National Appliance Depot,INV-2025-64803,Wi-Fi/Bluetooth failure,Wi-Fi/Bluetooth failure: the problem appeared after a power fluctuation.,Electrical Surge,2025-09-04,2026-09-04,2026-07-04,2026-07-10,12,0,1029.31,309,56,6,0.15,0,0,1,0,0,1,1,1,1,0,ambiguous_cause,Manual Review,2025-09-04,56,0
CLM-00267,PRD-00267,Industrial Tools,IronForge,IronForge Grinder 9,SN-IRO-4972396,National Appliance Depot,INV-2023-88066,Seal failure,Seal failure: the problem started without any external cause during normal use.,Manufacturing Defect,2023-06-25,2026-06-25,2026-09-03,2026-09-12,36,1,561.56,1175,-79,9,0.764,0,0,1,0,0,1,1,1,1,0,expired,Invalid Claim,2023-06-25,0,0
CLM-00268,PRD-00268,Industrial Tools,VoltEdge,HydraPower Jack 5T,SN-VOL-1422538,Metro Hardware Centre,INV-2025-10003,Chuck bearing failure,Chuck bearing failure: the problem developed gradually with regular use.,Normal Wear and Tear,2025-01-26,2027-01-27,2026-08-10,2026-08-13,24,0,962.73,564,167,3,0.595,1,0,1,0,0,1,1,1,1,1,covered_defect,Valid Claim,2025-01-26,167,0
CLM-00269,PRD-00269,Home Appliances,AeroBreeze,AeroBreeze 1.5T,SN-AER-5035219,MegaMart Online,INV-2024-87638,PCB failure,PCB failure: the problem has no obvious cause.,Unknown / Not Sure,2024-08-28,2026-08-29,2026-08-24,2026-09-01,24,0,897.41,734,-3,8,0.407,0,0,1,0,0,1,1,1,1,0,grace_boundary,Manual Review,2024-08-28,0,0
CLM-00270,PRD-00270,Consumer Electronics,PixelCraft,ApexBook Pro 16,SN-PIX-2214231,Brand Flagship Store,INV-2024-72180,Wi-Fi/Bluetooth failure,Wi-Fi/Bluetooth failure: the problem appeared after the unit was dropped.,Accidental Drop,2024-03-30,2026-03-31,2026-03-20,2026-04-05,24,1,324.03,736,-5,16,0.599,1,0,1,0,0,1,1,1,1,1,excluded_damage,Invalid Claim,2024-03-30,0,0
CLM-00271,PRD-00271,Industrial Tools,VoltEdge,TorqueMax HD Drill,SN-VOL-5335899,Metro Hardware Centre,INV-2022-19345,Seal failure,Seal failure: the problem developed gradually with regular use.,Normal Wear and Tear,2022-01-28,2026-01-28,2025-12-31,2026-01-18,48,1,401.76,1451,10,18,0.668,0,0,1,0,0,1,1,1,1,0,covered_defect,Valid Claim,2022-01-28,10,0
CLM-00272,PRD-00272,Industrial Tools,IronForge,HydraPower Jack 5T,SN-IRO-6885757,Brand Flagship Store,INV-2025-53332,Chuck bearing failure,Chuck bearing failure: the problem appeared under heavy load.,Mechanical Stress,2025-12-11,2029-12-11,2026-05-25,2026-06-06,48,1,584.5,177,1284,12,0.317,1,0,1,0,0,1,1,1,1,0,covered_defect,Valid Claim,2025-12-11,1284,0
CLM-00273,PRD-00273,Industrial Tools,HydraPower,HydraPower Jack 5T,SN-HYD-7934295,Metro Hardware Centre,INV-2026-60705,Seal failure,Seal failure: the problem appeared under heavy load.,Mechanical Stress,2026-03-19,2028-03-19,2026-06-23,2026-06-26,24,0,1104.11,99,632,3,0.643,1,0,1,0,0,1,1,1,1,0,covered_defect,Valid Claim,2026-03-19,632,0
CLM-00274,PRD-00274,Consumer Electronics,NovaSound,VividTab 11,SN-NOV-2540049,MegaMart Online,INV-2024-80045,Motherboard failure,Motherboard failure: the problem appeared under heavy load.,Mechanical Stress,2024-12-17,2026-12-18,2026-05-06,2026-05-18,24,1,644.81,517,214,12,0.305,0,0,1,0,0,0,1,1,1,0,missing_documents,Manual Review,2024-12-17,214,1
CLM-00275,PRD-00275,Industrial Tools,VoltEdge,VoltEdge Saw 18V,SN-VOL-4855448,MegaMart Online,INV-2023-96807,Armature burnout,Armature burnout: the problem developed gradually with regular use.,Normal Wear and Tear,2023-11-30,2026-11-30,2026-02-16,2026-02-24,36,0,618.53,817,279,8,0.325,1,1,1,1,0,0,1,0,1,1,unauthorized_repair,Invalid Claim,2023-11-30,279,2
CLM-00276,PRD-00276,Home Appliances,FrostGuard,CleanCycle 8kg,SN-FRO-8155851,Industrial Supply Direct,INV-2024-30842,Water pump leakage,Water pump leakage: the problem developed gradually with regular use.,Normal Wear and Tear,2024-09-25,2026-09-26,2026-09-04,2026-09-05,24,0,314.51,710,21,1,0.346,1,0,1,0,0,1,1,1,0,0,covered_defect+noise,Manual Review,2024-09-25,21,1
CLM-00277,PRD-00277,Home Appliances,CleanCycle,FrostGuard 450L,SN-CLE-4028561,Brand Flagship Store,INV-2023-83689,Water pump leakage,Water pump leakage: the problem appeared after a power fluctuation.,Electrical Surge,2023-07-19,2026-07-19,2026-07-27,2026-07-30,36,0,1259.16,1107,-11,3,0.447,0,0,1,0,0,1,1,1,1,0,grace_boundary,Manual Review,2023-07-19,0,0
CLM-00278,PRD-00278,Industrial Tools,VoltEdge,HydraPower Jack 5T,SN-VOL-4803490,MegaMart Online,INV-2023-97099,Armature burnout,Armature burnout: the problem appeared under heavy load.,Mechanical Stress,2023-09-06,2027-09-06,2026-07-28,2026-08-03,48,1,750.29,1062,399,6,0.496,1,0,1,0,0,1,0,0,1,1,missing_documents,Manual Review,2023-09-06,399,2
CLM-00279,PRD-00279,Consumer Electronics,PixelCraft,NovaPhone 12,SN-PIX-6245030,City Electronics Mall,INV-2025-91885,Wi-Fi/Bluetooth failure,Wi-Fi/Bluetooth failure: the problem has no obvious cause.,Unknown / Not Sure,2025-05-25,2027-05-26,2026-02-24,2026-03-08,24,0,1708.76,287,444,12,0.746,1,0,1,0,0,1,1,1,1,1,covered_defect,Valid Claim,2025-05-25,444,0
CLM-00280,PRD-00280,Industrial Tools,TorqueMax,HydraPower Jack 5T,SN-TOR-8243813,National Appliance Depot,INV-2024-46310,Armature burnout,Armature burnout: the problem developed gradually with regular use.,Normal Wear and Tear,2024-08-06,2026-08-07,2026-01-21,2026-01-26,24,0,592.28,538,193,5,0.515,0,0,1,0,0,0,1,1,0,0,missing_documents,Manual Review,2024-08-06,193,2
CLM-00281,PRD-00281,Home Appliances,CleanCycle,AeroBreeze 1.5T,SN-CLE-6297067,City Electronics Mall,INV-2022-11508,Compressor failure,Compressor failure: the problem started without any external cause during normal use.,Manufacturing Defect,2022-08-15,2026-08-15,2026-08-05,2026-08-18,48,1,940.68,1464,-3,13,0.82,0,0,1,0,0,1,1,1,0,0,grace_boundary,Manual Review,2022-08-15,0,1
CLM-00282,PRD-00282,Industrial Tools,VoltEdge,TorqueMax HD Drill,SN-VOL-3432959,Brand Flagship Store,INV-2023-76870,Seal failure,Seal failure: the problem appeared after a power fluctuation.,Electrical Surge,2023-06-14,2026-06-14,2026-06-17,2026-06-20,36,1,671.76,1102,-6,3,0.568,0,0,1,0,0,1,1,1,1,0,grace_boundary,Manual Review,2023-06-14,0,0
CLM-00283,PRD-00283,Industrial Tools,VoltEdge,TorqueMax HD Drill,SN-VOL-9213261,Metro Hardware Centre,INV-2025-91513,Gearbox seizure,Gearbox seizure: the problem appeared under heavy load.,Mechanical Stress,2025-12-31,2028-01-01,2026-06-18,2026-06-23,24,0,875.33,174,557,5,0.811,1,0,1,0,0,0,1,1,1,1,missing_documents,Manual Review,2025-12-31,557,1
CLM-00284,PRD-00284,Home Appliances,FrostGuard,FrostGuard 450L,SN-FRO-1860386,City Electronics Mall,INV-2023-33283,Motor burnout,Motor burnout: the problem developed gradually with regular use.,Normal Wear and Tear,2023-03-01,2026-03-01,2026-03-31,2026-04-22,36,0,1669.64,1148,-52,22,0.416,0,0,0,0,0,1,1,1,1,0,expired,Invalid Claim,2023-03-01,0,0
CLM-00285,PRD-00285,Home Appliances,FrostGuard,KitchenPro 30L,SN-FRO-7012437,Metro Hardware Centre,INV-2025-93345,Motor burnout,Motor burnout: the problem started without any external cause during normal use.,Manufacturing Defect,2025-04-29,2027-04-30,2026-04-04,2026-04-08,24,0,1202.17,344,387,4,0.847,1,0,1,0,0,1,1,1,1,1,covered_defect,Valid Claim,2025-04-29,387,0
CLM-00286,PRD-00286,Consumer Electronics,PixelCraft,VividTab 11,SN-PIX-8379741,Industrial Supply Direct,INV-2025-20528,Battery not charging,Battery not charging: the problem started without any external cause during normal use.,Manufacturing Defect,2025-08-14,2026-08-14,2026-06-24,2026-07-02,12,0,445.04,322,43,8,0.901,1,0,0,0,0,1,1,1,1,1,serial_mismatch,Invalid Claim,2025-08-14,43,0
CLM-00287,PRD-00287,Consumer Electronics,ApexTech,ApexBook Pro 16,SN-APE-4190019,MegaMart Online,INV-2023-43741,Touch panel unresponsive,Touch panel unresponsive: the problem started without any external cause during normal use.,Manufacturing Defect,2023-11-21,2025-11-21,2026-03-04,2026-03-10,24,0,602.52,840,-109,6,0.806,0,0,1,0,0,1,1,1,0,0,expired+noise,Valid Claim,2023-11-21,0,1
CLM-00288,PRD-00288,Industrial Tools,IronForge,HydraPower Jack 5T,SN-IRO-9212187,Brand Flagship Store,INV-2023-84378,Chuck bearing failure,Chuck bearing failure: the problem appeared under heavy load.,Mechanical Stress,2023-01-19,2026-01-19,2026-01-10,2026-01-30,36,0,351.31,1107,-11,20,0.22,0,0,0,0,0,0,1,1,0,0,grace_boundary,Manual Review,2023-01-19,0,2
CLM-00289,PRD-00289,Industrial Tools,HydraPower,HydraPower Jack 5T,SN-HYD-7332823,Brand Flagship Store,INV-2025-51755,Gearbox seizure,Gearbox seizure: the problem appeared under heavy load.,Mechanical Stress,2025-08-28,2028-08-28,2026-02-07,2026-02-11,36,0,493.14,167,929,4,0.455,0,0,1,0,0,1,1,1,1,0,covered_defect,Valid Claim,2025-08-28,929,0
CLM-00290,PRD-00290,Home Appliances,KitchenPro,CleanCycle 8kg,SN-KIT-2601566,Brand Flagship Store,INV-2024-47991,Thermostat failure,Thermostat failure: the problem has no obvious cause.,Unknown / Not Sure,2024-11-20,2026-11-21,2026-06-13,2026-07-14,24,0,651.42,601,130,31,0.449,2,0,1,0,0,1,1,0,1,0,ambiguous_cause,Manual Review,2024-11-20,130,1
CLM-00291,PRD-00291,Consumer Electronics,ApexTech,VividTab 11,SN-APE-8024619,Metro Hardware Centre,INV-2025-79415,Screen flickering,Screen flickering: the problem appeared after a power fluctuation.,Electrical Surge,2025-06-06,2027-06-07,2026-06-20,2026-07-05,24,0,619.43,394,337,15,0.555,0,0,1,0,0,1,1,1,1,0,excluded_damage,Invalid Claim,2025-06-06,337,0
CLM-00292,PRD-00292,Home Appliances,FrostGuard,FrostGuard 450L,SN-FRO-5162737,Metro Hardware Centre,INV-2026-24176,Thermostat failure,Thermostat failure: the problem started without any external cause during normal use.,Manufacturing Defect,2026-04-08,2028-04-08,2026-09-19,2026-09-21,24,0,683.14,166,565,2,0.367,0,0,1,0,0,0,1,1,1,0,missing_documents,Manual Review,2026-04-08,565,1
CLM-00293,PRD-00293,Home Appliances,KitchenPro,FrostGuard 450L,SN-KIT-8584231,MegaMart Online,INV-2026-71667,Motor burnout,Motor burnout: the problem started without any external cause during normal use.,Manufacturing Defect,2026-04-22,2028-04-22,2026-04-28,2026-06-04,24,0,513.93,43,688,37,0.602,0,0,1,0,0,1,1,1,1,0,covered_defect,Valid Claim,2026-04-22,688,0
CLM-00294,PRD-00294,Home Appliances,FrostGuard,CleanCycle 8kg,SN-FRO-2851721,National Appliance Depot,INV-2024-83654,Compressor failure,Compressor failure: the problem appeared after the unit was dropped.,Accidental Drop,2024-03-07,2026-03-08,2026-02-10,2026-02-10,24,0,1004.92,705,26,0,0.341,0,0,1,0,0,1,1,1,1,0,ambiguous_cause,Manual Review,2024-03-07,26,0
CLM-00295,PRD-00295,Industrial Tools,VoltEdge,VoltEdge Saw 18V,SN-VOL-9032494,Metro Hardware Centre,INV-2024-79006,Trigger switch failure,Trigger switch failure: the problem started without any external cause during normal use.,Manufacturing Defect,2024-07-01,2026-07-02,2026-07-18,2026-07-21,24,0,332.77,750,-19,3,0.626,0,0,1,0,0,1,0,0,1,0,expired,Invalid Claim,2024-07-01,0,2
CLM-00296,PRD-00296,Home Appliances,AeroBreeze,CleanCycle 8kg,SN-AER-8916825,MegaMart Online,INV-2024-29889,Water pump leakage,Water pump leakage: the problem developed gradually with regular use.,Normal Wear and Tear,2024-04-09,2026-04-10,2026-04-25,2026-04-30,24,0,414.26,751,-20,5,0.514,0,0,1,0,0,1,1,1,1,0,expired,Invalid Claim,2024-04-09,0,0
CLM-00297,PRD-00297,Home Appliances,AeroBreeze,FrostGuard 450L,SN-AER-8594142,MegaMart Online,INV-2024-55459,PCB failure,PCB failure: the problem developed gradually with regular use.,Normal Wear and Tear,2024-05-17,2026-05-18,2026-05-31,2026-06-04,24,0,267.13,748,-17,4,0.455,1,0,1,0,0,1,0,1,0,1,expired,Invalid Claim,2024-05-17,0,2
CLM-00298,PRD-00298,Industrial Tools,TorqueMax,TorqueMax HD Drill,SN-TOR-3488520,Brand Flagship Store,INV-2024-99665,Chuck bearing failure,Chuck bearing failure: the problem started without any external cause during normal use.,Manufacturing Defect,2024-08-21,2026-08-22,2024-07-25,2026-06-30,24,0,287.09,678,53,705,0.603,0,0,1,0,1,1,1,1,1,0,contradiction,Manual Review,2024-08-21,53,0
CLM-00299,PRD-00299,Home Appliances,CleanCycle,AeroBreeze 1.5T,SN-CLE-5974748,Brand Flagship Store,INV-2025-31358,Thermostat failure,Thermostat failure: the problem appeared under heavy load.,Mechanical Stress,2025-09-01,2027-09-02,2026-04-09,2026-04-23,24,0,529.36,234,497,14,0.687,0,0,1,0,0,0,1,1,0,0,missing_documents,Manual Review,2025-09-01,497,2
CLM-00300,PRD-00300,Industrial Tools,VoltEdge,VoltEdge Saw 18V,SN-VOL-1183792,MegaMart Online,INV-2025-65441,Seal failure,Seal failure: the problem started without any external cause during normal use.,Manufacturing Defect,2025-08-19,2027-08-20,2026-06-09,2026-07-01,24,0,1025.82,316,415,22,0.749,1,1,1,0,0,0,1,1,1,1,unauthorized_repair,Invalid Claim,2025-08-19,415,1
CLM-00301,PRD-00301,Home Appliances,KitchenPro,KitchenPro 30L,SN-KIT-9766273,National Appliance Depot,INV-2023-47056,Water pump leakage,Water pump leakage: the problem started without any external cause during normal use.,Manufacturing Defect,2023-08-17,2026-08-17,2025-12-30,2026-01-03,36,0,1018.98,870,226,4,0.851,0,0,1,0,0,1,1,1,1,0,covered_defect,Valid Claim,2023-08-17,226,0
CLM-00302,PRD-00302,Home Appliances,CleanCycle,FrostGuard 450L,SN-CLE-4857335,National Appliance Depot,INV-2022-51795,PCB failure,PCB failure: the problem developed gradually with regular use.,Normal Wear and Tear,2022-04-16,2025-04-16,2026-04-02,2026-04-04,36,0,1207.69,1449,-353,2,0.818,0,0,1,0,0,1,1,1,1,0,expired,Invalid Claim,2022-04-16,0,0
CLM-00303,PRD-00303,Industrial Tools,IronForge,TorqueMax HD Drill,SN-IRO-9368961,Brand Flagship Store,INV-2024-26292,Trigger switch failure,Trigger switch failure: the problem developed gradually with regular use.,Normal Wear and Tear,2024-04-03,2027-04-04,2026-08-18,2026-08-22,36,0,1362.64,871,225,4,0.639,0,0,1,0,0,1,0,0,1,0,missing_documents,Manual Review,2024-04-03,225,2
CLM-00304,PRD-00304,Consumer Electronics,PixelCraft,NovaPhone 12,SN-PIX-8339372,Brand Flagship Store,INV-2025-69501,Speaker malfunction,Speaker malfunction: the problem appeared after contact with water.,Water Ingress,2025-06-27,2027-06-28,2026-06-18,2026-06-18,24,1,438.15,356,375,0,0.346,0,0,1,0,0,1,0,0,1,0,missing_documents,Manual Review,2025-06-27,375,2
CLM-00305,PRD-00305,Home Appliances,KitchenPro,FrostGuard 450L,SN-KIT-3623337,National Appliance Depot,INV-2026-96334,Thermostat failure,Thermostat failure: the problem developed gradually with regular use.,Normal Wear and Tear,2026-02-11,2029-02-11,2026-02-13,2026-03-04,36,0,377.47,21,1075,19,0.491,0,0,1,0,0,1,0,1,1,0,covered_defect,Valid Claim,2026-02-11,1075,1
CLM-00306,PRD-00306,Industrial Tools,TorqueMax,HydraPower Jack 5T,SN-TOR-9395572,MegaMart Online,INV-2024-11402,Seal failure,Seal failure: the problem developed gradually with regular use.,Normal Wear and Tear,2024-11-17,2027-11-18,2026-06-03,2026-06-26,36,1,433.23,586,510,23,0.826,0,0,1,0,0,1,1,1,1,0,covered_defect,Valid Claim,2024-11-17,510,0
CLM-00307,PRD-00307,Consumer Electronics,VividDisplay,NovaPods Max,SN-VIV-1935955,Metro Hardware Centre,INV-2024-70315,Battery not charging,Battery not charging: the problem appeared after the unit was dropped.,Accidental Drop,2024-06-01,2026-06-02,2026-05-26,2026-05-26,24,0,1024.02,724,7,0,0.491,0,0,1,0,0,1,1,1,1,0,ambiguous_cause,Manual Review,2024-06-01,7,0
CLM-00308,PRD-00308,Industrial Tools,TorqueMax,VoltEdge Saw 18V,SN-TOR-5738140,MegaMart Online,INV-2025-25297,Armature burnout,Armature burnout: the problem started without any external cause during normal use.,Manufacturing Defect,2025-07-17,2027-07-18,2026-07-14,2026-07-16,24,0,717.31,364,367,2,0.832,0,0,1,0,0,0,1,0,1,0,missing_documents,Manual Review,2025-07-17,367,2
CLM-00309,PRD-00309,Consumer Electronics,ApexTech,NovaPods Max,SN-APE-8215025,MegaMart Online,INV-2023-88965,Wi-Fi/Bluetooth failure,Wi-Fi/Bluetooth failure: the problem started without any external cause during normal use.,Manufacturing Defect,2023-06-29,2026-06-29,2026-07-06,2026-07-09,36,1,1308.61,1106,-10,3,0.718,1,0,1,0,0,1,1,1,1,1,expired,Invalid Claim,2023-06-29,0,0
CLM-00310,PRD-00310,Consumer Electronics,ApexTech,ApexBook Pro 16,SN-APE-5241446,Metro Hardware Centre,INV-2025-39075,Wi-Fi/Bluetooth failure,Wi-Fi/Bluetooth failure: the problem started without any external cause during normal use.,Manufacturing Defect,2025-09-06,2026-09-06,2026-05-30,2026-06-16,12,0,490.96,283,82,17,0.79,0,0,1,0,0,1,1,0,1,0,covered_defect,Valid Claim,2025-09-06,82,1
CLM-00311,PRD-00311,Consumer Electronics,NovaSound,PixelWatch 3,SN-NOV-7503719,National Appliance Depot,INV-2025-53733,Speaker malfunction,Speaker malfunction: the problem started without any external cause during normal use.,Manufacturing Defect,2025-03-12,2027-03-13,2026-03-24,2026-04-17,24,1,473.52,401,330,24,0.806,0,0,1,0,0,1,1,1,1,0,covered_defect,Valid Claim,2025-03-12,330,0
CLM-00312,PRD-00312,Home Appliances,KitchenPro,AeroBreeze 1.5T,SN-KIT-6888702,MegaMart Online,INV-2023-38178,Compressor failure,Compressor failure: the problem appeared after a power fluctuation.,Electrical Surge,2023-03-29,2026-03-29,2026-03-18,2026-03-23,36,0,782.46,1090,6,5,0.46,1,0,1,0,0,0,1,1,1,0,missing_documents,Manual Review,2023-03-29,6,1
CLM-00313,PRD-00313,Industrial Tools,TorqueMax,HydraPower Jack 5T,SN-TOR-1612660,Metro Hardware Centre,INV-2025-52062,Chuck bearing failure,Chuck bearing failure: the problem developed gradually with regular use.,Normal Wear and Tear,2025-03-13,2028-03-13,2026-06-11,2026-06-16,36,0,406.36,460,636,5,0.73,0,0,1,0,0,1,1,0,1,0,covered_defect,Valid Claim,2025-03-13,636,1
CLM-00314,PRD-00314,Consumer Electronics,VividDisplay,ApexBook Pro 16,SN-VIV-5926853,Brand Flagship Store,INV-2024-80891,Screen flickering,Screen flickering: the problem started without any external cause during normal use.,Manufacturing Defect,2024-06-17,2026-06-18,2026-07-21,2026-07-23,24,0,898.0,766,-35,2,0.795,1,0,1,0,0,1,1,1,1,1,expired,Invalid Claim,2024-06-17,0,0
CLM-00315,PRD-00315,Consumer Electronics,NovaSound,PixelWatch 3,SN-NOV-9055088,Metro Hardware Centre,INV-2024-53957,Wi-Fi/Bluetooth failure,Wi-Fi/Bluetooth failure: the problem appeared after contact with water.,Water Ingress,2024-12-27,2026-12-28,2026-06-06,2026-06-08,24,0,1077.45,528,203,2,0.394,1,0,1,0,0,1,1,0,1,1,ambiguous_cause,Manual Review,2024-12-27,203,1
CLM-00316,PRD-00316,Industrial Tools,TorqueMax,HydraPower Jack 5T,SN-TOR-1949683,Industrial Supply Direct,INV-2022-88532,Armature burnout,Armature burnout: the problem appeared after contact with water.,Water Ingress,2022-07-05,2025-07-05,2026-05-11,2026-05-19,36,0,2066.28,1414,-318,8,0.35,0,0,0,0,0,1,1,1,1,0,expired,Invalid Claim,2022-07-05,0,0
CLM-00317,PRD-00317,Consumer Electronics,NovaSound,ApexBook Pro 16,SN-NOV-6754582,MegaMart Online,INV-2024-69315,Motherboard failure,Motherboard failure: the problem developed gradually with regular use.,Normal Wear and Tear,2024-05-03,2026-05-04,2026-02-10,2026-03-05,24,0,402.66,671,60,23,0.307,1,1,1,0,0,1,0,1,1,0,unauthorized_repair,Invalid Claim,2024-05-03,60,1
CLM-00318,PRD-00318,Home Appliances,AeroBreeze,AeroBreeze 1.5T,SN-AER-1877696,Brand Flagship Store,INV-2024-37812,Motor burnout,Motor burnout: the problem developed gradually with regular use.,Normal Wear and Tear,2024-02-01,2027-02-01,2026-07-20,2026-08-20,36,0,781.72,931,165,31,0.443,2,1,1,0,0,1,1,1,1,1,unauthorized_repair,Invalid Claim,2024-02-01,165,0
CLM-00319,PRD-00319,Consumer Electronics,ApexTech,VividTab 11,SN-APE-1687014,Metro Hardware Centre,INV-2025-53392,Screen flickering,Screen flickering: the problem started without any external cause during normal use.,Manufacturing Defect,2025-12-04,2028-12-04,2026-01-15,2026-01-30,36,1,624.24,57,1039,15,0.669,1,0,1,0,0,1,0,1,1,1,covered_defect,Valid Claim,2025-12-04,1039,1
CLM-00320,PRD-00320,Consumer Electronics,VividDisplay,ApexBook Pro 16,SN-VIV-2802521,Brand Flagship Store,INV-2025-99105,Screen flickering,Screen flickering: the problem appeared after a power fluctuation.,Electrical Surge,2025-11-05,2026-11-05,2026-02-16,2026-02-28,12,0,989.41,115,250,12,0.312,0,0,1,0,0,1,1,1,1,0,ambiguous_cause,Manual Review,2025-11-05,250,0
CLM-00321,PRD-00321,Consumer Electronics,ApexTech,PixelWatch 3,SN-APE-3225953,Industrial Supply Direct,INV-2026-98897,Speaker malfunction,Speaker malfunction: the problem appeared after contact with water.,Water Ingress,2026-06-01,2029-06-01,2026-06-16,2026-07-05,36,1,825.42,34,1062,19,0.594,1,0,1,0,0,1,1,1,1,1,excluded_damage,Invalid Claim,2026-06-01,1062,0
CLM-00322,PRD-00322,Industrial Tools,VoltEdge,IronForge Grinder 9,SN-VOL-5290420,City Electronics Mall,INV-2025-22309,Armature burnout,Armature burnout: the problem appeared under heavy load.,Mechanical Stress,2025-08-25,2028-08-25,2026-07-22,2026-08-06,36,0,553.58,346,750,15,0.73,0,0,1,1,0,1,1,1,0,0,possible_duplicate,Manual Review,2025-08-25,750,1
CLM-00323,PRD-00323,Consumer Electronics,PixelCraft,PixelWatch 3,SN-PIX-7317098,National Appliance Depot,INV-2024-38174,Motherboard failure,Motherboard failure: the problem appeared after contact with water.,Water Ingress,2024-01-04,2026-01-04,2026-04-17,2026-04-24,24,0,661.67,841,-110,7,0.502,1,0,1,0,0,1,1,0,1,0,expired,Invalid Claim,2024-01-04,0,1
CLM-00324,PRD-00324,Home Appliances,FrostGuard,KitchenPro 30L,SN-FRO-7429769,National Appliance Depot,INV-2023-55336,PCB failure,PCB failure: the problem started without any external cause during normal use.,Manufacturing Defect,2023-02-07,2026-02-07,2026-06-19,2026-07-12,36,1,960.97,1251,-155,23,0.832,0,0,1,0,0,1,1,1,1,0,expired,Invalid Claim,2023-02-07,0,0
CLM-00325,PRD-00325,Home Appliances,FrostGuard,CleanCycle 8kg,SN-FRO-3137976,Brand Flagship Store,INV-2023-38733,Motor burnout,Motor burnout: the problem has no obvious cause.,Unknown / Not Sure,2023-05-27,2026-05-27,2026-05-17,2026-05-18,36,1,746.9,1087,9,1,0.466,1,1,1,0,0,1,1,1,0,1,unauthorized_repair,Invalid Claim,2023-05-27,9,1
CLM-00326,PRD-00326,Industrial Tools,IronForge,IronForge Grinder 9,SN-IRO-6099101,Metro Hardware Centre,INV-2025-83320,Armature burnout,Armature burnout: the problem appeared after the unit was dropped.,Accidental Drop,2025-05-04,2028-05-04,2026-05-25,2026-05-26,36,0,1404.04,387,709,1,0.412,0,0,1,0,0,1,1,1,1,0,ambiguous_cause,Manual Review,2025-05-04,709,0
CLM-00327,PRD-00327,Home Appliances,AeroBreeze,CleanCycle 8kg,SN-AER-4344622,Brand Flagship Store,INV-2026-55000,Compressor failure,Compressor failure: the problem appeared after a power fluctuation.,Electrical Surge,2026-02-14,2030-02-14,2026-06-02,2026-06-07,48,1,1511.83,113,1348,5,0.687,0,0,1,0,0,1,1,1,0,0,covered_defect,Valid Claim,2026-02-14,1348,1
CLM-00328,PRD-00328,Industrial Tools,TorqueMax,IronForge Grinder 9,SN-TOR-8901946,MegaMart Online,INV-2025-53968,Armature burnout,Armature burnout: the problem developed gradually with regular use.,Normal Wear and Tear,2025-09-25,2029-09-25,2025-09-08,2026-07-28,48,1,833.19,306,1155,323,0.728,0,0,1,0,1,1,1,1,0,0,contradiction,Manual Review,2025-09-25,1155,1
CLM-00329,PRD-00329,Industrial Tools,IronForge,VoltEdge Saw 18V,SN-IRO-3125001,City Electronics Mall,INV-2023-49970,Chuck bearing failure,Chuck bearing failure: the problem appeared after a power fluctuation.,Electrical Surge,2023-12-28,2026-12-28,2026-04-30,2026-05-05,36,0,491.43,859,237,5,0.638,1,0,1,0,0,1,1,1,1,0,covered_defect,Valid Claim,2023-12-28,237,0
CLM-00330,PRD-00330,Consumer Electronics,NovaSound,PixelWatch 3,SN-NOV-1730518,MegaMart Online,INV-2025-76576,Battery not charging,Battery not charging: the problem started without any external cause during normal use.,Manufacturing Defect,2025-07-30,2026-07-30,2026-05-22,2026-05-25,12,0,1109.27,299,66,3,0.768,0,0,1,0,0,1,1,1,1,0,covered_defect,Valid Claim,2025-07-30,66,0
CLM-00331,PRD-00331,Industrial Tools,HydraPower,VoltEdge Saw 18V,SN-HYD-7686211,National Appliance Depot,INV-2024-96636,Seal failure,Seal failure: the problem has no obvious cause.,Unknown / Not Sure,2024-08-19,2027-08-20,2026-07-02,2026-07-08,36,0,1169.17,688,408,6,0.544,0,0,1,0,0,0,1,1,1,0,missing_documents,Manual Review,2024-08-19,408,1
CLM-00332,PRD-00332,Consumer Electronics,PixelCraft,ApexBook Pro 16,SN-PIX-1774899,Industrial Supply Direct,INV-2026-15125,Motherboard failure,Motherboard failure: the problem appeared after contact with water.,Water Ingress,2026-03-11,2028-03-11,2026-08-06,2026-09-09,24,0,2287.04,182,549,34,0.51,0,0,1,0,0,1,1,1,1,0,late_reporting,Invalid Claim,2026-03-11,549,0
CLM-00333,PRD-00333,Industrial Tools,HydraPower,TorqueMax HD Drill,SN-HYD-9441866,City Electronics Mall,INV-2024-73814,Chuck bearing failure,Chuck bearing failure: the problem started without any external cause during normal use.,Manufacturing Defect,2024-06-07,2026-06-08,2026-06-18,2026-06-19,24,0,810.77,742,-11,1,0.572,0,0,1,0,0,1,1,1,0,0,grace_boundary,Manual Review,2024-06-07,0,1
CLM-00334,PRD-00334,Home Appliances,KitchenPro,KitchenPro 30L,SN-KIT-2499590,Industrial Supply Direct,INV-2023-83823,Drum spin malfunction,Drum spin malfunction: the problem has no obvious cause.,Unknown / Not Sure,2023-03-27,2026-03-27,2026-08-24,2026-09-15,36,0,686.79,1268,-172,22,0.363,0,0,1,0,0,1,1,1,1,0,expired,Invalid Claim,2023-03-27,0,0
CLM-00335,PRD-00335,Home Appliances,FrostGuard,CleanCycle 8kg,SN-FRO-2468859,Industrial Supply Direct,INV-2023-60697,Water pump leakage,Water pump leakage: the problem appeared after a power fluctuation.,Electrical Surge,2023-07-02,2026-07-02,2026-08-06,2026-08-12,36,0,866.16,1137,-41,6,0.878,0,0,1,0,0,1,1,1,1,0,expired,Invalid Claim,2023-07-02,0,0
CLM-00336,PRD-00336,Industrial Tools,IronForge,HydraPower Jack 5T,SN-IRO-5416362,Industrial Supply Direct,INV-2025-94403,Seal failure,Seal failure: the problem started without any external cause during normal use.,Manufacturing Defect,2025-06-20,2027-06-21,2026-02-19,2026-02-19,24,0,349.24,244,487,0,0.868,0,0,1,0,0,0,1,1,1,0,missing_documents,Manual Review,2025-06-20,487,1
CLM-00337,PRD-00337,Consumer Electronics,PixelCraft,NovaPods Max,SN-PIX-4039720,Brand Flagship Store,INV-2024-10890,Touch panel unresponsive,Touch panel unresponsive: the problem started without any external cause during normal use.,Manufacturing Defect,2024-02-13,2026-02-13,2026-01-05,2026-01-25,24,0,705.39,712,19,20,0.709,1,0,1,0,0,1,1,1,1,1,covered_defect,Valid Claim,2024-02-13,19,0
CLM-00338,PRD-00338,Home Appliances,AeroBreeze,FrostGuard 450L,SN-AER-6081677,Metro Hardware Centre,INV-2024-38739,PCB failure,PCB failure: the problem started without any external cause during normal use.,Manufacturing Defect,2024-09-26,2026-09-27,2026-02-04,2026-02-17,24,0,605.54,509,222,13,0.559,0,0,1,0,0,1,0,1,1,0,covered_defect,Valid Claim,2024-09-26,222,1
CLM-00339,PRD-00339,Home Appliances,KitchenPro,KitchenPro 30L,SN-KIT-1713755,City Electronics Mall,INV-2022-75896,Drum spin malfunction,Drum spin malfunction: the problem appeared under heavy load.,Mechanical Stress,2022-07-17,2026-07-17,2026-05-31,2026-06-04,48,1,833.41,1418,43,4,0.422,1,1,0,0,0,1,1,1,1,1,unauthorized_repair,Invalid Claim,2022-07-17,43,0
CLM-00340,PRD-00340,Industrial Tools,HydraPower,VoltEdge Saw 18V,SN-HYD-1885884,Industrial Supply Direct,INV-2023-99210,Chuck bearing failure,Chuck bearing failure: the problem appeared after the unit was dropped.,Accidental Drop,2023-03-08,2026-03-08,2026-02-24,2026-03-01,36,0,1030.02,1089,7,5,0.784,1,1,0,0,0,1,1,1,1,1,unauthorized_repair,Invalid Claim,2023-03-08,7,0
CLM-00341,PRD-00341,Industrial Tools,TorqueMax,HydraPower Jack 5T,SN-TOR-3013207,Metro Hardware Centre,INV-2024-60497,Trigger switch failure,Trigger switch failure: the problem developed gradually with regular use.,Normal Wear and Tear,2024-07-25,2027-07-26,2026-01-03,2026-01-03,36,1,583.28,527,569,0,0.388,0,0,1,0,0,1,1,1,1,0,covered_defect,Valid Claim,2024-07-25,569,0
CLM-00342,PRD-00342,Industrial Tools,IronForge,VoltEdge Saw 18V,SN-IRO-3248434,City Electronics Mall,INV-2024-57478,Gearbox seizure,Gearbox seizure: the problem appeared under heavy load.,Mechanical Stress,2024-03-29,2027-03-30,2026-08-10,2026-09-09,36,0,601.1,894,202,30,0.603,0,0,0,0,0,1,1,1,1,0,serial_mismatch,Invalid Claim,2024-03-29,202,0
CLM-00343,PRD-00343,Home Appliances,KitchenPro,AeroBreeze 1.5T,SN-KIT-4262669,City Electronics Mall,INV-2025-25164,Thermostat failure,Thermostat failure: the problem appeared after contact with water.,Water Ingress,2025-09-23,2027-09-24,2026-05-11,2026-05-13,24,0,524.3,232,499,2,0.396,0,0,1,0,0,1,1,1,1,0,ambiguous_cause,Manual Review,2025-09-23,499,0
CLM-00344,PRD-00344,Industrial Tools,HydraPower,HydraPower Jack 5T,SN-HYD-6304791,Metro Hardware Centre,INV-2024-24660,Seal failure,Seal failure: the problem developed gradually with regular use.,Normal Wear and Tear,2024-05-23,2027-05-24,2026-03-03,2026-03-06,36,0,297.64,652,444,3,0.267,0,0,1,0,0,0,0,1,1,0,missing_documents,Manual Review,2024-05-23,444,2
CLM-00345,PRD-00345,Industrial Tools,IronForge,IronForge Grinder 9,SN-IRO-6043178,Brand Flagship Store,INV-2025-28527,Trigger switch failure,Trigger switch failure: the problem appeared under heavy load.,Mechanical Stress,2025-05-09,2027-05-10,2026-09-20,2026-09-20,24,0,300.71,499,232,0,0.614,0,0,0,0,0,0,1,1,1,0,missing_documents,Manual Review,2025-05-09,232,1
CLM-00346,PRD-00346,Home Appliances,FrostGuard,CleanCycle 8kg,SN-FRO-5042590,Metro Hardware Centre,INV-2025-68397,Water pump leakage,Water pump leakage: the problem appeared after a power fluctuation.,Electrical Surge,2025-03-07,2028-03-07,2026-03-01,2026-03-07,36,1,1022.16,365,731,6,0.722,1,1,1,0,0,1,1,1,1,0,unauthorized_repair,Invalid Claim,2025-03-07,731,0
CLM-00347,PRD-00347,Home Appliances,CleanCycle,AeroBreeze 1.5T,SN-CLE-1815298,National Appliance Depot,INV-2024-73151,Thermostat failure,Thermostat failure: the problem developed gradually with regular use.,Normal Wear and Tear,2024-04-05,2026-04-06,2026-03-19,2026-03-22,24,0,425.88,716,15,3,0.733,0,0,1,0,0,1,1,1,1,0,covered_defect,Valid Claim,2024-04-05,15,0
CLM-00348,PRD-00348,Industrial Tools,IronForge,HydraPower Jack 5T,SN-IRO-6940088,MegaMart Online,INV-2023-65773,Trigger switch failure,Trigger switch failure: the problem started without any external cause during normal use.,Manufacturing Defect,2023-11-14,2026-11-14,2026-08-14,2026-08-27,36,0,925.85,1017,79,13,0.585,0,0,0,0,0,1,1,1,1,0,serial_mismatch,Invalid Claim,2023-11-14,79,0
CLM-00349,PRD-00349,Industrial Tools,VoltEdge,HydraPower Jack 5T,SN-VOL-1898864,Metro Hardware Centre,INV-2025-53296,Armature burnout,Armature burnout: the problem appeared under heavy load.,Mechanical Stress,2025-12-25,2027-12-26,2026-04-21,2026-05-03,24,0,636.04,129,602,12,0.372,1,0,1,0,0,1,1,1,1,1,covered_defect,Valid Claim,2025-12-25,602,0
CLM-00350,PRD-00350,Home Appliances,FrostGuard,KitchenPro 30L,SN-FRO-6728158,MegaMart Online,INV-2026-87780,Water pump leakage,Water pump leakage: the problem started without any external cause during normal use.,Manufacturing Defect,2026-01-10,2029-01-10,2026-02-09,2026-02-10,36,0,410.81,31,1065,1,0.827,0,0,0,0,0,0,1,1,1,0,missing_documents,Manual Review,2026-01-10,1065,1
CLM-00351,PRD-00351,Home Appliances,CleanCycle,AeroBreeze 1.5T,SN-CLE-2905669,Metro Hardware Centre,INV-2026-83749,Water pump leakage,Water pump leakage: the problem appeared under heavy load.,Mechanical Stress,2026-03-27,2030-03-27,2026-09-02,2026-09-08,48,1,2519.95,165,1296,6,0.646,0,0,1,0,0,1,0,1,1,0,covered_defect,Valid Claim,2026-03-27,1296,1
CLM-00352,PRD-00352,Industrial Tools,VoltEdge,VoltEdge Saw 18V,SN-VOL-9930223,MegaMart Online,INV-2026-77891,Armature burnout,Armature burnout: the problem started without any external cause during normal use.,Manufacturing Defect,2026-03-28,2028-03-28,2026-05-29,2026-06-15,24,0,361.64,79,652,17,0.937,1,1,1,0,0,1,1,1,1,0,unauthorized_repair,Invalid Claim,2026-03-28,652,0
CLM-00353,PRD-00353,Home Appliances,AeroBreeze,KitchenPro 30L,SN-AER-5391975,National Appliance Depot,INV-2025-63705,Water pump leakage,Water pump leakage: the problem developed gradually with regular use.,Normal Wear and Tear,2025-01-19,2027-01-20,2026-04-23,2026-05-15,24,0,671.29,481,250,22,0.35,0,0,1,0,0,1,1,1,1,0,covered_defect,Valid Claim,2025-01-19,250,0
CLM-00354,PRD-00354,Consumer Electronics,VividDisplay,NovaPhone 12,SN-VIV-6826696,Industrial Supply Direct,INV-2024-22154,Speaker malfunction,Speaker malfunction: the problem started without any external cause during normal use.,Manufacturing Defect,2024-10-29,2026-10-30,2024-10-27,2026-07-25,24,0,458.47,634,97,636,0.544,1,0,1,0,1,1,1,1,1,1,contradiction,Manual Review,2024-10-29,97,0
CLM-00355,PRD-00355,Consumer Electronics,VividDisplay,NovaPods Max,SN-VIV-4046066,MegaMart Online,INV-2024-25950,Wi-Fi/Bluetooth failure,Wi-Fi/Bluetooth failure: the problem appeared after the unit was dropped.,Accidental Drop,2024-12-28,2025-12-28,2026-02-10,2026-02-13,12,0,468.05,412,-47,3,0.568,1,0,1,0,0,1,0,1,1,1,expired,Invalid Claim,2024-12-28,0,1
CLM-00356,PRD-00356,Consumer Electronics,PixelCraft,NovaPhone 12,SN-PIX-1162488,Industrial Supply Direct,INV-2024-10270,Speaker malfunction,Speaker malfunction: the problem appeared under heavy load.,Mechanical Stress,2024-02-02,2026-02-02,2026-05-09,2026-05-13,24,0,2224.64,831,-100,4,0.794,0,0,1,0,0,1,1,1,1,0,expired,Invalid Claim,2024-02-02,0,0
CLM-00357,PRD-00357,Industrial Tools,VoltEdge,IronForge Grinder 9,SN-VOL-1362599,Industrial Supply Direct,INV-2025-84047,Armature burnout,Armature burnout: the problem developed gradually with regular use.,Normal Wear and Tear,2025-12-09,2028-12-09,2025-12-31,2026-03-21,36,1,1483.49,102,994,80,0.836,1,0,1,0,0,1,1,1,1,1,late_reporting,Invalid Claim,2025-12-09,994,0
CLM-00358,PRD-00358,Consumer Electronics,PixelCraft,NovaPods Max,SN-PIX-4772232,Metro Hardware Centre,INV-2026-76216,Wi-Fi/Bluetooth failure,Wi-Fi/Bluetooth failure: the problem appeared after the unit was dropped.,Accidental Drop,2026-05-09,2027-05-09,2026-06-08,2026-06-17,12,0,502.87,39,326,9,0.732,0,0,1,0,0,1,1,1,0,0,excluded_damage,Invalid Claim,2026-05-09,326,1
CLM-00359,PRD-00359,Home Appliances,KitchenPro,AeroBreeze 1.5T,SN-KIT-8346598,Brand Flagship Store,INV-2024-64053,PCB failure,PCB failure: the problem appeared after the unit was dropped.,Accidental Drop,2024-06-20,2026-06-21,2026-07-07,2026-07-09,24,0,924.48,749,-18,2,0.242,0,0,1,0,0,1,1,1,1,0,expired,Invalid Claim,2024-06-20,0,0
CLM-00360,PRD-00360,Consumer Electronics,VividDisplay,NovaPods Max,SN-VIV-8546513,Industrial Supply Direct,INV-2024-88438,Speaker malfunction,Speaker malfunction: the problem started without any external cause during normal use.,Manufacturing Defect,2024-07-16,2026-07-17,2026-05-11,2026-05-22,24,0,722.34,675,56,11,0.877,0,0,1,0,0,1,1,1,1,0,covered_defect,Valid Claim,2024-07-16,56,0
CLM-00361,PRD-00361,Home Appliances,AeroBreeze,CleanCycle 8kg,SN-AER-6392764,National Appliance Depot,INV-2025-98987,Thermostat failure,Thermostat failure: the problem appeared after contact with water.,Water Ingress,2025-07-31,2027-08-01,2026-01-14,2026-01-14,24,0,831.74,167,564,0,0.776,2,0,1,0,0,1,1,1,1,1,excluded_damage,Invalid Claim,2025-07-31,564,0
CLM-00362,PRD-00362,Consumer Electronics,PixelCraft,NovaPhone 12,SN-PIX-5289277,City Electronics Mall,INV-2026-44594,Wi-Fi/Bluetooth failure,Wi-Fi/Bluetooth failure: the problem appeared after the unit was dropped.,Accidental Drop,2026-07-25,2027-07-25,2026-08-30,2026-08-30,12,0,496.34,36,329,0,0.694,0,0,1,0,0,1,0,1,1,0,excluded_damage,Invalid Claim,2026-07-25,329,1
CLM-00363,PRD-00363,Home Appliances,AeroBreeze,AeroBreeze 1.5T,SN-AER-2515075,Metro Hardware Centre,INV-2023-96804,Motor burnout,Motor burnout: the problem started without any external cause during normal use.,Manufacturing Defect,2023-06-09,2026-06-09,2026-05-31,2026-06-11,36,0,1345.41,1098,-2,11,0.813,1,0,1,0,0,1,1,1,1,1,grace_boundary,Manual Review,2023-06-09,0,0
CLM-00364,PRD-00364,Home Appliances,KitchenPro,KitchenPro 30L,SN-KIT-1428710,MegaMart Online,INV-2025-43179,Thermostat failure,Thermostat failure: the problem started without any external cause during normal use.,Manufacturing Defect,2025-12-28,2027-12-29,2026-04-10,2026-04-26,24,0,527.72,119,612,16,0.531,0,0,1,0,0,1,1,0,0,0,missing_documents,Manual Review,2025-12-28,612,2
CLM-00365,PRD-00365,Consumer Electronics,ApexTech,NovaPods Max,SN-APE-9151812,Industrial Supply Direct,INV-2025-17669,Motherboard failure,Motherboard failure: the problem has no obvious cause.,Unknown / Not Sure,2025-10-02,2028-10-02,2026-06-06,2026-06-09,36,1,848.12,250,846,3,0.298,0,0,1,0,0,1,1,1,1,0,ambiguous_cause,Manual Review,2025-10-02,846,0
CLM-00366,PRD-00366,Consumer Electronics,VividDisplay,VividTab 11,SN-VIV-4682858,Industrial Supply Direct,INV-2025-30246,Wi-Fi/Bluetooth failure,Wi-Fi/Bluetooth failure: the problem appeared after the unit was dropped.,Accidental Drop,2025-10-30,2027-10-31,2026-01-01,2026-01-04,24,1,518.75,66,665,3,0.595,0,0,1,0,0,1,1,1,0,0,excluded_damage,Invalid Claim,2025-10-30,665,1
CLM-00367,PRD-00367,Consumer Electronics,ApexTech,PixelWatch 3,SN-APE-2585253,Brand Flagship Store,INV-2025-75332,Battery not charging,Battery not charging: the problem started without any external cause during normal use.,Manufacturing Defect,2025-10-01,2026-10-01,2026-05-16,2026-05-19,12,0,428.91,230,135,3,0.956,1,0,1,0,0,1,1,1,1,1,covered_defect,Valid Claim,2025-10-01,135,0
CLM-00368,PRD-00368,Consumer Electronics,VividDisplay,ApexBook Pro 16,SN-VIV-3289246,Brand Flagship Store,INV-2023-26684,Motherboard failure,Motherboard failure: the problem started without any external cause during normal use.,Manufacturing Defect,2023-01-24,2025-01-24,2026-01-18,2026-02-02,24,0,367.93,1105,-374,15,0.628,1,0,1,0,0,1,0,1,1,1,expired,Invalid Claim,2023-01-24,0,1
CLM-00369,PRD-00369,Consumer Electronics,PixelCraft,NovaPhone 12,SN-PIX-8183513,Brand Flagship Store,INV-2024-61097,Speaker malfunction,Speaker malfunction: the problem developed gradually with regular use.,Normal Wear and Tear,2024-12-17,2026-12-18,2026-01-14,2026-01-27,24,1,569.39,406,325,13,0.606,0,0,1,0,0,1,1,1,1,0,covered_defect,Valid Claim,2024-12-17,325,0
CLM-00370,PRD-00370,Industrial Tools,TorqueMax,IronForge Grinder 9,SN-TOR-8919192,National Appliance Depot,INV-2024-97492,Seal failure,Seal failure: the problem appeared under heavy load.,Mechanical Stress,2024-07-31,2027-08-01,2024-06-27,2026-05-17,36,0,329.12,655,441,689,0.36,0,0,1,0,1,1,1,1,1,0,contradiction,Manual Review,2024-07-31,441,0
CLM-00371,PRD-00371,Consumer Electronics,PixelCraft,ApexBook Pro 16,SN-PIX-5095023,Brand Flagship Store,INV-2024-30500,Battery not charging,Battery not charging: the problem developed gradually with regular use.,Normal Wear and Tear,2024-08-23,2026-08-24,2026-02-11,2026-03-01,24,1,448.07,555,176,18,0.669,0,0,1,0,0,1,1,1,1,0,covered_defect,Valid Claim,2024-08-23,176,0
CLM-00372,PRD-00372,Consumer Electronics,ApexTech,PixelWatch 3,SN-APE-4825592,National Appliance Depot,INV-2026-68677,Touch panel unresponsive,Touch panel unresponsive: the problem appeared after the unit was dropped.,Accidental Drop,2026-03-15,2027-03-15,2026-05-06,2026-05-20,12,0,861.09,66,299,14,0.275,0,0,1,0,0,1,1,1,1,0,ambiguous_cause,Manual Review,2026-03-15,299,0
CLM-00373,PRD-00373,Consumer Electronics,PixelCraft,NovaPods Max,SN-PIX-2344388,City Electronics Mall,INV-2026-46233,Battery not charging,Battery not charging: the problem started without any external cause during normal use.,Manufacturing Defect,2026-01-13,2028-01-14,2026-03-30,2026-04-01,24,1,927.63,78,653,2,0.624,0,0,1,0,0,1,0,0,1,0,missing_documents,Manual Review,2026-01-13,653,2
CLM-00374,PRD-00374,Industrial Tools,IronForge,HydraPower Jack 5T,SN-IRO-6528726,Industrial Supply Direct,INV-2026-12991,Gearbox seizure,Gearbox seizure: the problem started without any external cause during normal use.,Manufacturing Defect,2026-02-22,2029-02-22,2026-08-19,2026-09-02,36,0,541.51,192,904,14,0.788,2,0,0,0,0,1,1,1,1,0,serial_mismatch,Invalid Claim,2026-02-22,904,0
CLM-00375,PRD-00375,Industrial Tools,VoltEdge,IronForge Grinder 9,SN-VOL-7160742,Industrial Supply Direct,INV-2023-26355,Armature burnout,Armature burnout: the problem developed gradually with regular use.,Normal Wear and Tear,2023-12-29,2025-12-29,2026-01-08,2026-01-08,24,0,573.33,741,-10,0,0.672,0,0,1,0,0,1,1,1,1,0,grace_boundary,Manual Review,2023-12-29,0,0
CLM-00376,PRD-00376,Consumer Electronics,NovaSound,PixelWatch 3,SN-NOV-6377874,National Appliance Depot,INV-2025-63628,Motherboard failure,Motherboard failure: the problem developed gradually with regular use.,Normal Wear and Tear,2025-06-14,2026-06-14,2026-06-28,2026-07-02,12,0,792.86,383,-18,4,0.727,0,0,1,0,0,1,1,1,1,0,expired,Invalid Claim,2025-06-14,0,0
CLM-00377,PRD-00377,Home Appliances,AeroBreeze,AeroBreeze 1.5T,SN-AER-3205399,Industrial Supply Direct,INV-2025-82128,Thermostat failure,Thermostat failure: the problem appeared after the unit was dropped.,Accidental Drop,2025-02-21,2028-02-22,2026-04-12,2026-04-29,36,0,764.59,432,664,17,0.307,0,0,1,1,0,1,0,1,1,0,possible_duplicate,Manual Review,2025-02-21,664,1
CLM-00378,PRD-00378,Home Appliances,KitchenPro,FrostGuard 450L,SN-KIT-9011003,Metro Hardware Centre,INV-2024-97178,PCB failure,PCB failure: the problem appeared under heavy load.,Mechanical Stress,2024-08-26,2026-08-27,2026-08-27,2026-09-05,24,0,1032.2,740,-9,9,0.189,0,0,1,0,0,1,1,1,1,0,grace_boundary,Manual Review,2024-08-26,0,0
CLM-00379,PRD-00379,Home Appliances,FrostGuard,KitchenPro 30L,SN-FRO-2137891,City Electronics Mall,INV-2024-20642,Thermostat failure,Thermostat failure: the problem developed gradually with regular use.,Normal Wear and Tear,2024-03-06,2027-03-07,2024-02-23,2026-08-02,36,0,617.72,879,217,891,0.306,0,0,1,0,1,1,1,1,1,0,contradiction,Manual Review,2024-03-06,217,0
CLM-00380,PRD-00380,Consumer Electronics,NovaSound,NovaPhone 12,SN-NOV-3393389,City Electronics Mall,INV-2025-34959,Touch panel unresponsive,Touch panel unresponsive: the problem started without any external cause during normal use.,Manufacturing Defect,2025-08-13,2026-08-13,2026-08-06,2026-08-10,12,0,998.3,362,3,4,0.792,0,0,1,0,0,1,1,1,1,0,covered_defect,Valid Claim,2025-08-13,3,0
CLM-00381,PRD-00381,Home Appliances,FrostGuard,CleanCycle 8kg,SN-FRO-5905691,Brand Flagship Store,INV-2024-43582,Compressor failure,Compressor failure: the problem has no obvious cause.,Unknown / Not Sure,2024-10-27,2026-10-28,2026-06-19,2026-06-20,24,0,528.08,601,130,1,0.184,0,0,1,0,0,1,0,0,0,0,missing_documents,Manual Review,2024-10-27,130,3
CLM-00382,PRD-00382,Home Appliances,KitchenPro,FrostGuard 450L,SN-KIT-2314773,Metro Hardware Centre,INV-2024-54034,PCB failure,PCB failure: the problem developed gradually with regular use.,Normal Wear and Tear,2024-11-17,2026-11-18,2026-05-13,2026-05-21,24,0,535.71,550,181,8,0.207,2,0,1,0,0,1,0,1,1,1,repeat_repairs,Manual Review,2024-11-17,181,1
CLM-00383,PRD-00383,Consumer Electronics,NovaSound,NovaPhone 12,SN-NOV-7001959,MegaMart Online,INV-2025-36935,Screen flickering,Screen flickering: the problem appeared under heavy load.,Mechanical Stress,2025-04-18,2027-04-19,2026-09-03,2026-09-07,24,1,828.17,507,224,4,0.238,0,0,1,0,0,1,0,1,0,0,missing_documents,Manual Review,2025-04-18,224,2
CLM-00384,PRD-00384,Consumer Electronics,PixelCraft,PixelWatch 3,SN-PIX-5375027,MegaMart Online,INV-2025-63990,Touch panel unresponsive,Touch panel unresponsive: the problem appeared after a power fluctuation.,Electrical Surge,2025-10-25,2026-10-25,2026-05-09,2026-05-09,12,0,873.16,196,169,0,0.652,0,0,0,1,0,1,0,1,1,0,excluded_damage,Invalid Claim,2025-10-25,169,1
CLM-00385,PRD-00385,Industrial Tools,HydraPower,TorqueMax HD Drill,SN-HYD-9551572,Metro Hardware Centre,INV-2022-84518,Seal failure,Seal failure: the problem developed gradually with regular use.,Normal Wear and Tear,2022-12-24,2025-12-24,2026-07-16,2026-07-19,36,0,351.73,1303,-207,3,0.333,1,0,1,0,0,1,1,1,1,0,expired,Invalid Claim,2022-12-24,0,0
CLM-00386,PRD-00386,Home Appliances,FrostGuard,AeroBreeze 1.5T,SN-FRO-4855591,Industrial Supply Direct,INV-2024-88014,PCB failure,PCB failure: the problem appeared after a power fluctuation.,Electrical Surge,2024-07-25,2026-07-26,2026-06-23,2026-06-29,24,0,1036.31,704,27,6,0.736,0,0,1,0,0,1,1,1,0,0,covered_defect,Valid Claim,2024-07-25,27,1
CLM-00387,PRD-00387,Home Appliances,AeroBreeze,FrostGuard 450L,SN-AER-1637280,Metro Hardware Centre,INV-2025-97174,Water pump leakage,Water pump leakage: the problem has no obvious cause.,Unknown / Not Sure,2025-12-21,2027-12-22,2026-01-22,2026-01-28,24,0,1611.53,38,693,6,0.41,0,0,1,0,0,1,1,1,1,0,ambiguous_cause,Manual Review,2025-12-21,693,0
CLM-00388,PRD-00388,Consumer Electronics,NovaSound,NovaPhone 12,SN-NOV-8870495,National Appliance Depot,INV-2025-15504,Wi-Fi/Bluetooth failure,Wi-Fi/Bluetooth failure: the problem appeared after the unit was dropped.,Accidental Drop,2025-04-01,2026-04-01,2026-03-11,2026-03-12,12,0,353.56,345,20,1,0.494,0,0,1,0,0,0,1,1,1,0,missing_documents,Manual Review,2025-04-01,20,1
CLM-00389,PRD-00389,Consumer Electronics,VividDisplay,NovaPods Max,SN-VIV-2368710,City Electronics Mall,INV-2026-76529,Motherboard failure,Motherboard failure: the problem developed gradually with regular use.,Normal Wear and Tear,2026-01-16,2027-01-16,2026-06-10,2026-06-21,12,0,793.0,156,209,11,0.195,0,0,1,0,0,1,1,1,0,0,covered_defect,Valid Claim,2026-01-16,209,1
CLM-00390,PRD-00390,Home Appliances,AeroBreeze,FrostGuard 450L,SN-AER-1406558,City Electronics Mall,INV-2026-53333,Thermostat failure,Thermostat failure: the problem has no obvious cause.,Unknown / Not Sure,2026-04-08,2028-04-08,2026-07-22,2026-07-23,24,0,896.37,106,625,1,0.346,0,0,1,0,0,1,1,1,1,0,ambiguous_cause,Manual Review,2026-04-08,625,0
CLM-00391,PRD-00391,Industrial Tools,TorqueMax,HydraPower Jack 5T,SN-TOR-7150988,Metro Hardware Centre,INV-2024-30004,Armature burnout,Armature burnout: the problem started without any external cause during normal use.,Manufacturing Defect,2024-12-18,2026-12-19,2026-01-14,2026-01-18,24,0,436.55,396,335,4,0.853,0,0,0,0,0,1,1,1,1,0,serial_mismatch,Invalid Claim,2024-12-18,335,0
CLM-00392,PRD-00392,Industrial Tools,IronForge,VoltEdge Saw 18V,SN-IRO-7899260,Brand Flagship Store,INV-2021-47189,Gearbox seizure,Gearbox seizure: the problem started without any external cause during normal use.,Manufacturing Defect,2021-11-01,2025-11-01,2026-04-18,2026-04-26,48,1,273.15,1637,-176,8,0.838,0,0,0,0,0,1,1,1,1,0,expired,Invalid Claim,2021-11-01,0,0
CLM-00393,PRD-00393,Industrial Tools,HydraPower,VoltEdge Saw 18V,SN-HYD-5777564,National Appliance Depot,INV-2024-55495,Trigger switch failure,Trigger switch failure: the problem appeared under heavy load.,Mechanical Stress,2024-04-30,2026-05-01,2026-05-09,2026-05-10,24,0,533.2,740,-9,1,0.633,0,0,1,0,0,1,0,1,1,0,grace_boundary,Manual Review,2024-04-30,0,1
CLM-00394,PRD-00394,Industrial Tools,IronForge,IronForge Grinder 9,SN-IRO-7723820,National Appliance Depot,INV-2022-64250,Chuck bearing failure,Chuck bearing failure: the problem has no obvious cause.,Unknown / Not Sure,2022-11-22,2025-11-22,2026-01-28,2026-01-28,36,1,392.29,1163,-67,0,0.674,0,0,1,0,0,1,1,1,0,0,expired,Invalid Claim,2022-11-22,0,1
CLM-00395,PRD-00395,Industrial Tools,IronForge,VoltEdge Saw 18V,SN-IRO-2446906,National Appliance Depot,INV-2026-44951,Trigger switch failure,Trigger switch failure: the problem appeared under heavy load.,Mechanical Stress,2026-05-11,2029-05-11,2026-04-19,2026-09-17,36,0,647.76,129,967,151,0.831,0,0,1,0,1,0,1,1,0,0,contradiction,Manual Review,2026-05-11,967,2
CLM-00396,PRD-00396,Industrial Tools,TorqueMax,IronForge Grinder 9,SN-TOR-7212701,Metro Hardware Centre,INV-2023-47137,Chuck bearing failure,Chuck bearing failure: the problem developed gradually with regular use.,Normal Wear and Tear,2023-05-10,2025-05-10,2026-04-28,2026-05-22,24,0,290.98,1108,-377,24,0.775,0,0,1,1,0,1,0,1,1,0,expired,Invalid Claim,2023-05-10,0,1
CLM-00397,PRD-00397,Industrial Tools,HydraPower,HydraPower Jack 5T,SN-HYD-4941344,National Appliance Depot,INV-2024-61593,Trigger switch failure,Trigger switch failure: the problem has no obvious cause.,Unknown / Not Sure,2024-08-23,2027-08-24,2026-06-21,2026-06-30,36,0,404.04,676,420,9,0.51,1,0,1,0,0,1,1,0,1,0,covered_defect,Valid Claim,2024-08-23,420,1
CLM-00398,PRD-00398,Industrial Tools,IronForge,VoltEdge Saw 18V,SN-IRO-1827963,Brand Flagship Store,INV-2025-55499,Armature burnout,Armature burnout: the problem appeared under heavy load.,Mechanical Stress,2025-11-25,2028-11-25,2026-08-03,2026-08-05,36,0,1002.97,253,843,2,0.376,2,0,1,0,0,0,0,1,1,1,missing_documents,Manual Review,2025-11-25,843,2
CLM-00399,PRD-00399,Industrial Tools,TorqueMax,HydraPower Jack 5T,SN-TOR-3134795,Industrial Supply Direct,INV-2024-27656,Chuck bearing failure,Chuck bearing failure: the problem started without any external cause during normal use.,Manufacturing Defect,2024-02-28,2026-02-28,2026-03-02,2026-03-09,24,0,359.24,740,-9,7,0.76,1,0,1,0,0,1,1,1,1,1,grace_boundary,Manual Review,2024-02-28,0,0
CLM-00400,PRD-00400,Industrial Tools,VoltEdge,TorqueMax HD Drill,SN-VOL-8701498,City Electronics Mall,INV-2022-65560,Trigger switch failure,Trigger switch failure: the problem appeared after the unit was dropped.,Accidental Drop,2022-12-07,2025-12-07,2026-06-13,2026-06-19,36,1,566.44,1290,-194,6,0.67,0,0,1,0,0,1,1,1,1,0,expired,Invalid Claim,2022-12-07,0,0
CLM-00401,PRD-00401,Consumer Electronics,VividDisplay,NovaPods Max,SN-VIV-7275153,MegaMart Online,INV-2026-76947,Wi-Fi/Bluetooth failure,Wi-Fi/Bluetooth failure: the problem appeared after contact with water.,Water Ingress,2026-05-26,2028-05-26,2026-07-02,2026-07-11,24,0,216.16,46,685,9,0.619,0,0,1,0,0,1,1,1,1,0,excluded_damage,Invalid Claim,2026-05-26,685,0
CLM-00402,PRD-00402,Industrial Tools,TorqueMax,VoltEdge Saw 18V,SN-TOR-2058931,City Electronics Mall,INV-2024-52938,Gearbox seizure,Gearbox seizure: the problem started without any external cause during normal use.,Manufacturing Defect,2024-10-02,2027-10-03,2026-09-07,2026-09-22,36,0,476.36,720,376,15,0.686,0,0,1,0,0,1,1,1,1,0,covered_defect,Valid Claim,2024-10-02,376,0
CLM-00403,PRD-00403,Industrial Tools,VoltEdge,TorqueMax HD Drill,SN-VOL-7517635,National Appliance Depot,INV-2024-38592,Seal failure,Seal failure: the problem appeared under heavy load.,Mechanical Stress,2024-02-04,2026-02-04,2026-01-23,2026-02-04,24,0,514.07,731,0,12,0.784,0,0,1,0,0,0,0,1,1,0,missing_documents,Manual Review,2024-02-04,0,2
CLM-00404,PRD-00404,Home Appliances,KitchenPro,AeroBreeze 1.5T,SN-KIT-7227948,National Appliance Depot,INV-2023-58775,Drum spin malfunction,Drum spin malfunction: the problem has no obvious cause.,Unknown / Not Sure,2023-07-08,2026-07-08,2026-05-02,2026-05-05,36,1,348.25,1032,64,3,0.61,2,0,1,0,0,1,1,1,1,1,repeat_repairs,Manual Review,2023-07-08,64,0
CLM-00405,PRD-00405,Home Appliances,KitchenPro,CleanCycle 8kg,SN-KIT-6025375,Metro Hardware Centre,INV-2026-97258,Compressor failure,Compressor failure: the problem started without any external cause during normal use.,Manufacturing Defect,2026-02-03,2029-02-03,2026-03-21,2026-04-04,36,0,696.13,60,1036,14,0.547,0,0,1,0,0,1,1,1,1,0,covered_defect,Valid Claim,2026-02-03,1036,0
CLM-00406,PRD-00406,Consumer Electronics,VividDisplay,NovaPods Max,SN-VIV-9179815,Metro Hardware Centre,INV-2024-97111,Speaker malfunction,Speaker malfunction: the problem appeared after the unit was dropped.,Accidental Drop,2024-05-02,2026-05-03,2026-05-18,2026-05-19,24,0,845.35,747,-16,1,0.381,0,0,1,0,0,1,1,1,1,0,expired,Invalid Claim,2024-05-02,0,0
CLM-00407,PRD-00407,Consumer Electronics,ApexTech,PixelWatch 3,SN-APE-9123636,Brand Flagship Store,INV-2024-25325,Wi-Fi/Bluetooth failure,Wi-Fi/Bluetooth failure: the problem started without any external cause during normal use.,Manufacturing Defect,2024-09-16,2026-09-17,2026-02-21,2026-03-05,24,1,1270.27,535,196,12,0.889,0,0,1,0,0,1,1,0,1,0,covered_defect,Valid Claim,2024-09-16,196,1
CLM-00408,PRD-00408,Home Appliances,CleanCycle,FrostGuard 450L,SN-CLE-9792143,MegaMart Online,INV-2022-70174,Water pump leakage,Water pump leakage: the problem started without any external cause during normal use.,Manufacturing Defect,2022-02-16,2026-02-16,2026-01-31,2026-02-10,48,1,991.05,1455,6,10,0.529,0,0,1,0,0,1,1,1,1,0,covered_defect,Valid Claim,2022-02-16,6,0
CLM-00409,PRD-00409,Industrial Tools,HydraPower,VoltEdge Saw 18V,SN-HYD-2057317,City Electronics Mall,INV-2023-89614,Trigger switch failure,Trigger switch failure: the problem appeared under heavy load.,Mechanical Stress,2023-08-08,2026-08-08,2026-07-14,2026-07-24,36,0,392.3,1081,15,10,0.84,0,0,1,0,0,1,1,1,1,0,covered_defect,Valid Claim,2023-08-08,15,0
CLM-00410,PRD-00410,Home Appliances,KitchenPro,CleanCycle 8kg,SN-KIT-1832439,City Electronics Mall,INV-2024-90576,Water pump leakage,Water pump leakage: the problem appeared after contact with water.,Water Ingress,2024-12-11,2026-12-12,2026-04-23,2026-05-02,24,0,1184.46,507,224,9,0.412,0,0,1,0,0,1,1,1,1,0,ambiguous_cause,Manual Review,2024-12-11,224,0
CLM-00411,PRD-00411,Home Appliances,KitchenPro,AeroBreeze 1.5T,SN-KIT-8645866,MegaMart Online,INV-2023-79601,Water pump leakage,Water pump leakage: the problem appeared after a power fluctuation.,Electrical Surge,2023-03-26,2026-03-26,2023-03-22,2026-02-25,36,0,292.48,1067,29,1071,0.402,1,0,1,0,1,0,1,1,1,1,contradiction,Manual Review,2023-03-26,29,1
CLM-00412,PRD-00412,Home Appliances,KitchenPro,KitchenPro 30L,SN-KIT-5418375,National Appliance Depot,INV-2025-41180,Thermostat failure,Thermostat failure: the problem started without any external cause during normal use.,Manufacturing Defect,2025-09-07,2027-09-08,2026-03-07,2026-03-16,24,0,1348.71,190,541,9,0.693,1,0,1,0,0,1,1,0,1,1,covered_defect,Valid Claim,2025-09-07,541,1
CLM-00413,PRD-00413,Industrial Tools,TorqueMax,IronForge Grinder 9,SN-TOR-2676301,Industrial Supply Direct,INV-2023-23784,Seal failure,Seal failure: the problem appeared after contact with water.,Water Ingress,2023-08-22,2026-08-22,2026-08-23,2026-08-29,36,0,673.73,1103,-7,6,0.708,1,1,1,0,0,1,1,1,1,1,unauthorized_repair,Invalid Claim,2023-08-22,0,0
CLM-00414,PRD-00414,Home Appliances,KitchenPro,FrostGuard 450L,SN-KIT-5291070,National Appliance Depot,INV-2026-28612,Compressor failure,Compressor failure: the problem appeared under heavy load.,Mechanical Stress,2026-02-12,2029-02-12,2026-05-18,2026-06-01,36,0,928.77,109,987,14,0.348,0,0,1,0,0,1,1,1,1,0,covered_defect,Valid Claim,2026-02-12,987,0
CLM-00415,PRD-00415,Consumer Electronics,ApexTech,ApexBook Pro 16,SN-APE-4963574,Brand Flagship Store,INV-2024-21443,Speaker malfunction,Speaker malfunction: the problem appeared after contact with water.,Water Ingress,2024-11-10,2026-11-11,2026-03-15,2026-03-15,24,1,889.97,490,241,0,0.594,0,0,1,0,0,1,1,1,1,0,excluded_damage,Invalid Claim,2024-11-10,241,0
CLM-00416,PRD-00416,Home Appliances,KitchenPro,CleanCycle 8kg,SN-KIT-1873679,Brand Flagship Store,INV-2024-47224,Compressor failure,Compressor failure: the problem appeared under heavy load.,Mechanical Stress,2024-10-20,2028-10-20,2026-01-29,2026-02-15,48,1,701.93,483,978,17,0.785,1,1,1,0,0,1,1,1,1,1,unauthorized_repair,Invalid Claim,2024-10-20,978,0
CLM-00417,PRD-00417,Home Appliances,FrostGuard,FrostGuard 450L,SN-FRO-8256325,Metro Hardware Centre,INV-2023-33530,Thermostat failure,Thermostat failure: the problem appeared after a power fluctuation.,Electrical Surge,2023-12-25,2026-12-25,2026-09-16,2026-09-17,36,0,513.35,997,99,1,0.564,0,0,1,0,0,1,1,1,1,0,covered_defect,Valid Claim,2023-12-25,99,0
CLM-00418,PRD-00418,Industrial Tools,TorqueMax,IronForge Grinder 9,SN-TOR-6456222,Brand Flagship Store,INV-2026-50917,Seal failure,Seal failure: the problem developed gradually with regular use.,Normal Wear and Tear,2026-01-16,2029-01-16,2026-09-14,2026-09-17,36,0,607.09,244,852,3,0.37,2,0,1,0,0,1,1,1,0,1,repeat_repairs,Manual Review,2026-01-16,852,1
CLM-00419,PRD-00419,Home Appliances,FrostGuard,FrostGuard 450L,SN-FRO-9009035,Industrial Supply Direct,INV-2024-46354,Motor burnout,Motor burnout: the problem developed gradually with regular use.,Normal Wear and Tear,2024-09-19,2026-09-20,2026-02-01,2026-03-11,24,0,1682.2,538,193,38,0.851,0,0,1,0,0,1,1,1,1,0,covered_defect+noise,Invalid Claim,2024-09-19,193,0
CLM-00420,PRD-00420,Industrial Tools,IronForge,TorqueMax HD Drill,SN-IRO-7583167,City Electronics Mall,INV-2024-28665,Gearbox seizure,Gearbox seizure: the problem appeared after a power fluctuation.,Electrical Surge,2024-07-20,2026-07-21,2026-05-23,2026-06-03,24,0,1245.07,683,48,11,0.304,2,0,1,0,0,1,1,1,0,1,repeat_repairs,Manual Review,2024-07-20,48,1
CLM-00421,PRD-00421,Home Appliances,KitchenPro,CleanCycle 8kg,SN-KIT-6629840,Industrial Supply Direct,INV-2025-29582,Thermostat failure,Thermostat failure: the problem started without any external cause during normal use.,Manufacturing Defect,2025-11-15,2028-11-15,2026-08-14,2026-08-21,36,0,554.09,279,817,7,0.855,0,0,1,0,0,1,1,0,1,0,covered_defect,Valid Claim,2025-11-15,817,1
CLM-00422,PRD-00422,Industrial Tools,IronForge,TorqueMax HD Drill,SN-IRO-9452445,Brand Flagship Store,INV-2024-54973,Seal failure,Seal failure: the problem developed gradually with regular use.,Normal Wear and Tear,2024-05-14,2027-05-15,2026-03-02,2026-04-14,36,0,435.36,700,396,43,0.502,0,0,1,0,0,1,1,1,0,0,late_reporting,Invalid Claim,2024-05-14,396,1
CLM-00423,PRD-00423,Home Appliances,CleanCycle,CleanCycle 8kg,SN-CLE-6435961,Industrial Supply Direct,INV-2025-95573,PCB failure,PCB failure: the problem developed gradually with regular use.,Normal Wear and Tear,2025-12-14,2027-12-15,2026-01-04,2026-01-04,24,0,565.94,21,710,0,0.423,0,0,1,0,0,1,1,1,0,0,covered_defect,Valid Claim,2025-12-14,710,1
CLM-00424,PRD-00424,Industrial Tools,TorqueMax,VoltEdge Saw 18V,SN-TOR-5275201,MegaMart Online,INV-2022-64305,Armature burnout,Armature burnout: the problem developed gradually with regular use.,Normal Wear and Tear,2022-06-19,2025-06-19,2026-02-11,2026-02-22,36,0,183.86,1344,-248,11,0.587,1,0,1,0,0,1,1,1,1,0,expired,Invalid Claim,2022-06-19,0,0
CLM-00425,PRD-00425,Consumer Electronics,NovaSound,ApexBook Pro 16,SN-NOV-2987508,Metro Hardware Centre,INV-2024-77233,Wi-Fi/Bluetooth failure,Wi-Fi/Bluetooth failure: the problem appeared after the unit was dropped.,Accidental Drop,2024-12-28,2025-12-28,2026-07-20,2026-07-20,12,0,394.62,569,-204,0,0.442,0,0,1,0,0,1,1,1,1,0,expired,Invalid Claim,2024-12-28,0,0
CLM-00426,PRD-00426,Industrial Tools,HydraPower,VoltEdge Saw 18V,SN-HYD-8614067,MegaMart Online,INV-2026-13622,Armature burnout,Armature burnout: the problem appeared after contact with water.,Water Ingress,2026-04-18,2028-04-18,2026-07-27,2026-07-31,24,0,278.01,104,627,4,0.215,0,0,1,0,0,1,0,1,1,0,ambiguous_cause,Manual Review,2026-04-18,627,1
CLM-00427,PRD-00427,Consumer Electronics,ApexTech,VividTab 11,SN-APE-4521511,Metro Hardware Centre,INV-2024-45470,Motherboard failure,Motherboard failure: the problem appeared after the unit was dropped.,Accidental Drop,2024-06-19,2026-06-20,2026-06-07,2026-06-29,24,0,238.14,740,-9,22,0.463,1,0,1,0,0,1,0,1,0,1,expired,Invalid Claim,2024-06-19,0,2
CLM-00428,PRD-00428,Home Appliances,KitchenPro,KitchenPro 30L,SN-KIT-8512424,City Electronics Mall,INV-2022-75007,Motor burnout,Motor burnout: the problem started without any external cause during normal use.,Manufacturing Defect,2022-12-19,2026-12-19,2026-03-30,2026-04-04,48,1,629.05,1202,259,5,0.758,1,0,1,0,0,1,1,1,1,1,covered_defect,Valid Claim,2022-12-19,259,0
CLM-00429,PRD-00429,Home Appliances,KitchenPro,CleanCycle 8kg,SN-KIT-7768204,MegaMart Online,INV-2024-49938,Drum spin malfunction,Drum spin malfunction: the problem developed gradually with regular use.,Normal Wear and Tear,2024-04-19,2026-04-20,2026-03-29,2026-04-10,24,0,1004.16,721,10,12,0.484,0,0,1,0,0,1,1,1,1,0,covered_defect,Valid Claim,2024-04-19,10,0
CLM-00430,PRD-00430,Consumer Electronics,ApexTech,PixelWatch 3,SN-APE-1656942,National Appliance Depot,INV-2025-41546,Wi-Fi/Bluetooth failure,Wi-Fi/Bluetooth failure: the problem appeared after a power fluctuation.,Electrical Surge,2025-09-25,2026-09-25,2026-06-22,2026-06-28,12,0,597.1,276,89,6,0.519,0,0,1,0,0,1,0,1,1,0,ambiguous_cause,Manual Review,2025-09-25,89,1
CLM-00431,PRD-00431,Home Appliances,KitchenPro,AeroBreeze 1.5T,SN-KIT-8984493,Industrial Supply Direct,INV-2021-64136,Water pump leakage,Water pump leakage: the problem developed gradually with regular use.,Normal Wear and Tear,2021-06-19,2025-06-19,2026-03-08,2026-03-21,48,1,1156.47,1736,-275,13,0.643,2,0,1,0,0,1,1,1,1,0,expired,Invalid Claim,2021-06-19,0,0
CLM-00432,PRD-00432,Home Appliances,FrostGuard,KitchenPro 30L,SN-FRO-7320216,National Appliance Depot,INV-2025-14712,Motor burnout,Motor burnout: the problem appeared under heavy load.,Mechanical Stress,2025-01-01,2028-01-02,2026-03-02,2026-03-10,36,0,502.29,433,663,8,0.542,0,0,1,0,0,1,1,1,1,0,covered_defect,Valid Claim,2025-01-01,663,0
CLM-00433,PRD-00433,Home Appliances,FrostGuard,KitchenPro 30L,SN-FRO-6490638,MegaMart Online,INV-2023-13637,Motor burnout,Motor burnout: the problem started without any external cause during normal use.,Manufacturing Defect,2023-07-11,2026-07-11,2026-02-01,2026-03-08,36,0,779.75,971,125,35,0.798,0,0,1,0,0,1,1,1,1,0,covered_defect,Valid Claim,2023-07-11,125,0
CLM-00434,PRD-00434,Home Appliances,FrostGuard,FrostGuard 450L,SN-FRO-5152462,Industrial Supply Direct,INV-2025-62390,PCB failure,PCB failure: the problem appeared under heavy load.,Mechanical Stress,2025-12-01,2027-12-02,2026-07-26,2026-07-28,24,0,433.81,239,492,2,0.265,1,0,1,0,0,1,1,1,1,1,covered_defect,Valid Claim,2025-12-01,492,0
CLM-00435,PRD-00435,Consumer Electronics,PixelCraft,PixelWatch 3,SN-PIX-8128208,MegaMart Online,INV-2024-46152,Screen flickering,Screen flickering: the problem appeared after the unit was dropped.,Accidental Drop,2024-11-21,2026-11-22,2026-07-27,2026-07-28,24,0,1245.35,614,117,1,0.623,0,0,1,0,0,1,1,1,1,0,excluded_damage,Invalid Claim,2024-11-21,117,0
CLM-00436,PRD-00436,Industrial Tools,TorqueMax,IronForge Grinder 9,SN-TOR-9634728,City Electronics Mall,INV-2023-88420,Gearbox seizure,Gearbox seizure: the problem appeared after the unit was dropped.,Accidental Drop,2023-09-08,2025-09-08,2026-05-21,2026-06-12,24,0,1945.29,1008,-277,22,0.403,0,0,0,0,0,0,0,1,1,0,expired,Invalid Claim,2023-09-08,0,2
CLM-00437,PRD-00437,Home Appliances,CleanCycle,KitchenPro 30L,SN-CLE-9504380,MegaMart Online,INV-2024-33864,PCB failure,PCB failure: the problem started without any external cause during normal use.,Manufacturing Defect,2024-08-11,2027-08-12,2026-05-26,2026-06-13,36,0,676.5,671,425,18,0.885,1,0,0,0,0,1,1,1,1,1,serial_mismatch,Invalid Claim,2024-08-11,425,0
CLM-00438,PRD-00438,Home Appliances,AeroBreeze,KitchenPro 30L,SN-AER-4103972,Metro Hardware Centre,INV-2023-37099,Motor burnout,Motor burnout: the problem started without any external cause during normal use.,Manufacturing Defect,2023-07-26,2026-07-26,2026-07-03,2026-07-11,36,0,698.09,1081,15,8,0.624,0,0,1,0,0,1,1,1,1,0,covered_defect,Valid Claim,2023-07-26,15,0
CLM-00439,PRD-00439,Consumer Electronics,VividDisplay,NovaPods Max,SN-VIV-3760247,City Electronics Mall,INV-2026-44372,Wi-Fi/Bluetooth failure,Wi-Fi/Bluetooth failure: the problem appeared under heavy load.,Mechanical Stress,2026-03-22,2028-03-22,2026-07-09,2026-07-16,24,0,248.26,116,615,7,0.298,0,0,1,0,0,1,1,1,1,0,covered_defect,Valid Claim,2026-03-22,615,0
CLM-00440,PRD-00440,Industrial Tools,HydraPower,TorqueMax HD Drill,SN-HYD-3365095,National Appliance Depot,INV-2025-68906,Seal failure,Seal failure: the problem appeared after the unit was dropped.,Accidental Drop,2025-07-08,2027-07-09,2026-02-23,2026-03-08,24,0,373.85,243,488,13,0.578,0,0,1,0,0,1,1,1,1,0,excluded_damage,Invalid Claim,2025-07-08,488,0
CLM-00441,PRD-00441,Industrial Tools,HydraPower,TorqueMax HD Drill,SN-HYD-1797507,City Electronics Mall,INV-2026-98743,Seal failure,Seal failure: the problem appeared under heavy load.,Mechanical Stress,2026-06-29,2028-06-29,2026-09-10,2026-09-11,24,0,1514.11,74,657,1,0.435,0,0,1,0,0,0,1,1,1,0,missing_documents,Manual Review,2026-06-29,657,1
CLM-00442,PRD-00442,Industrial Tools,VoltEdge,IronForge Grinder 9,SN-VOL-1047341,MegaMart Online,INV-2025-29413,Gearbox seizure,Gearbox seizure: the problem appeared under heavy load.,Mechanical Stress,2025-12-19,2027-12-20,2026-08-21,2026-08-23,24,0,335.7,247,484,2,0.344,1,0,0,0,0,1,1,1,1,1,serial_mismatch,Invalid Claim,2025-12-19,484,0
CLM-00443,PRD-00443,Home Appliances,AeroBreeze,KitchenPro 30L,SN-AER-7190523,City Electronics Mall,INV-2025-83538,Thermostat failure,Thermostat failure: the problem started without any external cause during normal use.,Manufacturing Defect,2025-01-10,2027-01-11,2026-03-03,2026-03-06,24,0,244.75,420,311,3,0.527,1,0,1,0,0,1,1,1,1,1,covered_defect,Valid Claim,2025-01-10,311,0
CLM-00444,PRD-00444,Industrial Tools,VoltEdge,IronForge Grinder 9,SN-VOL-2260293,Metro Hardware Centre,INV-2025-94962,Trigger switch failure,Trigger switch failure: the problem appeared after contact with water.,Water Ingress,2025-12-06,2027-12-07,2026-08-22,2026-08-23,24,0,634.81,260,471,1,0.338,0,0,1,0,0,1,1,1,1,0,ambiguous_cause,Manual Review,2025-12-06,471,0
CLM-00445,PRD-00445,Industrial Tools,IronForge,HydraPower Jack 5T,SN-IRO-1107422,Industrial Supply Direct,INV-2023-98743,Gearbox seizure,Gearbox seizure: the problem appeared under heavy load.,Mechanical Stress,2023-03-16,2026-03-16,2026-01-30,2026-01-30,36,1,895.86,1051,45,0,0.297,1,0,1,0,0,1,1,1,1,1,covered_defect,Valid Claim,2023-03-16,45,0
CLM-00446,PRD-00446,Consumer Electronics,NovaSound,ApexBook Pro 16,SN-NOV-2279875,Brand Flagship Store,INV-2026-50278,Motherboard failure,Motherboard failure: the problem has no obvious cause.,Unknown / Not Sure,2026-02-01,2028-02-02,2026-07-08,2026-07-08,24,1,433.7,157,574,0,0.266,1,0,1,1,0,1,1,1,1,0,possible_duplicate,Manual Review,2026-02-01,574,0
CLM-00447,PRD-00447,Consumer Electronics,PixelCraft,NovaPhone 12,SN-PIX-8582604,Brand Flagship Store,INV-2025-59568,Screen flickering,Screen flickering: the problem appeared after contact with water.,Water Ingress,2025-06-30,2027-07-01,2026-09-17,2026-09-18,24,0,475.7,445,286,1,0.717,0,0,0,0,0,1,1,1,1,0,excluded_damage,Invalid Claim,2025-06-30,286,0
CLM-00448,PRD-00448,Consumer Electronics,NovaSound,NovaPhone 12,SN-NOV-4050341,Industrial Supply Direct,INV-2026-85059,Battery not charging,Battery not charging: the problem appeared after the unit was dropped.,Accidental Drop,2026-02-10,2029-02-10,2026-07-23,2026-07-25,36,1,1064.38,165,931,2,0.623,0,0,1,0,0,1,1,1,1,0,excluded_damage,Invalid Claim,2026-02-10,931,0
CLM-00449,PRD-00449,Home Appliances,AeroBreeze,KitchenPro 30L,SN-AER-7362332,Industrial Supply Direct,INV-2023-39959,Drum spin malfunction,Drum spin malfunction: the problem developed gradually with regular use.,Normal Wear and Tear,2023-05-19,2026-05-19,2026-05-09,2026-05-29,36,0,570.76,1106,-10,20,0.613,0,0,1,0,0,1,1,1,1,0,grace_boundary,Manual Review,2023-05-19,0,0
CLM-00450,PRD-00450,Industrial Tools,IronForge,TorqueMax HD Drill,SN-IRO-2646516,City Electronics Mall,INV-2023-20087,Chuck bearing failure,Chuck bearing failure: the problem appeared after a power fluctuation.,Electrical Surge,2023-04-05,2026-04-05,2023-03-11,2026-04-02,36,0,974.63,1093,3,1118,0.195,0,0,1,0,1,1,1,1,1,0,contradiction,Manual Review,2023-04-05,3,0
CLM-00451,PRD-00451,Consumer Electronics,NovaSound,NovaPhone 12,SN-NOV-5547438,Brand Flagship Store,INV-2024-48459,Wi-Fi/Bluetooth failure,Wi-Fi/Bluetooth failure: the problem developed gradually with regular use.,Normal Wear and Tear,2024-04-02,2026-04-03,2026-04-01,2026-04-01,24,1,536.94,729,2,0,0.392,1,0,1,0,0,1,1,1,1,1,covered_defect,Valid Claim,2024-04-02,2,0
CLM-00452,PRD-00452,Consumer Electronics,PixelCraft,ApexBook Pro 16,SN-PIX-1666519,City Electronics Mall,INV-2022-21928,Screen flickering,Screen flickering: the problem started without any external cause during normal use.,Manufacturing Defect,2022-12-20,2025-12-20,2025-12-28,2026-01-05,36,1,358.78,1112,-16,8,0.733,0,0,1,0,0,1,1,1,1,0,expired,Invalid Claim,2022-12-20,0,0
CLM-00453,PRD-00453,Industrial Tools,VoltEdge,TorqueMax HD Drill,SN-VOL-7311462,National Appliance Depot,INV-2024-13717,Trigger switch failure,Trigger switch failure: the problem started without any external cause during normal use.,Manufacturing Defect,2024-07-16,2026-07-17,2026-06-03,2026-06-15,24,0,1131.35,699,32,12,0.65,0,0,1,0,0,1,1,1,1,0,covered_defect,Valid Claim,2024-07-16,32,0
CLM-00454,PRD-00454,Consumer Electronics,PixelCraft,NovaPhone 12,SN-PIX-8407337,Brand Flagship Store,INV-2026-27440,Battery not charging,Battery not charging: the problem appeared after contact with water.,Water Ingress,2026-04-27,2028-04-27,2026-07-23,2026-07-25,24,0,570.46,89,642,2,0.735,1,1,1,0,0,1,0,1,1,0,unauthorized_repair,Invalid Claim,2026-04-27,642,1
CLM-00455,PRD-00455,Consumer Electronics,VividDisplay,ApexBook Pro 16,SN-VIV-9904609,Industrial Supply Direct,INV-2025-88314,Motherboard failure,Motherboard failure: the problem appeared after the unit was dropped.,Accidental Drop,2025-09-19,2026-09-19,2026-06-28,2026-07-20,12,0,954.03,304,61,22,0.859,0,0,1,0,0,1,1,1,1,0,excluded_damage,Invalid Claim,2025-09-19,61,0
CLM-00456,PRD-00456,Home Appliances,FrostGuard,KitchenPro 30L,SN-FRO-1780711,City Electronics Mall,INV-2023-95460,Motor burnout,Motor burnout: the problem developed gradually with regular use.,Normal Wear and Tear,2023-08-20,2026-08-20,2026-07-29,2026-08-06,36,1,941.33,1082,14,8,0.402,0,0,1,1,0,1,1,1,1,0,possible_duplicate,Manual Review,2023-08-20,14,0
CLM-00457,PRD-00457,Industrial Tools,TorqueMax,HydraPower Jack 5T,SN-TOR-5973294,MegaMart Online,INV-2026-43835,Trigger switch failure,Trigger switch failure: the problem started without any external cause during normal use.,Manufacturing Defect,2026-03-19,2029-03-19,2026-07-03,2026-07-03,36,1,275.1,106,990,0,0.722,0,0,1,1,0,1,1,1,1,0,possible_duplicate,Manual Review,2026-03-19,990,0
CLM-00458,PRD-00458,Consumer Electronics,ApexTech,NovaPhone 12,SN-APE-3238213,Metro Hardware Centre,INV-2026-15257,Battery not charging,Battery not charging: the problem developed gradually with regular use.,Normal Wear and Tear,2026-03-27,2027-03-27,2026-07-20,2026-07-22,12,0,412.48,117,248,2,0.789,0,0,1,0,0,0,1,0,1,0,missing_documents,Manual Review,2026-03-27,248,2
CLM-00459,PRD-00459,Industrial Tools,TorqueMax,TorqueMax HD Drill,SN-TOR-4586972,Brand Flagship Store,INV-2025-92559,Gearbox seizure,Gearbox seizure: the problem developed gradually with regular use.,Normal Wear and Tear,2025-01-21,2029-01-21,2026-07-07,2026-07-12,48,1,619.01,537,924,5,0.557,0,0,1,0,0,1,1,1,1,0,covered_defect,Valid Claim,2025-01-21,924,0
CLM-00460,PRD-00460,Industrial Tools,TorqueMax,VoltEdge Saw 18V,SN-TOR-7834545,Industrial Supply Direct,INV-2024-15187,Seal failure,Seal failure: the problem developed gradually with regular use.,Normal Wear and Tear,2024-07-13,2026-07-14,2026-07-06,2026-07-08,24,0,922.77,725,6,2,0.786,0,0,1,0,0,1,1,1,1,0,covered_defect,Valid Claim,2024-07-13,6,0
CLM-00461,PRD-00461,Consumer Electronics,ApexTech,VividTab 11,SN-APE-4655055,Metro Hardware Centre,INV-2024-82385,Speaker malfunction,Speaker malfunction: the problem started without any external cause during normal use.,Manufacturing Defect,2024-03-26,2026-03-27,2026-03-11,2026-04-05,24,1,577.13,740,-9,25,0.546,0,0,1,0,0,1,1,1,1,0,expired,Invalid Claim,2024-03-26,0,0
CLM-00462,PRD-00462,Consumer Electronics,VividDisplay,ApexBook Pro 16,SN-VIV-1449806,City Electronics Mall,INV-2025-14881,Battery not charging,Battery not charging: the problem started without any external cause during normal use.,Manufacturing Defect,2025-10-07,2027-10-08,2026-03-04,2026-03-25,24,1,394.12,169,562,21,0.74,1,0,1,0,0,1,1,1,1,1,covered_defect,Valid Claim,2025-10-07,562,0
CLM-00463,PRD-00463,Home Appliances,FrostGuard,AeroBreeze 1.5T,SN-FRO-2395061,Metro Hardware Centre,INV-2021-98080,Water pump leakage,Water pump leakage: the problem appeared after a power fluctuation.,Electrical Surge,2021-10-28,2025-10-28,2026-04-29,2026-06-26,48,1,998.33,1702,-241,58,0.759,0,0,1,0,0,1,1,1,1,0,expired+noise,Valid Claim,2021-10-28,0,0
CLM-00464,PRD-00464,Home Appliances,KitchenPro,AeroBreeze 1.5T,SN-KIT-7776950,Metro Hardware Centre,INV-2022-99301,Drum spin malfunction,Drum spin malfunction: the problem appeared after contact with water.,Water Ingress,2022-03-10,2026-03-10,2026-02-26,2026-02-26,48,1,607.77,1449,12,0,0.674,2,0,1,0,0,1,1,1,1,1,excluded_damage,Invalid Claim,2022-03-10,12,0
CLM-00465,PRD-00465,Industrial Tools,VoltEdge,HydraPower Jack 5T,SN-VOL-2546560,Metro Hardware Centre,INV-2025-89056,Trigger switch failure,Trigger switch failure: the problem appeared under heavy load.,Mechanical Stress,2025-06-10,2027-06-11,2026-02-20,2026-02-23,24,0,1965.43,258,473,3,0.592,0,0,1,0,0,1,0,1,1,0,covered_defect,Valid Claim,2025-06-10,473,1
CLM-00466,PRD-00466,Consumer Electronics,PixelCraft,VividTab 11,SN-PIX-6187990,Brand Flagship Store,INV-2025-20035,Screen flickering,Screen flickering: the problem appeared after the unit was dropped.,Accidental Drop,2025-11-27,2026-11-27,2026-01-03,2026-01-15,12,0,1057.6,49,316,12,0.705,1,0,1,0,0,1,1,1,1,1,excluded_damage,Invalid Claim,2025-11-27,316,0
CLM-00467,PRD-00467,Consumer Electronics,VividDisplay,PixelWatch 3,SN-VIV-3684967,MegaMart Online,INV-2023-29904,Speaker malfunction,Speaker malfunction: the problem started without any external cause during normal use.,Manufacturing Defect,2023-10-14,2025-10-14,2026-03-07,2026-03-10,24,1,859.48,878,-147,3,0.733,1,0,1,0,0,1,1,1,1,0,expired,Invalid Claim,2023-10-14,0,0
CLM-00468,PRD-00468,Home Appliances,KitchenPro,FrostGuard 450L,SN-KIT-5148826,National Appliance Depot,INV-2026-67826,Motor burnout,Motor burnout: the problem appeared under heavy load.,Mechanical Stress,2026-02-11,2028-02-12,2026-04-01,2026-04-11,24,0,430.28,59,672,10,0.615,0,0,1,0,0,0,1,1,1,0,missing_documents,Manual Review,2026-02-11,672,1
CLM-00469,PRD-00469,Consumer Electronics,PixelCraft,ApexBook Pro 16,SN-PIX-9642033,MegaMart Online,INV-2024-21509,Touch panel unresponsive,Touch panel unresponsive: the problem developed gradually with regular use.,Normal Wear and Tear,2024-03-20,2026-03-21,2026-02-27,2026-04-09,24,0,368.58,750,-19,41,0.686,0,0,1,0,0,1,0,1,1,0,expired,Invalid Claim,2024-03-20,0,1
CLM-00470,PRD-00470,Home Appliances,AeroBreeze,KitchenPro 30L,SN-AER-1622934,Brand Flagship Store,INV-2025-39713,Water pump leakage,Water pump leakage: the problem started without any external cause during normal use.,Manufacturing Defect,2025-10-08,2028-10-08,2026-08-15,2026-08-18,36,0,468.22,314,782,3,0.839,0,0,1,0,0,0,1,1,1,0,missing_documents,Manual Review,2025-10-08,782,1
CLM-00471,PRD-00471,Industrial Tools,VoltEdge,IronForge Grinder 9,SN-VOL-8982256,Metro Hardware Centre,INV-2024-40322,Seal failure,Seal failure: the problem started without any external cause during normal use.,Manufacturing Defect,2024-10-24,2026-10-25,2026-01-25,2026-02-04,24,0,758.44,468,263,10,0.42,1,0,1,0,0,1,1,1,1,1,covered_defect,Valid Claim,2024-10-24,263,0
CLM-00472,PRD-00472,Industrial Tools,HydraPower,IronForge Grinder 9,SN-HYD-9412813,Metro Hardware Centre,INV-2023-80906,Gearbox seizure,Gearbox seizure: the problem started without any external cause during normal use.,Manufacturing Defect,2023-05-19,2026-05-19,2023-04-10,2026-05-06,36,0,1549.22,1083,13,1122,0.845,0,0,1,0,1,1,1,1,1,0,contradiction,Manual Review,2023-05-19,13,0
CLM-00473,PRD-00473,Home Appliances,FrostGuard,CleanCycle 8kg,SN-FRO-1367902,Metro Hardware Centre,INV-2023-93280,Water pump leakage,Water pump leakage: the problem developed gradually with regular use.,Normal Wear and Tear,2023-01-13,2026-01-13,2025-12-23,2026-01-03,36,1,776.42,1086,10,11,0.396,0,0,1,0,0,1,1,1,0,0,covered_defect,Valid Claim,2023-01-13,10,1
CLM-00474,PRD-00474,Industrial Tools,TorqueMax,HydraPower Jack 5T,SN-TOR-8020592,MegaMart Online,INV-2026-21433,Chuck bearing failure,Chuck bearing failure: the problem developed gradually with regular use.,Normal Wear and Tear,2026-02-05,2028-02-06,2026-08-27,2026-09-04,24,0,463.8,211,520,8,0.345,0,0,1,0,0,1,1,1,0,0,covered_defect,Valid Claim,2026-02-05,520,1
CLM-00475,PRD-00475,Industrial Tools,VoltEdge,HydraPower Jack 5T,SN-VOL-7694331,Metro Hardware Centre,INV-2025-86645,Chuck bearing failure,Chuck bearing failure: the problem appeared after the unit was dropped.,Accidental Drop,2025-06-20,2028-06-20,2025-12-21,2026-01-08,36,0,1734.92,202,894,18,0.659,0,0,0,0,0,1,0,1,1,0,excluded_damage,Invalid Claim,2025-06-20,894,1
CLM-00476,PRD-00476,Home Appliances,FrostGuard,AeroBreeze 1.5T,SN-FRO-1817350,National Appliance Depot,INV-2025-98174,Drum spin malfunction,Drum spin malfunction: the problem developed gradually with regular use.,Normal Wear and Tear,2025-12-12,2028-12-12,2026-02-22,2026-02-27,36,0,294.4,77,1019,5,0.157,0,0,1,0,0,1,0,1,1,0,covered_defect,Valid Claim,2025-12-12,1019,1
CLM-00477,PRD-00477,Home Appliances,KitchenPro,AeroBreeze 1.5T,SN-KIT-4788204,MegaMart Online,INV-2023-47327,PCB failure,PCB failure: the problem developed gradually with regular use.,Normal Wear and Tear,2023-03-22,2026-03-22,2026-02-11,2026-03-14,36,1,470.44,1088,8,31,0.578,2,0,0,0,0,1,1,1,1,1,serial_mismatch,Invalid Claim,2023-03-22,8,0
CLM-00478,PRD-00478,Industrial Tools,HydraPower,VoltEdge Saw 18V,SN-HYD-5509802,Industrial Supply Direct,INV-2024-16304,Seal failure,Seal failure: the problem started without any external cause during normal use.,Manufacturing Defect,2024-12-27,2027-12-28,2026-01-12,2026-01-16,36,0,898.71,385,711,4,0.638,0,0,1,0,0,1,0,1,1,0,covered_defect,Valid Claim,2024-12-27,711,1
CLM-00479,PRD-00479,Home Appliances,AeroBreeze,CleanCycle 8kg,SN-AER-4415176,National Appliance Depot,INV-2026-71716,PCB failure,PCB failure: the problem developed gradually with regular use.,Normal Wear and Tear,2026-02-08,2029-02-08,2026-07-14,2026-07-15,36,0,500.72,157,939,1,0.42,0,0,0,0,0,1,1,1,1,0,serial_mismatch,Invalid Claim,2026-02-08,939,0
CLM-00480,PRD-00480,Consumer Electronics,ApexTech,ApexBook Pro 16,SN-APE-3279299,Industrial Supply Direct,INV-2025-24427,Speaker malfunction,Speaker malfunction: the problem has no obvious cause.,Unknown / Not Sure,2025-03-13,2026-03-13,2026-03-23,2026-03-24,12,0,1071.85,376,-11,1,0.27,0,0,1,0,0,1,1,1,1,0,expired,Invalid Claim,2025-03-13,0,0
CLM-00481,PRD-00481,Home Appliances,AeroBreeze,AeroBreeze 1.5T,SN-AER-7381266,Brand Flagship Store,INV-2023-57917,Water pump leakage,Water pump leakage: the problem appeared after contact with water.,Water Ingress,2023-04-07,2026-04-07,2023-03-18,2026-03-23,36,1,825.66,1081,15,1101,0.302,0,0,1,0,1,1,1,1,1,0,contradiction,Manual Review,2023-04-07,15,0
CLM-00482,PRD-00482,Industrial Tools,VoltEdge,TorqueMax HD Drill,SN-VOL-4446184,Metro Hardware Centre,INV-2025-13228,Armature burnout,Armature burnout: the problem appeared under heavy load.,Mechanical Stress,2025-08-21,2029-08-21,2026-04-11,2026-04-16,48,1,845.09,238,1223,5,0.482,0,0,1,0,0,1,0,1,1,0,covered_defect,Valid Claim,2025-08-21,1223,1
CLM-00483,PRD-00483,Consumer Electronics,VividDisplay,VividTab 11,SN-VIV-6066942,Brand Flagship Store,INV-2025-19365,Screen flickering,Screen flickering: the problem appeared after the unit was dropped.,Accidental Drop,2025-02-19,2026-02-19,2026-08-08,2026-08-17,12,0,700.84,544,-179,9,0.642,1,0,1,0,0,1,1,1,1,1,expired,Invalid Claim,2025-02-19,0,0
CLM-00484,PRD-00484,Consumer Electronics,VividDisplay,ApexBook Pro 16,SN-VIV-8910568,Brand Flagship Store,INV-2026-73898,Wi-Fi/Bluetooth failure,Wi-Fi/Bluetooth failure: the problem appeared after the unit was dropped.,Accidental Drop,2026-01-09,2029-01-09,2026-05-08,2026-05-23,36,1,218.18,134,962,15,0.389,0,0,1,0,0,1,1,1,1,0,ambiguous_cause,Manual Review,2026-01-09,962,0
CLM-00485,PRD-00485,Home Appliances,FrostGuard,FrostGuard 450L,SN-FRO-8896427,Brand Flagship Store,INV-2025-50726,PCB failure,PCB failure: the problem started without any external cause during normal use.,Manufacturing Defect,2025-05-15,2027-05-16,2026-07-10,2026-07-24,24,0,511.12,435,296,14,0.374,2,1,1,0,0,1,1,1,1,1,unauthorized_repair,Invalid Claim,2025-05-15,296,0
CLM-00486,PRD-00486,Home Appliances,FrostGuard,CleanCycle 8kg,SN-FRO-2401587,Brand Flagship Store,INV-2025-41064,Compressor failure,Compressor failure: the problem appeared after contact with water.,Water Ingress,2025-08-20,2028-08-20,2026-02-04,2026-02-05,36,0,589.2,169,927,1,0.601,1,0,1,0,0,1,1,1,1,0,excluded_damage,Invalid Claim,2025-08-20,927,0
CLM-00487,PRD-00487,Industrial Tools,IronForge,VoltEdge Saw 18V,SN-IRO-6498576,MegaMart Online,INV-2023-82430,Armature burnout,Armature burnout: the problem developed gradually with regular use.,Normal Wear and Tear,2023-05-01,2026-05-01,2026-01-29,2026-02-02,36,0,632.36,1008,88,4,0.305,0,0,1,0,0,1,0,1,1,0,covered_defect,Valid Claim,2023-05-01,88,1
CLM-00488,PRD-00488,Home Appliances,KitchenPro,FrostGuard 450L,SN-KIT-1399289,Metro Hardware Centre,INV-2026-10342,Drum spin malfunction,Drum spin malfunction: the problem started without any external cause during normal use.,Manufacturing Defect,2026-06-24,2028-06-24,2026-09-21,2026-09-21,24,0,473.93,89,642,0,0.843,1,0,1,0,0,1,0,0,1,0,missing_documents,Manual Review,2026-06-24,642,2
CLM-00489,PRD-00489,Industrial Tools,HydraPower,VoltEdge Saw 18V,SN-HYD-8864773,Industrial Supply Direct,INV-2025-14492,Armature burnout,Armature burnout: the problem appeared after a power fluctuation.,Electrical Surge,2025-12-04,2027-12-05,2026-07-10,2026-07-10,24,0,792.51,218,513,0,0.489,0,0,1,1,0,1,1,1,1,0,possible_duplicate,Manual Review,2025-12-04,513,0
CLM-00490,PRD-00490,Home Appliances,KitchenPro,CleanCycle 8kg,SN-KIT-3688511,City Electronics Mall,INV-2023-34795,Thermostat failure,Thermostat failure: the problem started without any external cause during normal use.,Manufacturing Defect,2023-01-07,2026-01-07,2026-07-26,2026-08-24,36,0,542.66,1325,-229,29,0.9,1,1,1,0,0,1,1,1,1,1,expired,Invalid Claim,2023-01-07,0,0
CLM-00491,PRD-00491,Industrial Tools,IronForge,IronForge Grinder 9,SN-IRO-1362242,Industrial Supply Direct,INV-2024-96208,Chuck bearing failure,Chuck bearing failure: the problem appeared under heavy load.,Mechanical Stress,2024-12-22,2028-12-22,2026-03-30,2026-04-09,48,1,1133.68,473,988,10,0.698,0,0,1,0,0,1,1,1,0,0,covered_defect,Valid Claim,2024-12-22,988,1
CLM-00492,PRD-00492,Industrial Tools,TorqueMax,TorqueMax HD Drill,SN-TOR-4952285,City Electronics Mall,INV-2023-60318,Chuck bearing failure,Chuck bearing failure: the problem developed gradually with regular use.,Normal Wear and Tear,2023-03-16,2026-03-16,2026-04-03,2026-04-13,36,1,504.88,1124,-28,10,0.382,0,0,1,0,0,1,1,1,1,0,expired,Invalid Claim,2023-03-16,0,0
CLM-00493,PRD-00493,Consumer Electronics,ApexTech,ApexBook Pro 16,SN-APE-2242699,National Appliance Depot,INV-2024-17165,Touch panel unresponsive,Touch panel unresponsive: the problem has no obvious cause.,Unknown / Not Sure,2024-05-22,2026-05-23,2026-01-25,2026-01-28,24,0,609.31,616,115,3,0.351,0,0,1,0,0,1,1,1,1,0,ambiguous_cause,Manual Review,2024-05-22,115,0
CLM-00494,PRD-00494,Industrial Tools,VoltEdge,VoltEdge Saw 18V,SN-VOL-6643962,National Appliance Depot,INV-2025-28789,Armature burnout,Armature burnout: the problem started without any external cause during normal use.,Manufacturing Defect,2025-12-24,2027-12-25,2025-12-02,2026-09-11,24,0,326.26,261,470,283,0.443,0,0,1,0,1,1,1,1,1,0,contradiction,Manual Review,2025-12-24,470,0
CLM-00495,PRD-00495,Consumer Electronics,ApexTech,VividTab 11,SN-APE-8274492,Industrial Supply Direct,INV-2026-94074,Touch panel unresponsive,Touch panel unresponsive: the problem started without any external cause during normal use.,Manufacturing Defect,2026-02-08,2027-02-08,2026-02-03,2026-02-27,12,0,438.27,19,346,24,0.931,0,0,1,0,1,1,0,1,1,0,contradiction,Manual Review,2026-02-08,346,1
CLM-00496,PRD-00496,Industrial Tools,IronForge,HydraPower Jack 5T,SN-IRO-9430014,City Electronics Mall,INV-2023-98601,Seal failure,Seal failure: the problem started without any external cause during normal use.,Manufacturing Defect,2023-03-27,2026-03-27,2026-03-28,2026-04-12,36,0,846.99,1112,-16,15,0.731,0,0,1,0,0,1,1,1,1,0,expired,Invalid Claim,2023-03-27,0,0
CLM-00497,PRD-00497,Home Appliances,CleanCycle,CleanCycle 8kg,SN-CLE-6838952,Metro Hardware Centre,INV-2022-80904,Compressor failure,Compressor failure: the problem developed gradually with regular use.,Normal Wear and Tear,2022-01-21,2026-01-21,2026-01-16,2026-02-03,48,1,275.55,1474,-13,18,0.439,1,0,1,0,0,1,1,1,1,0,grace_boundary+noise,Invalid Claim,2022-01-21,0,0
CLM-00498,PRD-00498,Consumer Electronics,ApexTech,PixelWatch 3,SN-APE-9931722,City Electronics Mall,INV-2024-24709,Touch panel unresponsive,Touch panel unresponsive: the problem started without any external cause during normal use.,Manufacturing Defect,2024-09-14,2026-09-15,2026-04-12,2026-04-19,24,0,1714.55,582,149,7,0.668,0,0,1,0,0,1,1,1,1,0,covered_defect,Valid Claim,2024-09-14,149,0
CLM-00499,PRD-00499,Home Appliances,CleanCycle,CleanCycle 8kg,SN-CLE-6449097,Metro Hardware Centre,INV-2023-14029,Thermostat failure,Thermostat failure: the problem developed gradually with regular use.,Normal Wear and Tear,2023-07-25,2026-07-25,2026-07-29,2026-07-31,36,0,422.82,1102,-6,2,0.538,0,0,1,0,0,1,1,1,1,0,grace_boundary,Manual Review,2023-07-25,0,0
CLM-00500,PRD-00500,Consumer Electronics,ApexTech,ApexBook Pro 16,SN-APE-8126624,National Appliance Depot,INV-2025-50602,Screen flickering,Screen flickering: the problem started without any external cause during normal use.,Manufacturing Defect,2025-03-28,2026-03-28,2026-01-11,2026-01-27,12,0,416.59,305,60,16,0.67,0,0,1,0,0,0,1,0,0,0,missing_documents,Manual Review,2025-03-28,60,3
CLM-00501,PRD-00501,Industrial Tools,HydraPower,HydraPower Jack 5T,SN-HYD-8090004,Metro Hardware Centre,INV-2024-26237,Trigger switch failure,Trigger switch failure: the problem started without any external cause during normal use.,Manufacturing Defect,2024-07-04,2026-07-05,2026-05-13,2026-05-28,24,0,541.45,693,38,15,0.439,0,0,1,0,0,1,1,1,1,0,covered_defect,Valid Claim,2024-07-04,38,0
CLM-00502,PRD-00502,Home Appliances,AeroBreeze,FrostGuard 450L,SN-AER-3650605,City Electronics Mall,INV-2025-61156,PCB failure,PCB failure: the problem developed gradually with regular use.,Normal Wear and Tear,2025-12-04,2027-12-05,2026-05-06,2026-06-01,24,0,579.54,179,552,26,0.517,0,0,1,1,0,1,0,1,1,0,possible_duplicate,Manual Review,2025-12-04,552,1
CLM-00503,PRD-00503,Industrial Tools,IronForge,VoltEdge Saw 18V,SN-IRO-7962564,Brand Flagship Store,INV-2023-99622,Trigger switch failure,Trigger switch failure: the problem developed gradually with regular use.,Normal Wear and Tear,2023-04-27,2026-04-27,2026-03-28,2026-04-07,36,0,361.25,1076,20,10,0.211,2,1,1,0,0,1,0,1,1,1,unauthorized_repair,Invalid Claim,2023-04-27,20,1
CLM-00504,PRD-00504,Home Appliances,CleanCycle,KitchenPro 30L,SN-CLE-3171124,Brand Flagship Store,INV-2025-41470,Thermostat failure,Thermostat failure: the problem started without any external cause during normal use.,Manufacturing Defect,2025-02-18,2028-02-19,2026-09-11,2026-09-16,36,0,2265.64,575,521,5,0.607,0,0,1,0,0,1,1,1,1,0,covered_defect,Valid Claim,2025-02-18,521,0
CLM-00505,PRD-00505,Industrial Tools,HydraPower,VoltEdge Saw 18V,SN-HYD-9271163,Metro Hardware Centre,INV-2023-27902,Seal failure,Seal failure: the problem started without any external cause during normal use.,Manufacturing Defect,2023-08-01,2025-08-01,2025-12-24,2026-01-06,24,0,847.46,889,-158,13,0.862,0,0,1,0,0,1,0,1,1,0,expired,Invalid Claim,2023-08-01,0,1
CLM-00506,PRD-00506,Home Appliances,KitchenPro,CleanCycle 8kg,SN-KIT-1263253,Brand Flagship Store,INV-2025-26923,PCB failure,PCB failure: the problem appeared after a power fluctuation.,Electrical Surge,2025-04-09,2027-04-10,2025-12-30,2026-01-03,24,0,363.83,269,462,4,0.544,2,0,1,0,0,1,0,0,1,1,missing_documents,Manual Review,2025-04-09,462,2
CLM-00507,PRD-00507,Industrial Tools,VoltEdge,HydraPower Jack 5T,SN-VOL-6731697,National Appliance Depot,INV-2025-38909,Gearbox seizure,Gearbox seizure: the problem appeared under heavy load.,Mechanical Stress,2025-04-02,2027-04-03,2026-06-09,2026-06-13,24,0,253.73,437,294,4,0.398,0,0,1,0,0,1,1,1,1,0,covered_defect,Valid Claim,2025-04-02,294,0
CLM-00508,PRD-00508,Industrial Tools,VoltEdge,HydraPower Jack 5T,SN-VOL-8097677,Metro Hardware Centre,INV-2025-33009,Seal failure,Seal failure: the problem appeared under heavy load.,Mechanical Stress,2025-01-27,2027-01-28,2026-02-16,2026-02-17,24,0,610.49,386,345,1,0.495,1,0,1,0,0,1,1,1,1,1,covered_defect,Valid Claim,2025-01-27,345,0
CLM-00509,PRD-00509,Consumer Electronics,ApexTech,VividTab 11,SN-APE-4277433,National Appliance Depot,INV-2023-65238,Motherboard failure,Motherboard failure: the problem developed gradually with regular use.,Normal Wear and Tear,2023-07-11,2026-07-11,2026-06-28,2026-07-05,36,1,227.78,1090,6,7,0.449,1,0,1,0,0,1,0,1,1,1,covered_defect,Valid Claim,2023-07-11,6,1
CLM-00510,PRD-00510,Industrial Tools,IronForge,IronForge Grinder 9,SN-IRO-4296226,National Appliance Depot,INV-2023-35415,Seal failure,Seal failure: the problem started without any external cause during normal use.,Manufacturing Defect,2023-02-11,2026-02-11,2026-01-26,2026-01-26,36,0,690.52,1080,16,0,0.948,2,0,1,0,0,0,1,1,1,0,missing_documents,Manual Review,2023-02-11,16,1
CLM-00511,PRD-00511,Industrial Tools,VoltEdge,HydraPower Jack 5T,SN-VOL-6641182,Metro Hardware Centre,INV-2023-11915,Seal failure,Seal failure: the problem has no obvious cause.,Unknown / Not Sure,2023-12-11,2026-12-11,2026-04-18,2026-05-03,36,0,1101.9,874,222,15,0.568,1,0,1,0,0,1,1,1,1,1,covered_defect,Valid Claim,2023-12-11,222,0
CLM-00512,PRD-00512,Industrial Tools,TorqueMax,TorqueMax HD Drill,SN-TOR-9314048,MegaMart Online,INV-2024-49418,Trigger switch failure,Trigger switch failure: the problem developed gradually with regular use.,Normal Wear and Tear,2024-03-25,2026-03-26,2026-06-18,2026-06-25,24,0,566.6,822,-91,7,0.746,0,0,1,0,0,1,1,1,1,0,expired,Invalid Claim,2024-03-25,0,0
CLM-00513,PRD-00513,Industrial Tools,HydraPower,TorqueMax HD Drill,SN-HYD-5235429,MegaMart Online,INV-2025-50218,Seal failure,Seal failure: the problem developed gradually with regular use.,Normal Wear and Tear,2025-03-28,2027-03-29,2026-05-02,2026-05-04,24,0,539.43,402,329,2,0.634,1,0,1,0,0,1,1,1,0,0,covered_defect+noise,Manual Review,2025-03-28,329,1
CLM-00514,PRD-00514,Consumer Electronics,PixelCraft,VividTab 11,SN-PIX-1189283,Industrial Supply Direct,INV-2026-56334,Wi-Fi/Bluetooth failure,Wi-Fi/Bluetooth failure: the problem developed gradually with regular use.,Normal Wear and Tear,2026-03-10,2028-03-10,2026-07-01,2026-07-14,24,1,1522.05,126,605,13,0.45,1,0,0,0,0,0,1,0,1,1,missing_documents,Manual Review,2026-03-10,605,2
CLM-00515,PRD-00515,Consumer Electronics,NovaSound,NovaPods Max,SN-NOV-1021673,City Electronics Mall,INV-2025-41004,Screen flickering,Screen flickering: the problem appeared after contact with water.,Water Ingress,2025-01-30,2027-01-31,2026-01-30,2026-01-30,24,0,1195.05,365,366,0,0.523,0,0,1,0,0,1,1,1,1,0,ambiguous_cause,Manual Review,2025-01-30,366,0
CLM-00516,PRD-00516,Consumer Electronics,VividDisplay,PixelWatch 3,SN-VIV-2983281,Brand Flagship Store,INV-2025-92747,Wi-Fi/Bluetooth failure,Wi-Fi/Bluetooth failure: the problem started without any external cause during normal use.,Manufacturing Defect,2025-03-27,2027-03-28,2026-02-27,2026-02-27,24,0,791.64,337,394,0,0.732,0,0,1,0,0,1,1,1,1,0,covered_defect,Valid Claim,2025-03-27,394,0
CLM-00517,PRD-00517,Home Appliances,KitchenPro,FrostGuard 450L,SN-KIT-2076844,Industrial Supply Direct,INV-2026-83947,Motor burnout,Motor burnout: the problem has no obvious cause.,Unknown / Not Sure,2026-07-29,2028-07-29,2026-08-23,2026-09-22,24,0,402.4,55,676,30,0.92,0,0,1,0,0,1,1,1,1,0,covered_defect,Valid Claim,2026-07-29,676,0
CLM-00518,PRD-00518,Home Appliances,AeroBreeze,CleanCycle 8kg,SN-AER-2962708,MegaMart Online,INV-2025-10649,Thermostat failure,Thermostat failure: the problem started without any external cause during normal use.,Manufacturing Defect,2025-10-15,2028-10-15,2026-03-04,2026-03-04,36,0,870.37,140,956,0,0.806,0,0,1,0,0,1,1,1,1,0,covered_defect,Valid Claim,2025-10-15,956,0
CLM-00519,PRD-00519,Consumer Electronics,PixelCraft,VividTab 11,SN-PIX-8597554,Metro Hardware Centre,INV-2024-89183,Screen flickering,Screen flickering: the problem started without any external cause during normal use.,Manufacturing Defect,2024-06-29,2026-06-30,2024-06-02,2026-04-01,24,0,274.56,641,90,668,0.695,0,0,1,0,1,1,1,1,1,0,contradiction,Manual Review,2024-06-29,90,0
CLM-00520,PRD-00520,Home Appliances,KitchenPro,KitchenPro 30L,SN-KIT-6282811,City Electronics Mall,INV-2025-90958,Thermostat failure,Thermostat failure: the problem started without any external cause during normal use.,Manufacturing Defect,2025-06-12,2027-06-13,2026-09-13,2026-09-16,24,0,715.85,461,270,3,0.776,0,0,1,1,0,0,1,0,1,0,possible_duplicate,Manual Review,2025-06-12,270,2
CLM-00521,PRD-00521,Industrial Tools,VoltEdge,TorqueMax HD Drill,SN-VOL-5060045,MegaMart Online,INV-2025-17610,Gearbox seizure,Gearbox seizure: the problem developed gradually with regular use.,Normal Wear and Tear,2025-04-25,2028-04-25,2026-06-25,2026-07-08,36,1,1193.32,439,657,13,0.151,1,0,1,0,0,0,1,1,1,1,missing_documents,Manual Review,2025-04-25,657,1
CLM-00522,PRD-00522,Consumer Electronics,VividDisplay,NovaPods Max,SN-VIV-3959070,Industrial Supply Direct,INV-2025-39010,Screen flickering,Screen flickering: the problem appeared after a power fluctuation.,Electrical Surge,2025-09-02,2027-09-03,2026-05-13,2026-05-13,24,0,583.61,253,478,0,0.296,0,0,1,0,0,1,0,1,1,0,ambiguous_cause,Manual Review,2025-09-02,478,1
CLM-00523,PRD-00523,Industrial Tools,TorqueMax,TorqueMax HD Drill,SN-TOR-5636765,Industrial Supply Direct,INV-2023-73864,Chuck bearing failure,Chuck bearing failure: the problem started without any external cause during normal use.,Manufacturing Defect,2023-06-15,2026-06-15,2026-06-09,2026-06-25,36,0,949.59,1106,-10,16,0.684,0,0,1,0,0,1,1,1,1,0,grace_boundary,Manual Review,2023-06-15,0,0
CLM-00524,PRD-00524,Industrial Tools,IronForge,IronForge Grinder 9,SN-IRO-3094175,Metro Hardware Centre,INV-2022-82284,Armature burnout,Armature burnout: the problem started without any external cause during normal use.,Manufacturing Defect,2022-04-28,2026-04-28,2026-08-03,2026-08-26,48,1,549.73,1581,-120,23,0.721,0,0,1,0,0,0,1,0,0,0,expired,Invalid Claim,2022-04-28,0,3
CLM-00525,PRD-00525,Industrial Tools,TorqueMax,TorqueMax HD Drill,SN-TOR-1346646,City Electronics Mall,INV-2023-45286,Gearbox seizure,Gearbox seizure: the problem appeared under heavy load.,Mechanical Stress,2023-12-13,2025-12-13,2026-04-10,2026-04-28,24,0,366.09,867,-136,18,0.571,0,0,1,0,0,1,1,1,1,0,expired,Invalid Claim,2023-12-13,0,0
CLM-00526,PRD-00526,Consumer Electronics,VividDisplay,NovaPhone 12,SN-VIV-1535948,Brand Flagship Store,INV-2024-81857,Wi-Fi/Bluetooth failure,Wi-Fi/Bluetooth failure: the problem developed gradually with regular use.,Normal Wear and Tear,2024-08-03,2026-08-04,2026-01-23,2026-02-28,24,1,509.54,574,157,36,0.449,1,0,1,0,0,1,0,1,1,0,late_reporting,Invalid Claim,2024-08-03,157,1
CLM-00527,PRD-00527,Home Appliances,AeroBreeze,KitchenPro 30L,SN-AER-5229989,MegaMart Online,INV-2024-57819,Water pump leakage,Water pump leakage: the problem developed gradually with regular use.,Normal Wear and Tear,2024-05-11,2026-05-12,2026-05-24,2026-05-28,24,0,976.57,747,-16,4,0.378,0,0,1,0,0,1,1,1,1,0,expired,Invalid Claim,2024-05-11,0,0
CLM-00528,PRD-00528,Consumer Electronics,ApexTech,ApexBook Pro 16,SN-APE-9327917,Brand Flagship Store,INV-2024-17093,Touch panel unresponsive,Touch panel unresponsive: the problem has no obvious cause.,Unknown / Not Sure,2024-12-29,2026-12-30,2026-04-02,2026-05-06,24,1,1002.18,493,238,34,0.173,2,0,1,0,0,1,1,1,1,1,late_reporting,Invalid Claim,2024-12-29,238,0
CLM-00529,PRD-00529,Home Appliances,CleanCycle,AeroBreeze 1.5T,SN-CLE-3789682,Metro Hardware Centre,INV-2023-32257,PCB failure,PCB failure: the problem appeared after a power fluctuation.,Electrical Surge,2023-08-15,2026-08-15,2026-07-04,2026-07-04,36,0,290.06,1054,42,0,0.542,0,0,1,0,0,1,1,1,1,0,covered_defect,Valid Claim,2023-08-15,42,0
CLM-00530,PRD-00530,Home Appliances,CleanCycle,FrostGuard 450L,SN-CLE-7396853,MegaMart Online,INV-2023-98611,Drum spin malfunction,Drum spin malfunction: the problem has no obvious cause.,Unknown / Not Sure,2023-07-03,2026-07-03,2026-08-13,2026-08-14,36,1,344.19,1138,-42,1,0.358,0,0,1,0,0,1,1,1,0,0,expired,Invalid Claim,2023-07-03,0,1
CLM-00531,PRD-00531,Consumer Electronics,NovaSound,PixelWatch 3,SN-NOV-4208247,Metro Hardware Centre,INV-2024-55662,Screen flickering,Screen flickering: the problem started without any external cause during normal use.,Manufacturing Defect,2024-04-14,2026-04-15,2026-04-18,2026-04-20,24,0,1204.24,736,-5,2,0.599,1,0,1,0,0,1,1,1,0,1,grace_boundary,Manual Review,2024-04-14,0,1
CLM-00532,PRD-00532,Home Appliances,CleanCycle,CleanCycle 8kg,SN-CLE-5140521,City Electronics Mall,INV-2024-62545,Drum spin malfunction,Drum spin malfunction: the problem developed gradually with regular use.,Normal Wear and Tear,2024-10-27,2027-10-28,2026-08-16,2026-08-18,36,0,270.89,660,436,2,0.486,0,0,1,0,0,1,1,1,1,0,covered_defect,Valid Claim,2024-10-27,436,0
CLM-00533,PRD-00533,Home Appliances,AeroBreeze,KitchenPro 30L,SN-AER-7284864,MegaMart Online,INV-2025-98803,PCB failure,PCB failure: the problem started without any external cause during normal use.,Manufacturing Defect,2025-03-25,2028-03-25,2026-04-29,2026-05-05,36,1,1224.67,406,690,6,0.851,1,0,1,0,0,0,1,0,1,1,missing_documents,Manual Review,2025-03-25,690,2
CLM-00534,PRD-00534,Home Appliances,FrostGuard,KitchenPro 30L,SN-FRO-5864726,Industrial Supply Direct,INV-2023-64638,Compressor failure,Compressor failure: the problem developed gradually with regular use.,Normal Wear and Tear,2023-08-15,2026-08-15,2026-04-26,2026-05-09,36,1,777.55,998,98,13,0.439,1,0,1,1,0,1,1,1,0,1,possible_duplicate,Manual Review,2023-08-15,98,1
CLM-00535,PRD-00535,Home Appliances,AeroBreeze,CleanCycle 8kg,SN-AER-7837053,National Appliance Depot,INV-2022-77758,PCB failure,PCB failure: the problem appeared after a power fluctuation.,Electrical Surge,2022-12-13,2025-12-13,2026-09-05,2026-09-13,36,0,780.53,1370,-274,8,0.447,0,0,1,0,0,0,0,0,1,0,expired,Invalid Claim,2022-12-13,0,3
CLM-00536,PRD-00536,Consumer Electronics,NovaSound,NovaPhone 12,SN-NOV-4628378,Industrial Supply Direct,INV-2025-63336,Wi-Fi/Bluetooth failure,Wi-Fi/Bluetooth failure: the problem started without any external cause during normal use.,Manufacturing Defect,2025-05-10,2026-05-10,2025-05-04,2026-01-03,12,0,216.09,238,127,244,0.949,1,0,1,0,1,1,1,1,1,1,contradiction+noise,Invalid Claim,2025-05-10,127,0
CLM-00537,PRD-00537,Industrial Tools,VoltEdge,VoltEdge Saw 18V,SN-VOL-1512946,National Appliance Depot,INV-2023-89320,Seal failure,Seal failure: the problem appeared after contact with water.,Water Ingress,2023-06-14,2026-06-14,2026-06-19,2026-06-26,36,0,525.9,1108,-12,7,0.228,1,0,1,0,0,0,1,1,1,1,grace_boundary,Manual Review,2023-06-14,0,1
CLM-00538,PRD-00538,Consumer Electronics,ApexTech,NovaPhone 12,SN-APE-3440729,City Electronics Mall,INV-2025-11160,Touch panel unresponsive,Touch panel unresponsive: the problem appeared after the unit was dropped.,Accidental Drop,2025-11-18,2026-11-18,2026-02-05,2026-02-09,12,0,451.29,83,282,4,0.435,0,0,1,0,0,1,1,1,0,0,ambiguous_cause,Manual Review,2025-11-18,282,1
CLM-00539,PRD-00539,Consumer Electronics,VividDisplay,ApexBook Pro 16,SN-VIV-7450600,City Electronics Mall,INV-2025-91875,Battery not charging,Battery not charging: the problem appeared after contact with water.,Water Ingress,2025-02-18,2026-02-18,2026-06-21,2026-06-23,12,0,404.82,490,-125,2,0.664,0,0,1,0,0,1,1,1,0,0,expired,Invalid Claim,2025-02-18,0,1
CLM-00540,PRD-00540,Home Appliances,KitchenPro,KitchenPro 30L,SN-KIT-3823901,National Appliance Depot,INV-2025-17429,PCB failure,PCB failure: the problem appeared after a power fluctuation.,Electrical Surge,2025-06-02,2028-06-02,2026-05-11,2026-05-13,36,1,667.46,345,751,2,0.759,0,0,1,0,0,1,1,1,1,0,covered_defect,Valid Claim,2025-06-02,751,0
CLM-00541,PRD-00541,Home Appliances,CleanCycle,CleanCycle 8kg,SN-CLE-8750670,MegaMart Online,INV-2024-14371,Thermostat failure,Thermostat failure: the problem appeared after a power fluctuation.,Electrical Surge,2024-03-10,2027-03-11,2026-03-11,2026-03-25,36,1,806.69,745,351,14,0.155,0,0,1,1,0,1,0,1,1,0,possible_duplicate,Manual Review,2024-03-10,351,1
CLM-00542,PRD-00542,Home Appliances,FrostGuard,CleanCycle 8kg,SN-FRO-7354915,National Appliance Depot,INV-2022-75744,Thermostat failure,Thermostat failure: the problem developed gradually with regular use.,Normal Wear and Tear,2022-06-04,2026-06-04,2026-05-31,2026-06-07,48,1,538.28,1464,-3,7,0.628,0,0,1,0,0,1,1,1,1,0,grace_boundary,Manual Review,2022-06-04,0,0
CLM-00543,PRD-00543,Home Appliances,FrostGuard,KitchenPro 30L,SN-FRO-2194092,National Appliance Depot,INV-2026-59242,Water pump leakage,Water pump leakage: the problem started without any external cause during normal use.,Manufacturing Defect,2026-02-27,2028-02-28,2026-08-18,2026-08-18,24,0,1024.64,172,559,0,0.832,1,0,1,0,0,1,0,1,1,0,covered_defect,Valid Claim,2026-02-27,559,1
CLM-00544,PRD-00544,Home Appliances,FrostGuard,AeroBreeze 1.5T,SN-FRO-5364641,National Appliance Depot,INV-2024-74499,Water pump leakage,Water pump leakage: the problem appeared after the unit was dropped.,Accidental Drop,2024-10-07,2027-10-08,2026-02-24,2026-02-28,36,1,440.26,509,587,4,0.679,0,0,1,0,0,1,0,1,1,0,excluded_damage,Invalid Claim,2024-10-07,587,1
CLM-00545,PRD-00545,Industrial Tools,VoltEdge,IronForge Grinder 9,SN-VOL-6748473,Metro Hardware Centre,INV-2024-95277,Chuck bearing failure,Chuck bearing failure: the problem appeared under heavy load.,Mechanical Stress,2024-04-02,2026-04-03,2026-03-21,2026-03-22,24,0,815.02,719,12,1,0.321,0,0,1,0,0,1,1,0,0,0,missing_documents,Manual Review,2024-04-02,12,2
CLM-00546,PRD-00546,Home Appliances,KitchenPro,FrostGuard 450L,SN-KIT-5286560,Industrial Supply Direct,INV-2026-55790,Water pump leakage,Water pump leakage: the problem started without any external cause during normal use.,Manufacturing Defect,2026-02-03,2029-02-03,2026-08-14,2026-08-24,36,0,1802.51,202,894,10,0.925,0,0,1,0,0,1,1,1,1,0,covered_defect+noise,Manual Review,2026-02-03,894,0
CLM-00547,PRD-00547,Home Appliances,KitchenPro,FrostGuard 450L,SN-KIT-4354617,National Appliance Depot,INV-2026-93078,Thermostat failure,Thermostat failure: the problem started without any external cause during normal use.,Manufacturing Defect,2026-03-17,2029-03-17,2026-04-01,2026-04-09,36,0,484.09,23,1073,8,0.594,1,1,1,0,0,1,1,1,1,1,unauthorized_repair,Invalid Claim,2026-03-17,1073,0
CLM-00548,PRD-00548,Home Appliances,AeroBreeze,FrostGuard 450L,SN-AER-1814121,National Appliance Depot,INV-2025-93094,Drum spin malfunction,Drum spin malfunction: the problem appeared under heavy load.,Mechanical Stress,2025-05-01,2027-05-02,2026-03-29,2026-04-12,24,0,613.6,346,385,14,0.737,1,0,1,0,0,1,1,1,1,1,covered_defect,Valid Claim,2025-05-01,385,0
CLM-00549,PRD-00549,Consumer Electronics,VividDisplay,NovaPods Max,SN-VIV-7393565,Brand Flagship Store,INV-2024-13768,Screen flickering,Screen flickering: the problem started without any external cause during normal use.,Manufacturing Defect,2024-05-10,2026-05-11,2026-01-20,2026-01-20,24,1,259.37,620,111,0,0.71,0,0,1,0,0,1,1,1,1,0,covered_defect,Valid Claim,2024-05-10,111,0
CLM-00550,PRD-00550,Home Appliances,KitchenPro,FrostGuard 450L,SN-KIT-6868207,Industrial Supply Direct,INV-2024-98563,Motor burnout,Motor burnout: the problem started without any external cause during normal use.,Manufacturing Defect,2024-07-07,2026-07-08,2026-03-17,2026-04-02,24,0,752.79,634,97,16,0.895,0,0,1,0,0,1,1,1,1,0,covered_defect,Valid Claim,2024-07-07,97,0
CLM-00551,PRD-00551,Home Appliances,KitchenPro,AeroBreeze 1.5T,SN-KIT-9120708,Brand Flagship Store,INV-2022-34721,PCB failure,PCB failure: the problem has no obvious cause.,Unknown / Not Sure,2022-11-01,2025-11-01,2026-02-10,2026-03-03,36,0,349.74,1218,-122,21,0.748,1,0,1,0,0,1,1,1,1,0,expired,Invalid Claim,2022-11-01,0,0
CLM-00552,PRD-00552,Industrial Tools,TorqueMax,VoltEdge Saw 18V,SN-TOR-8494371,Brand Flagship Store,INV-2023-15837,Seal failure,Seal failure: the problem appeared after contact with water.,Water Ingress,2023-04-25,2026-04-25,2026-04-12,2026-04-12,36,0,793.12,1083,13,0,0.283,0,0,1,0,0,1,1,1,1,0,ambiguous_cause,Manual Review,2023-04-25,13,0
CLM-00553,PRD-00553,Consumer Electronics,PixelCraft,NovaPods Max,SN-PIX-8858278,Metro Hardware Centre,INV-2025-78409,Battery not charging,Battery not charging: the problem appeared after contact with water.,Water Ingress,2025-02-09,2026-02-09,2026-01-21,2026-02-11,12,0,518.33,367,-2,21,0.557,0,0,1,0,0,1,0,1,0,0,excluded_damage,Invalid Claim,2025-02-09,0,2
CLM-00554,PRD-00554,Consumer Electronics,NovaSound,NovaPods Max,SN-NOV-3368110,City Electronics Mall,INV-2023-17972,Touch panel unresponsive,Touch panel unresponsive: the problem appeared after contact with water.,Water Ingress,2023-05-15,2026-05-15,2026-04-23,2026-05-07,36,1,334.03,1088,8,14,0.107,0,0,1,0,0,1,1,1,1,0,ambiguous_cause,Manual Review,2023-05-15,8,0
CLM-00555,PRD-00555,Industrial Tools,HydraPower,IronForge Grinder 9,SN-HYD-4926218,Industrial Supply Direct,INV-2023-62110,Chuck bearing failure,Chuck bearing failure: the problem has no obvious cause.,Unknown / Not Sure,2023-05-22,2027-05-22,2026-02-06,2026-02-06,48,1,696.4,991,470,0,0.704,2,1,1,0,0,1,1,1,1,1,unauthorized_repair,Invalid Claim,2023-05-22,470,0
CLM-00556,PRD-00556,Home Appliances,FrostGuard,KitchenPro 30L,SN-FRO-7125896,National Appliance Depot,INV-2025-87062,Compressor failure,Compressor failure: the problem appeared after a power fluctuation.,Electrical Surge,2025-01-15,2029-01-15,2026-02-09,2026-02-10,48,1,733.05,391,1070,1,0.436,1,0,1,0,0,1,1,1,1,1,covered_defect,Valid Claim,2025-01-15,1070,0
CLM-00557,PRD-00557,Industrial Tools,IronForge,VoltEdge Saw 18V,SN-IRO-5189380,National Appliance Depot,INV-2026-44553,Seal failure,Seal failure: the problem appeared under heavy load.,Mechanical Stress,2026-02-12,2030-02-12,2026-03-12,2026-03-12,48,1,1605.48,28,1433,0,0.422,1,0,1,0,0,1,1,1,1,1,covered_defect,Valid Claim,2026-02-12,1433,0
CLM-00558,PRD-00558,Consumer Electronics,NovaSound,NovaPods Max,SN-NOV-1993429,MegaMart Online,INV-2024-82814,Speaker malfunction,Speaker malfunction: the problem appeared after contact with water.,Water Ingress,2024-07-20,2026-07-21,2026-07-09,2026-07-10,24,0,606.4,720,11,1,0.302,0,0,1,0,0,0,1,1,1,0,missing_documents,Manual Review,2024-07-20,11,1
CLM-00559,PRD-00559,Consumer Electronics,PixelCraft,PixelWatch 3,SN-PIX-1665104,Metro Hardware Centre,INV-2025-60445,Screen flickering,Screen flickering: the problem started without any external cause during normal use.,Manufacturing Defect,2025-03-19,2027-03-20,2026-04-29,2026-05-30,24,1,346.45,437,294,31,0.821,0,0,1,0,0,1,1,1,1,0,late_reporting,Invalid Claim,2025-03-19,294,0
CLM-00560,PRD-00560,Consumer Electronics,NovaSound,NovaPhone 12,SN-NOV-2030979,National Appliance Depot,INV-2025-59469,Motherboard failure,Motherboard failure: the problem started without any external cause during normal use.,Manufacturing Defect,2025-09-21,2026-09-21,2026-07-30,2026-08-01,12,0,326.24,314,51,2,0.692,1,0,1,0,0,1,1,1,1,1,covered_defect,Valid Claim,2025-09-21,51,0
CLM-00561,PRD-00561,Industrial Tools,TorqueMax,TorqueMax HD Drill,SN-TOR-6656597,Brand Flagship Store,INV-2023-25457,Armature burnout,Armature burnout: the problem started without any external cause during normal use.,Manufacturing Defect,2023-02-01,2026-02-01,2026-01-23,2026-01-28,36,1,243.92,1092,4,5,0.767,0,0,1,0,0,1,1,1,0,0,covered_defect,Valid Claim,2023-02-01,4,1
CLM-00562,PRD-00562,Industrial Tools,TorqueMax,HydraPower Jack 5T,SN-TOR-2307015,Metro Hardware Centre,INV-2025-76125,Armature burnout,Armature burnout: the problem appeared under heavy load.,Mechanical Stress,2025-08-05,2028-08-05,2025-07-11,2026-06-26,36,0,300.35,325,771,350,0.726,1,1,1,0,1,1,1,1,1,0,unauthorized_repair+noise,Valid Claim,2025-08-05,771,0
CLM-00563,PRD-00563,Industrial Tools,IronForge,HydraPower Jack 5T,SN-IRO-4601597,City Electronics Mall,INV-2021-70852,Gearbox seizure,Gearbox seizure: the problem started without any external cause during normal use.,Manufacturing Defect,2021-11-08,2025-11-08,2026-01-05,2026-02-11,48,1,392.66,1556,-95,37,0.801,0,0,1,0,0,1,0,1,1,0,expired,Invalid Claim,2021-11-08,0,1
CLM-00564,PRD-00564,Consumer Electronics,VividDisplay,VividTab 11,SN-VIV-1682942,City Electronics Mall,INV-2024-99833,Touch panel unresponsive,Touch panel unresponsive: the problem has no obvious cause.,Unknown / Not Sure,2024-07-08,2027-07-09,2026-07-22,2026-08-01,36,1,1175.76,754,342,10,0.602,0,0,1,0,0,0,0,1,1,0,missing_documents,Manual Review,2024-07-08,342,2
CLM-00565,PRD-00565,Consumer Electronics,PixelCraft,ApexBook Pro 16,SN-PIX-7010959,Metro Hardware Centre,INV-2025-26672,Touch panel unresponsive,Touch panel unresponsive: the problem appeared after the unit was dropped.,Accidental Drop,2025-01-05,2028-01-06,2026-08-19,2026-08-21,36,1,387.94,593,503,2,0.504,0,0,0,0,0,1,1,1,1,0,serial_mismatch,Invalid Claim,2025-01-05,503,0
CLM-00566,PRD-00566,Industrial Tools,IronForge,TorqueMax HD Drill,SN-IRO-5784541,City Electronics Mall,INV-2025-94739,Trigger switch failure,Trigger switch failure: the problem started without any external cause during normal use.,Manufacturing Defect,2025-10-18,2029-10-18,2026-01-17,2026-02-15,48,1,1520.33,120,1341,29,0.933,1,0,1,0,0,1,1,1,1,1,covered_defect,Valid Claim,2025-10-18,1341,0
CLM-00567,PRD-00567,Consumer Electronics,NovaSound,PixelWatch 3,SN-NOV-8915200,MegaMart Online,INV-2025-15156,Wi-Fi/Bluetooth failure,Wi-Fi/Bluetooth failure: the problem started without any external cause during normal use.,Manufacturing Defect,2025-11-25,2027-11-26,2026-06-07,2026-06-20,24,0,211.9,207,524,13,0.771,1,1,1,0,0,1,1,1,1,1,unauthorized_repair,Invalid Claim,2025-11-25,524,0
CLM-00568,PRD-00568,Home Appliances,KitchenPro,CleanCycle 8kg,SN-KIT-7342622,MegaMart Online,INV-2022-94916,PCB failure,PCB failure: the problem started without any external cause during normal use.,Manufacturing Defect,2022-11-25,2025-11-25,2026-02-17,2026-02-20,36,1,448.82,1183,-87,3,0.898,0,0,1,0,0,1,1,1,1,0,expired,Invalid Claim,2022-11-25,0,0
CLM-00569,PRD-00569,Consumer Electronics,ApexTech,ApexBook Pro 16,SN-APE-1906556,City Electronics Mall,INV-2023-37109,Screen flickering,Screen flickering: the problem appeared after the unit was dropped.,Accidental Drop,2023-09-22,2025-09-22,2026-04-20,2026-04-26,24,0,1072.38,947,-216,6,0.436,1,0,1,0,0,1,0,1,1,1,expired,Invalid Claim,2023-09-22,0,1
CLM-00570,PRD-00570,Industrial Tools,IronForge,HydraPower Jack 5T,SN-IRO-7821461,MegaMart Online,INV-2024-92495,Armature burnout,Armature burnout: the problem started without any external cause during normal use.,Manufacturing Defect,2024-04-14,2026-04-15,2026-05-23,2026-05-24,24,0,1139.46,770,-39,1,0.774,0,0,1,0,0,1,1,1,1,0,expired,Invalid Claim,2024-04-14,0,0
CLM-00571,PRD-00571,Consumer Electronics,NovaSound,VividTab 11,SN-NOV-6928830,Industrial Supply Direct,INV-2025-60374,Battery not charging,Battery not charging: the problem appeared after a power fluctuation.,Electrical Surge,2025-07-07,2026-07-07,2026-03-19,2026-03-19,12,0,1143.05,255,110,0,0.498,2,1,1,0,0,1,1,1,1,0,unauthorized_repair,Invalid Claim,2025-07-07,110,0
CLM-00572,PRD-00572,Consumer Electronics,VividDisplay,PixelWatch 3,SN-VIV-5289347,National Appliance Depot,INV-2025-77012,Motherboard failure,Motherboard failure: the problem started without any external cause during normal use.,Manufacturing Defect,2025-01-12,2026-01-12,2025-12-30,2026-01-03,12,0,551.6,356,9,4,0.828,1,0,1,0,0,1,1,0,1,1,covered_defect,Valid Claim,2025-01-12,9,1
CLM-00573,PRD-00573,Consumer Electronics,ApexTech,NovaPhone 12,SN-APE-7429707,Brand Flagship Store,INV-2024-89871,Touch panel unresponsive,Touch panel unresponsive: the problem developed gradually with regular use.,Normal Wear and Tear,2024-04-04,2027-04-05,2026-08-28,2026-08-31,36,1,2963.66,879,217,3,0.626,1,0,1,0,0,0,1,1,1,1,missing_documents,Manual Review,2024-04-04,217,1
CLM-00574,PRD-00574,Home Appliances,FrostGuard,KitchenPro 30L,SN-FRO-7885218,National Appliance Depot,INV-2023-37689,Water pump leakage,Water pump leakage: the problem developed gradually with regular use.,Normal Wear and Tear,2023-04-26,2026-04-26,2026-04-12,2026-04-27,36,0,983.45,1097,-1,15,0.454,0,0,1,0,0,1,1,1,1,0,grace_boundary,Manual Review,2023-04-26,0,0
CLM-00575,PRD-00575,Industrial Tools,TorqueMax,TorqueMax HD Drill,SN-TOR-3468734,MegaMart Online,INV-2024-42797,Chuck bearing failure,Chuck bearing failure: the problem developed gradually with regular use.,Normal Wear and Tear,2024-05-17,2027-05-18,2026-07-25,2026-07-27,36,1,582.37,801,295,2,0.837,1,0,1,0,0,1,1,1,0,0,covered_defect,Valid Claim,2024-05-17,295,1
CLM-00576,PRD-00576,Consumer Electronics,NovaSound,VividTab 11,SN-NOV-1576330,National Appliance Depot,INV-2024-79833,Screen flickering,Screen flickering: the problem started without any external cause during normal use.,Manufacturing Defect,2024-02-28,2026-02-28,2026-04-15,2026-04-25,24,0,539.85,787,-56,10,0.612,1,0,1,0,0,1,1,1,1,1,expired,Invalid Claim,2024-02-28,0,0
CLM-00577,PRD-00577,Consumer Electronics,PixelCraft,VividTab 11,SN-PIX-5035085,Industrial Supply Direct,INV-2023-76008,Speaker malfunction,Speaker malfunction: the problem appeared under heavy load.,Mechanical Stress,2023-12-10,2025-12-10,2026-08-23,2026-08-31,24,1,1229.63,995,-264,8,0.727,0,0,1,0,0,0,1,1,1,0,expired+noise,Valid Claim,2023-12-10,0,1
CLM-00578,PRD-00578,Industrial Tools,IronForge,TorqueMax HD Drill,SN-IRO-5995098,Metro Hardware Centre,INV-2022-85230,Seal failure,Seal failure: the problem started without any external cause during normal use.,Manufacturing Defect,2022-02-05,2026-02-05,2026-01-09,2026-01-21,48,1,828.56,1446,15,12,0.927,0,0,1,0,0,1,0,1,1,0,covered_defect,Valid Claim,2022-02-05,15,1
CLM-00579,PRD-00579,Industrial Tools,TorqueMax,IronForge Grinder 9,SN-TOR-9992902,Brand Flagship Store,INV-2023-37034,Seal failure,Seal failure: the problem started without any external cause during normal use.,Manufacturing Defect,2023-03-19,2027-03-19,2026-02-22,2026-02-23,48,1,472.33,1072,389,1,0.753,0,0,1,0,0,1,1,1,1,0,covered_defect,Valid Claim,2023-03-19,389,0
CLM-00580,PRD-00580,Home Appliances,KitchenPro,KitchenPro 30L,SN-KIT-2060889,Brand Flagship Store,INV-2024-74048,Thermostat failure,Thermostat failure: the problem started without any external cause during normal use.,Manufacturing Defect,2024-05-05,2026-05-06,2026-03-21,2026-04-06,24,0,961.08,701,30,16,0.74,1,1,0,0,0,1,0,1,1,0,unauthorized_repair,Invalid Claim,2024-05-05,30,1
CLM-00581,PRD-00581,Industrial Tools,IronForge,HydraPower Jack 5T,SN-IRO-7333998,National Appliance Depot,INV-2023-28392,Trigger switch failure,Trigger switch failure: the problem appeared under heavy load.,Mechanical Stress,2023-01-13,2026-01-13,2026-01-11,2026-01-22,36,0,338.94,1105,-9,11,0.338,0,0,1,0,0,1,1,1,1,0,grace_boundary,Manual Review,2023-01-13,0,0
CLM-00582,PRD-00582,Industrial Tools,TorqueMax,HydraPower Jack 5T,SN-TOR-8802198,City Electronics Mall,INV-2023-54252,Seal failure,Seal failure: the problem developed gradually with regular use.,Normal Wear and Tear,2023-10-28,2025-10-28,2026-02-24,2026-03-13,24,0,538.01,867,-136,17,0.626,0,0,1,0,0,1,1,1,1,0,expired,Invalid Claim,2023-10-28,0,0
CLM-00583,PRD-00583,Home Appliances,FrostGuard,AeroBreeze 1.5T,SN-FRO-1607564,National Appliance Depot,INV-2024-17867,Compressor failure,Compressor failure: the problem started without any external cause during normal use.,Manufacturing Defect,2024-03-23,2028-03-23,2026-06-03,2026-06-12,48,1,549.47,811,650,9,0.791,2,0,1,0,0,1,1,1,1,1,repeat_repairs,Manual Review,2024-03-23,650,0
CLM-00584,PRD-00584,Home Appliances,FrostGuard,FrostGuard 450L,SN-FRO-6357838,Industrial Supply Direct,INV-2024-97181,PCB failure,PCB failure: the problem started without any external cause during normal use.,Manufacturing Defect,2024-02-17,2026-02-17,2026-02-08,2026-02-22,24,0,505.5,736,-5,14,0.493,2,1,1,0,0,0,0,1,1,1,unauthorized_repair,Invalid Claim,2024-02-17,0,2
CLM-00585,PRD-00585,Home Appliances,CleanCycle,KitchenPro 30L,SN-CLE-7569959,City Electronics Mall,INV-2026-61501,Compressor failure,Compressor failure: the problem developed gradually with regular use.,Normal Wear and Tear,2026-02-12,2030-02-12,2026-09-16,2026-09-19,48,1,1075.62,219,1242,3,0.662,1,0,0,0,0,1,0,1,0,0,missing_documents,Manual Review,2026-02-12,1242,2
CLM-00586,PRD-00586,Home Appliances,KitchenPro,FrostGuard 450L,SN-KIT-6056899,Industrial Supply Direct,INV-2026-44890,Motor burnout,Motor burnout: the problem started without any external cause during normal use.,Manufacturing Defect,2026-07-02,2028-07-02,2026-08-05,2026-08-07,24,0,262.72,36,695,2,0.658,1,1,1,0,0,1,1,1,1,1,unauthorized_repair,Invalid Claim,2026-07-02,695,0
CLM-00587,PRD-00587,Consumer Electronics,PixelCraft,NovaPods Max,SN-PIX-2379558,Metro Hardware Centre,INV-2023-26133,Screen flickering,Screen flickering: the problem appeared after contact with water.,Water Ingress,2023-09-17,2025-09-17,2026-03-13,2026-03-21,24,1,1344.52,916,-185,8,0.314,1,1,1,0,0,1,1,0,1,1,expired,Invalid Claim,2023-09-17,0,1
CLM-00588,PRD-00588,Industrial Tools,VoltEdge,HydraPower Jack 5T,SN-VOL-4568974,Brand Flagship Store,INV-2023-45467,Seal failure,Seal failure: the problem appeared under heavy load.,Mechanical Stress,2023-08-31,2026-08-31,2026-03-04,2026-03-18,36,0,1151.04,930,166,14,0.324,1,0,1,0,0,0,1,1,1,1,missing_documents,Manual Review,2023-08-31,166,1
CLM-00589,PRD-00589,Industrial Tools,TorqueMax,IronForge Grinder 9,SN-TOR-2113784,MegaMart Online,INV-2024-93479,Trigger switch failure,Trigger switch failure: the problem started without any external cause during normal use.,Manufacturing Defect,2024-11-13,2027-11-14,2026-05-13,2026-05-13,36,0,461.14,546,550,0,0.794,0,0,1,0,0,1,1,1,1,0,covered_defect,Valid Claim,2024-11-13,550,0
CLM-00590,PRD-00590,Home Appliances,FrostGuard,CleanCycle 8kg,SN-FRO-9737267,National Appliance Depot,INV-2024-81825,Compressor failure,Compressor failure: the problem has no obvious cause.,Unknown / Not Sure,2024-11-20,2028-11-20,2024-10-19,2026-07-24,48,1,880.95,611,850,643,0.454,0,0,1,0,1,1,1,1,1,0,contradiction,Manual Review,2024-11-20,850,0
CLM-00591,PRD-00591,Consumer Electronics,ApexTech,NovaPhone 12,SN-APE-1293550,MegaMart Online,INV-2025-68486,Screen flickering,Screen flickering: the problem developed gradually with regular use.,Normal Wear and Tear,2025-05-16,2026-05-16,2026-04-15,2026-04-22,12,0,1732.21,341,24,7,0.661,0,0,1,0,0,1,0,1,1,0,covered_defect,Valid Claim,2025-05-16,24,1
CLM-00592,PRD-00592,Industrial Tools,TorqueMax,VoltEdge Saw 18V,SN-TOR-3290685,City Electronics Mall,INV-2024-12827,Seal failure,Seal failure: the problem started without any external cause during normal use.,Manufacturing Defect,2024-04-26,2027-04-27,2026-09-04,2026-09-14,36,1,594.46,871,225,10,0.862,0,0,1,0,0,1,1,1,1,0,covered_defect,Valid Claim,2024-04-26,225,0
CLM-00593,PRD-00593,Consumer Electronics,VividDisplay,ApexBook Pro 16,SN-VIV-8660179,Industrial Supply Direct,INV-2025-23969,Speaker malfunction,Speaker malfunction: the problem started without any external cause during normal use.,Manufacturing Defect,2025-12-13,2028-12-13,2025-12-25,2026-01-02,36,1,266.59,20,1076,8,0.301,1,0,1,0,0,1,1,1,1,0,covered_defect,Valid Claim,2025-12-13,1076,0
CLM-00594,PRD-00594,Industrial Tools,TorqueMax,HydraPower Jack 5T,SN-TOR-1534673,MegaMart Online,INV-2022-86448,Trigger switch failure,Trigger switch failure: the problem developed gradually with regular use.,Normal Wear and Tear,2022-08-20,2025-08-20,2022-08-04,2026-05-17,36,1,842.59,1366,-270,1382,0.733,0,0,1,0,1,1,1,1,1,0,expired,Invalid Claim,2022-08-20,0,0
CLM-00595,PRD-00595,Consumer Electronics,PixelCraft,ApexBook Pro 16,SN-PIX-1872161,City Electronics Mall,INV-2024-81241,Screen flickering,Screen flickering: the problem started without any external cause during normal use.,Manufacturing Defect,2024-01-01,2026-01-01,2023-11-26,2026-04-29,24,0,693.7,849,-118,885,0.741,0,0,1,0,1,1,1,1,1,0,expired,Invalid Claim,2024-01-01,0,0
CLM-00596,PRD-00596,Industrial Tools,IronForge,TorqueMax HD Drill,SN-IRO-6320548,Metro Hardware Centre,INV-2026-12509,Seal failure,Seal failure: the problem developed gradually with regular use.,Normal Wear and Tear,2026-02-10,2029-02-10,2026-08-21,2026-09-14,36,0,1631.74,216,880,24,0.24,1,0,1,0,0,0,1,1,1,1,missing_documents,Manual Review,2026-02-10,880,1
CLM-00597,PRD-00597,Home Appliances,AeroBreeze,FrostGuard 450L,SN-AER-6136574,National Appliance Depot,INV-2022-38273,Drum spin malfunction,Drum spin malfunction: the problem appeared under heavy load.,Mechanical Stress,2022-04-15,2026-04-15,2026-03-20,2026-03-29,48,1,640.72,1444,17,9,0.607,0,0,1,0,0,1,1,1,1,0,covered_defect,Valid Claim,2022-04-15,17,0
CLM-00598,PRD-00598,Consumer Electronics,ApexTech,NovaPods Max,SN-APE-9578833,National Appliance Depot,INV-2025-27587,Screen flickering,Screen flickering: the problem appeared after the unit was dropped.,Accidental Drop,2025-09-17,2027-09-18,2026-02-20,2026-03-05,24,0,378.98,169,562,13,0.724,3,0,1,0,0,1,1,1,1,1,excluded_damage,Invalid Claim,2025-09-17,562,0
CLM-00599,PRD-00599,Industrial Tools,IronForge,HydraPower Jack 5T,SN-IRO-9709366,Industrial Supply Direct,INV-2024-92650,Trigger switch failure,Trigger switch failure: the problem developed gradually with regular use.,Normal Wear and Tear,2024-12-04,2026-12-05,2026-08-27,2026-09-08,24,0,356.83,643,88,12,0.716,0,0,1,0,0,1,1,1,1,0,covered_defect,Valid Claim,2024-12-04,88,0
CLM-00600,PRD-00600,Industrial Tools,HydraPower,HydraPower Jack 5T,SN-HYD-6789919,City Electronics Mall,INV-2026-49326,Chuck bearing failure,Chuck bearing failure: the problem appeared under heavy load.,Mechanical Stress,2026-05-04,2030-05-04,2026-08-11,2026-08-13,48,1,126.95,101,1360,2,0.605,0,0,1,0,0,1,0,1,1,0,covered_defect,Valid Claim,2026-05-04,1360,1
CLM-00601,PRD-00601,Industrial Tools,TorqueMax,TorqueMax HD Drill,SN-TOR-7960609,National Appliance Depot,INV-2023-13914,Gearbox seizure,Gearbox seizure: the problem started without any external cause during normal use.,Manufacturing Defect,2023-03-28,2026-03-28,2026-04-06,2026-04-15,36,0,316.3,1114,-18,9,0.602,0,0,1,0,0,1,1,1,1,0,expired,Invalid Claim,2023-03-28,0,0
CLM-00602,PRD-00602,Home Appliances,AeroBreeze,AeroBreeze 1.5T,SN-AER-3648197,National Appliance Depot,INV-2022-15884,Water pump leakage,Water pump leakage: the problem started without any external cause during normal use.,Manufacturing Defect,2022-07-24,2025-07-24,2026-07-30,2026-08-21,36,1,812.02,1489,-393,22,0.603,1,0,1,0,0,1,1,1,1,1,expired,Invalid Claim,2022-07-24,0,0
CLM-00603,PRD-00603,Home Appliances,KitchenPro,KitchenPro 30L,SN-KIT-8888403,MegaMart Online,INV-2025-67262,Thermostat failure,Thermostat failure: the problem appeared after contact with water.,Water Ingress,2025-08-17,2028-08-17,2026-05-13,2026-05-23,36,0,408.81,279,817,10,0.666,3,0,1,0,0,1,1,1,1,1,excluded_damage,Invalid Claim,2025-08-17,817,0
CLM-00604,PRD-00604,Home Appliances,KitchenPro,CleanCycle 8kg,SN-KIT-4956010,National Appliance Depot,INV-2023-33838,Drum spin malfunction,Drum spin malfunction: the problem appeared after the unit was dropped.,Accidental Drop,2023-04-04,2026-04-04,2026-03-22,2026-03-25,36,0,320.58,1086,10,3,0.548,0,0,1,0,0,1,1,1,1,0,ambiguous_cause,Manual Review,2023-04-04,10,0
CLM-00605,PRD-00605,Consumer Electronics,PixelCraft,NovaPods Max,SN-PIX-8109487,National Appliance Depot,INV-2026-68486,Screen flickering,Screen flickering: the problem has no obvious cause.,Unknown / Not Sure,2026-01-15,2027-01-15,2026-08-03,2026-08-18,12,0,1203.96,215,150,15,0.393,0,0,1,0,0,1,1,1,1,0,ambiguous_cause,Manual Review,2026-01-15,150,0
CLM-00606,PRD-00606,Consumer Electronics,PixelCraft,NovaPhone 12,SN-PIX-2774452,MegaMart Online,INV-2023-35104,Touch panel unresponsive,Touch panel unresponsive: the problem developed gradually with regular use.,Normal Wear and Tear,2023-05-02,2025-05-02,2026-03-07,2026-03-28,24,0,570.94,1061,-330,21,0.751,0,0,1,0,0,1,0,1,1,0,expired,Invalid Claim,2023-05-02,0,1
CLM-00607,PRD-00607,Home Appliances,AeroBreeze,CleanCycle 8kg,SN-AER-2697391,Brand Flagship Store,INV-2023-43403,PCB failure,PCB failure: the problem has no obvious cause.,Unknown / Not Sure,2023-06-13,2026-06-13,2026-06-12,2026-06-20,36,1,783.07,1103,-7,8,0.844,0,0,1,0,0,1,1,1,1,0,grace_boundary,Manual Review,2023-06-13,0,0
CLM-00608,PRD-00608,Home Appliances,AeroBreeze,CleanCycle 8kg,SN-AER-8678345,MegaMart Online,INV-2023-39127,Thermostat failure,Thermostat failure: the problem appeared after contact with water.,Water Ingress,2023-01-10,2027-01-10,2026-01-02,2026-01-07,48,1,1373.73,1093,368,5,0.67,0,0,1,0,0,1,1,1,1,0,excluded_damage,Invalid Claim,2023-01-10,368,0
CLM-00609,PRD-00609,Consumer Electronics,PixelCraft,NovaPhone 12,SN-PIX-3045908,City Electronics Mall,INV-2025-37588,Touch panel unresponsive,Touch panel unresponsive: the problem appeared after a power fluctuation.,Electrical Surge,2025-06-11,2026-06-11,2026-03-20,2026-03-21,12,0,894.76,283,82,1,0.212,0,0,1,0,0,1,1,1,1,0,ambiguous_cause,Manual Review,2025-06-11,82,0
CLM-00610,PRD-00610,Home Appliances,KitchenPro,AeroBreeze 1.5T,SN-KIT-6407954,National Appliance Depot,INV-2024-40050,PCB failure,PCB failure: the problem developed gradually with regular use.,Normal Wear and Tear,2024-04-16,2027-04-17,2026-05-24,2026-05-26,36,0,279.07,770,326,2,0.62,0,0,1,0,0,1,1,1,1,0,covered_defect,Valid Claim,2024-04-16,326,0
CLM-00611,PRD-00611,Consumer Electronics,NovaSound,NovaPhone 12,SN-NOV-8332509,MegaMart Online,INV-2024-52650,Motherboard failure,Motherboard failure: the problem started without any external cause during normal use.,Manufacturing Defect,2024-01-23,2026-01-23,2026-01-15,2026-01-23,24,0,373.11,731,0,8,0.594,0,0,1,0,0,1,1,1,1,0,covered_defect,Valid Claim,2024-01-23,0,0
CLM-00612,PRD-00612,Consumer Electronics,VividDisplay,NovaPhone 12,SN-VIV-9791296,Industrial Supply Direct,INV-2025-71057,Motherboard failure,Motherboard failure: the problem started without any external cause during normal use.,Manufacturing Defect,2025-08-23,2026-08-23,2026-06-06,2026-06-09,12,0,420.56,290,75,3,0.795,0,0,1,0,0,1,1,1,1,0,covered_defect,Valid Claim,2025-08-23,75,0
CLM-00613,PRD-00613,Industrial Tools,VoltEdge,VoltEdge Saw 18V,SN-VOL-4537305,City Electronics Mall,INV-2026-41596,Trigger switch failure,Trigger switch failure: the problem appeared under heavy load.,Mechanical Stress,2026-04-06,2029-04-06,2026-04-11,2026-05-06,36,0,354.17,30,1066,25,0.737,0,0,1,0,0,1,1,1,1,0,covered_defect,Valid Claim,2026-04-06,1066,0
CLM-00614,PRD-00614,Consumer Electronics,VividDisplay,VividTab 11,SN-VIV-8526834,MegaMart Online,INV-2024-33886,Screen flickering,Screen flickering: the problem appeared after the unit was dropped.,Accidental Drop,2024-03-02,2026-03-03,2026-02-09,2026-02-20,24,0,364.55,720,11,11,0.29,0,0,1,0,0,1,1,0,1,0,ambiguous_cause,Manual Review,2024-03-02,11,1
CLM-00615,PRD-00615,Consumer Electronics,NovaSound,NovaPods Max,SN-NOV-3051302,Brand Flagship Store,INV-2024-11512,Battery not charging,Battery not charging: the problem started without any external cause during normal use.,Manufacturing Defect,2024-11-02,2027-11-03,2026-03-07,2026-03-09,36,1,434.23,492,604,2,0.755,0,0,0,0,0,1,1,1,1,0,serial_mismatch,Invalid Claim,2024-11-02,604,0
CLM-00616,PRD-00616,Industrial Tools,VoltEdge,IronForge Grinder 9,SN-VOL-6313454,Metro Hardware Centre,INV-2024-17390,Armature burnout,Armature burnout: the problem has no obvious cause.,Unknown / Not Sure,2024-07-07,2026-07-08,2026-07-07,2026-07-10,24,0,547.49,733,-2,3,0.497,0,0,1,0,0,0,0,1,0,0,grace_boundary,Manual Review,2024-07-07,0,3
CLM-00617,PRD-00617,Home Appliances,FrostGuard,AeroBreeze 1.5T,SN-FRO-5233184,City Electronics Mall,INV-2024-43489,Drum spin malfunction,Drum spin malfunction: the problem started without any external cause during normal use.,Manufacturing Defect,2024-11-18,2026-11-19,2026-04-06,2026-04-11,24,0,946.96,509,222,5,0.484,1,0,1,0,0,1,1,1,1,1,covered_defect,Valid Claim,2024-11-18,222,0
CLM-00618,PRD-00618,Industrial Tools,IronForge,TorqueMax HD Drill,SN-IRO-4412716,Metro Hardware Centre,INV-2025-23013,Chuck bearing failure,Chuck bearing failure: the problem developed gradually with regular use.,Normal Wear and Tear,2025-06-23,2027-06-24,2026-06-21,2026-06-30,24,0,909.35,372,359,9,0.613,0,0,1,0,0,1,1,1,1,0,covered_defect+noise,Invalid Claim,2025-06-23,359,0
CLM-00619,PRD-00619,Consumer Electronics,VividDisplay,NovaPhone 12,SN-VIV-6669309,Brand Flagship Store,INV-2026-28523,Screen flickering,Screen flickering: the problem appeared after contact with water.,Water Ingress,2026-06-05,2027-06-05,2026-07-29,2026-08-07,12,0,1223.47,63,302,9,0.48,1,1,1,0,0,1,0,1,1,1,unauthorized_repair,Invalid Claim,2026-06-05,302,1
CLM-00620,PRD-00620,Consumer Electronics,NovaSound,NovaPods Max,SN-NOV-6032870,MegaMart Online,INV-2025-71141,Battery not charging,Battery not charging: the problem started without any external cause during normal use.,Manufacturing Defect,2025-07-14,2026-07-14,2026-06-24,2026-06-27,12,0,550.53,348,17,3,0.886,0,0,0,0,0,1,0,1,1,0,serial_mismatch,Invalid Claim,2025-07-14,17,1
CLM-00621,PRD-00621,Consumer Electronics,ApexTech,NovaPods Max,SN-APE-2546659,Metro Hardware Centre,INV-2026-35382,Motherboard failure,Motherboard failure: the problem appeared after a power fluctuation.,Electrical Surge,2026-01-21,2028-01-22,2026-03-30,2026-04-18,24,1,277.15,87,644,19,0.421,0,0,1,0,0,1,1,1,1,0,ambiguous_cause,Manual Review,2026-01-21,644,0
CLM-00622,PRD-00622,Home Appliances,KitchenPro,KitchenPro 30L,SN-KIT-6169020,City Electronics Mall,INV-2024-66354,Compressor failure,Compressor failure: the problem started without any external cause during normal use.,Manufacturing Defect,2024-09-13,2026-09-14,2026-09-14,2026-09-14,24,0,370.17,731,0,0,0.897,0,0,1,0,0,0,1,1,1,0,missing_documents,Manual Review,2024-09-13,0,1
CLM-00623,PRD-00623,Home Appliances,CleanCycle,KitchenPro 30L,SN-CLE-7289300,Brand Flagship Store,INV-2025-75887,Drum spin malfunction,Drum spin malfunction: the problem appeared after a power fluctuation.,Electrical Surge,2025-05-02,2027-05-03,2026-03-26,2026-03-31,24,0,610.82,333,398,5,0.646,2,0,1,0,0,1,1,1,0,1,repeat_repairs,Manual Review,2025-05-02,398,1
CLM-00624,PRD-00624,Home Appliances,FrostGuard,CleanCycle 8kg,SN-FRO-2238964,Brand Flagship Store,INV-2022-63781,Water pump leakage,Water pump leakage: the problem developed gradually with regular use.,Normal Wear and Tear,2022-10-12,2026-10-12,2026-04-23,2026-04-24,48,1,1444.52,1290,171,1,0.276,0,0,1,0,0,1,1,1,1,0,covered_defect,Valid Claim,2022-10-12,171,0
CLM-00625,PRD-00625,Industrial Tools,IronForge,VoltEdge Saw 18V,SN-IRO-5566979,City Electronics Mall,INV-2022-46184,Gearbox seizure,Gearbox seizure: the problem developed gradually with regular use.,Normal Wear and Tear,2022-03-12,2025-03-12,2022-02-13,2026-03-22,36,0,397.82,1471,-375,1498,0.57,0,0,1,0,1,1,1,1,0,0,expired,Invalid Claim,2022-03-12,0,1
CLM-00626,PRD-00626,Consumer Electronics,PixelCraft,NovaPods Max,SN-PIX-2998906,National Appliance Depot,INV-2025-89626,Battery not charging,Battery not charging: the problem has no obvious cause.,Unknown / Not Sure,2025-02-10,2028-02-11,2026-08-06,2026-09-12,36,1,406.8,579,517,37,0.633,0,0,1,0,0,1,1,1,1,0,late_reporting,Invalid Claim,2025-02-10,517,0
CLM-00627,PRD-00627,Home Appliances,FrostGuard,CleanCycle 8kg,SN-FRO-9940919,National Appliance Depot,INV-2023-71820,Thermostat failure,Thermostat failure: the problem appeared after contact with water.,Water Ingress,2023-12-05,2025-12-05,2026-03-26,2026-04-06,24,0,838.72,853,-122,11,0.608,0,0,1,0,0,1,1,1,1,0,expired,Invalid Claim,2023-12-05,0,0
CLM-00628,PRD-00628,Industrial Tools,HydraPower,IronForge Grinder 9,SN-HYD-8464856,National Appliance Depot,INV-2026-34941,Chuck bearing failure,Chuck bearing failure: the problem appeared after contact with water.,Water Ingress,2026-02-04,2029-02-04,2026-04-03,2026-04-03,36,0,406.39,58,1038,0,0.335,0,0,1,0,0,1,1,1,1,0,ambiguous_cause,Manual Review,2026-02-04,1038,0
CLM-00629,PRD-00629,Home Appliances,AeroBreeze,AeroBreeze 1.5T,SN-AER-8855248,Brand Flagship Store,INV-2022-62394,Motor burnout,Motor burnout: the problem developed gradually with regular use.,Normal Wear and Tear,2022-01-28,2026-01-28,2026-01-22,2026-01-22,48,1,528.97,1455,6,0,0.249,0,0,1,0,0,1,1,1,1,0,covered_defect,Valid Claim,2022-01-28,6,0
CLM-00630,PRD-00630,Industrial Tools,TorqueMax,VoltEdge Saw 18V,SN-TOR-5250928,National Appliance Depot,INV-2024-90482,Trigger switch failure,Trigger switch failure: the problem started without any external cause during normal use.,Manufacturing Defect,2024-04-26,2026-04-27,2026-04-21,2026-04-22,24,0,375.63,726,5,1,0.863,0,0,1,0,0,1,1,1,1,0,covered_defect,Valid Claim,2024-04-26,5,0
CLM-00631,PRD-00631,Home Appliances,KitchenPro,KitchenPro 30L,SN-KIT-2975260,Metro Hardware Centre,INV-2025-19009,PCB failure,PCB failure: the problem appeared after contact with water.,Water Ingress,2025-08-04,2028-08-04,2026-07-19,2026-08-07,36,0,742.9,368,728,19,0.372,0,0,0,0,0,1,1,1,0,0,serial_unverifiable+noise,Invalid Claim,2025-08-04,728,1
CLM-00632,PRD-00632,Consumer Electronics,VividDisplay,VividTab 11,SN-VIV-1024716,City Electronics Mall,INV-2025-60092,Wi-Fi/Bluetooth failure,Wi-Fi/Bluetooth failure: the problem appeared after a power fluctuation.,Electrical Surge,2025-03-25,2028-03-25,2026-01-31,2026-02-13,36,1,321.33,325,771,13,0.724,1,0,1,0,0,0,0,1,1,0,excluded_damage,Invalid Claim,2025-03-25,771,2
CLM-00633,PRD-00633,Home Appliances,CleanCycle,AeroBreeze 1.5T,SN-CLE-7008327,Brand Flagship Store,INV-2025-80641,PCB failure,PCB failure: the problem appeared under heavy load.,Mechanical Stress,2025-06-03,2028-06-03,2026-03-11,2026-03-19,36,0,1915.14,289,807,8,0.773,1,0,1,0,0,1,1,1,1,1,covered_defect,Valid Claim,2025-06-03,807,0
CLM-00634,PRD-00634,Consumer Electronics,PixelCraft,NovaPods Max,SN-PIX-1612060,Metro Hardware Centre,INV-2024-40073,Speaker malfunction,Speaker malfunction: the problem started without any external cause during normal use.,Manufacturing Defect,2024-07-23,2026-07-24,2026-03-07,2026-03-20,24,0,1013.51,605,126,13,0.467,0,0,1,0,0,1,0,1,0,0,missing_documents,Manual Review,2024-07-23,126,2
CLM-00635,PRD-00635,Home Appliances,CleanCycle,CleanCycle 8kg,SN-CLE-3071983,Metro Hardware Centre,INV-2023-29354,Drum spin malfunction,Drum spin malfunction: the problem developed gradually with regular use.,Normal Wear and Tear,2023-05-03,2026-05-03,2026-04-10,2026-04-27,36,0,359.91,1090,6,17,0.708,0,0,0,0,0,1,1,1,1,0,serial_mismatch,Invalid Claim,2023-05-03,6,0
CLM-00636,PRD-00636,Industrial Tools,IronForge,IronForge Grinder 9,SN-IRO-1371277,Metro Hardware Centre,INV-2025-18995,Seal failure,Seal failure: the problem appeared under heavy load.,Mechanical Stress,2025-03-09,2027-03-10,2026-02-26,2026-03-06,24,0,677.84,362,369,8,0.44,0,0,0,1,0,1,1,1,1,0,serial_mismatch,Invalid Claim,2025-03-09,369,0
CLM-00637,PRD-00637,Home Appliances,FrostGuard,KitchenPro 30L,SN-FRO-2459838,Brand Flagship Store,INV-2023-26993,PCB failure,PCB failure: the problem appeared after the unit was dropped.,Accidental Drop,2023-01-21,2027-01-21,2026-03-31,2026-03-31,48,1,648.84,1165,296,0,0.621,0,0,1,0,0,1,1,1,1,0,excluded_damage,Invalid Claim,2023-01-21,296,0
CLM-00638,PRD-00638,Consumer Electronics,VividDisplay,ApexBook Pro 16,SN-VIV-4388491,Brand Flagship Store,INV-2024-38769,Touch panel unresponsive,Touch panel unresponsive: the problem appeared after the unit was dropped.,Accidental Drop,2024-04-02,2025-04-02,2026-02-02,2026-02-09,12,0,1082.2,678,-313,7,0.612,1,1,1,0,0,1,1,1,0,1,expired,Invalid Claim,2024-04-02,0,1
CLM-00639,PRD-00639,Consumer Electronics,VividDisplay,VividTab 11,SN-VIV-9126216,National Appliance Depot,INV-2026-34846,Battery not charging,Battery not charging: the problem developed gradually with regular use.,Normal Wear and Tear,2026-01-01,2029-01-01,2026-04-21,2026-05-09,36,1,857.65,128,968,18,0.657,1,0,1,0,0,1,1,1,1,1,covered_defect,Valid Claim,2026-01-01,968,0
CLM-00640,PRD-00640,Consumer Electronics,PixelCraft,VividTab 11,SN-PIX-1930025,Metro Hardware Centre,INV-2026-21423,Touch panel unresponsive,Touch panel unresponsive: the problem appeared after contact with water.,Water Ingress,2026-01-20,2028-01-21,2026-07-02,2026-07-03,24,1,425.14,164,567,1,0.455,0,0,1,0,0,1,0,1,1,0,ambiguous_cause,Manual Review,2026-01-20,567,1
CLM-00641,PRD-00641,Consumer Electronics,VividDisplay,NovaPods Max,SN-VIV-5913367,National Appliance Depot,INV-2025-61117,Motherboard failure,Motherboard failure: the problem developed gradually with regular use.,Normal Wear and Tear,2025-12-04,2026-12-04,2026-01-10,2026-01-16,12,0,752.96,43,322,6,0.365,0,0,1,0,0,0,1,1,1,0,missing_documents,Manual Review,2025-12-04,322,1
CLM-00642,PRD-00642,Industrial Tools,HydraPower,VoltEdge Saw 18V,SN-HYD-9267852,National Appliance Depot,INV-2025-48708,Gearbox seizure,Gearbox seizure: the problem appeared under heavy load.,Mechanical Stress,2025-10-28,2027-10-29,2026-01-21,2026-02-26,24,0,553.28,121,610,36,0.245,0,0,1,0,0,1,1,1,1,0,late_reporting,Invalid Claim,2025-10-28,610,0
CLM-00643,PRD-00643,Home Appliances,CleanCycle,KitchenPro 30L,SN-CLE-6909677,Metro Hardware Centre,INV-2024-13638,Thermostat failure,Thermostat failure: the problem started without any external cause during normal use.,Manufacturing Defect,2024-02-23,2027-02-23,2026-04-05,2026-04-13,36,1,360.18,780,316,8,0.898,0,0,0,0,0,1,1,0,1,0,serial_mismatch,Invalid Claim,2024-02-23,316,1
CLM-00644,PRD-00644,Home Appliances,AeroBreeze,AeroBreeze 1.5T,SN-AER-2111904,Brand Flagship Store,INV-2024-52247,Motor burnout,Motor burnout: the problem started without any external cause during normal use.,Manufacturing Defect,2024-11-01,2026-11-02,2026-05-24,2026-05-27,24,0,1359.4,572,159,3,0.695,0,0,1,0,0,1,1,1,1,0,covered_defect+noise,Manual Review,2024-11-01,159,0
CLM-00645,PRD-00645,Home Appliances,FrostGuard,AeroBreeze 1.5T,SN-FRO-3734195,Industrial Supply Direct,INV-2025-24142,Thermostat failure,Thermostat failure: the problem started without any external cause during normal use.,Manufacturing Defect,2025-05-23,2028-05-23,2026-05-23,2026-05-28,36,0,687.49,370,726,5,0.933,0,0,0,0,0,1,1,1,1,0,serial_mismatch,Invalid Claim,2025-05-23,726,0
CLM-00646,PRD-00646,Consumer Electronics,PixelCraft,PixelWatch 3,SN-PIX-9955083,Metro Hardware Centre,INV-2025-17086,Speaker malfunction,Speaker malfunction: the problem started without any external cause during normal use.,Manufacturing Defect,2025-06-10,2026-06-10,2026-02-04,2026-02-13,12,0,649.38,248,117,9,0.558,2,0,1,0,0,1,1,1,1,1,repeat_repairs,Manual Review,2025-06-10,117,0
CLM-00647,PRD-00647,Industrial Tools,HydraPower,VoltEdge Saw 18V,SN-HYD-9367341,Brand Flagship Store,INV-2023-92426,Trigger switch failure,Trigger switch failure: the problem started without any external cause during normal use.,Manufacturing Defect,2023-06-03,2026-06-03,2026-05-27,2026-06-03,36,0,229.38,1096,0,7,0.866,0,0,1,0,0,1,0,0,1,0,missing_documents,Manual Review,2023-06-03,0,2
CLM-00648,PRD-00648,Consumer Electronics,PixelCraft,PixelWatch 3,SN-PIX-3409280,MegaMart Online,INV-2024-42196,Motherboard failure,Motherboard failure: the problem started without any external cause during normal use.,Manufacturing Defect,2024-02-01,2026-02-01,2026-01-25,2026-02-08,24,0,1582.82,738,-7,14,0.443,0,0,1,0,0,1,0,1,1,0,grace_boundary,Manual Review,2024-02-01,0,1
CLM-00649,PRD-00649,Home Appliances,KitchenPro,KitchenPro 30L,SN-KIT-9350455,Metro Hardware Centre,INV-2023-54661,Compressor failure,Compressor failure: the problem appeared under heavy load.,Mechanical Stress,2023-05-28,2027-05-28,2026-06-11,2026-06-18,48,1,338.4,1117,344,7,0.386,1,0,1,0,0,1,1,1,1,1,covered_defect,Valid Claim,2023-05-28,344,0
CLM-00650,PRD-00650,Industrial Tools,TorqueMax,TorqueMax HD Drill,SN-TOR-9867080,Industrial Supply Direct,INV-2025-78924,Seal failure,Seal failure: the problem developed gradually with regular use.,Normal Wear and Tear,2025-11-30,2027-12-01,2026-03-09,2026-03-15,24,0,539.95,105,626,6,0.744,2,1,1,0,0,1,0,1,0,0,unauthorized_repair,Invalid Claim,2025-11-30,626,2
CLM-00651,PRD-00651,Home Appliances,KitchenPro,AeroBreeze 1.5T,SN-KIT-2882189,Brand Flagship Store,INV-2023-24838,Thermostat failure,Thermostat failure: the problem developed gradually with regular use.,Normal Wear and Tear,2023-08-29,2026-08-29,2026-05-11,2026-05-22,36,0,861.92,997,99,11,0.285,1,0,1,0,0,1,1,1,1,1,covered_defect,Valid Claim,2023-08-29,99,0
CLM-00652,PRD-00652,Industrial Tools,HydraPower,VoltEdge Saw 18V,SN-HYD-1058840,National Appliance Depot,INV-2023-90849,Trigger switch failure,Trigger switch failure: the problem developed gradually with regular use.,Normal Wear and Tear,2023-12-27,2025-12-27,2026-01-04,2026-01-13,24,0,618.58,748,-17,9,0.342,0,0,1,0,0,1,1,1,1,0,expired,Invalid Claim,2023-12-27,0,0
CLM-00653,PRD-00653,Home Appliances,KitchenPro,KitchenPro 30L,SN-KIT-3854249,National Appliance Depot,INV-2023-95759,Thermostat failure,Thermostat failure: the problem developed gradually with regular use.,Normal Wear and Tear,2023-04-06,2026-04-06,2026-02-23,2026-03-17,36,0,743.76,1076,20,22,0.228,1,0,1,0,0,1,1,1,1,0,covered_defect,Valid Claim,2023-04-06,20,0
CLM-00654,PRD-00654,Home Appliances,KitchenPro,AeroBreeze 1.5T,SN-KIT-3712083,Industrial Supply Direct,INV-2026-62020,Motor burnout,Motor burnout: the problem appeared under heavy load.,Mechanical Stress,2026-03-04,2029-03-04,2026-05-14,2026-05-15,36,0,1082.44,72,1024,1,0.704,0,0,1,0,0,1,1,1,1,0,covered_defect,Valid Claim,2026-03-04,1024,0
CLM-00655,PRD-00655,Consumer Electronics,ApexTech,ApexBook Pro 16,SN-APE-2806689,National Appliance Depot,INV-2025-27754,Wi-Fi/Bluetooth failure,Wi-Fi/Bluetooth failure: the problem started without any external cause during normal use.,Manufacturing Defect,2025-12-11,2026-12-11,2026-04-22,2026-04-28,12,0,399.71,138,227,6,0.497,1,0,1,0,0,1,1,1,1,0,covered_defect,Valid Claim,2025-12-11,227,0
CLM-00656,PRD-00656,Home Appliances,KitchenPro,FrostGuard 450L,SN-KIT-9229504,MegaMart Online,INV-2024-62631,Motor burnout,Motor burnout: the problem started without any external cause during normal use.,Manufacturing Defect,2024-09-06,2026-09-07,2026-03-30,2026-04-14,24,0,1546.94,585,146,15,0.666,2,0,1,0,0,1,0,1,1,1,repeat_repairs,Manual Review,2024-09-06,146,1
CLM-00657,PRD-00657,Home Appliances,FrostGuard,FrostGuard 450L,SN-FRO-6023158,Industrial Supply Direct,INV-2024-72275,Drum spin malfunction,Drum spin malfunction: the problem appeared after the unit was dropped.,Accidental Drop,2024-10-23,2028-10-23,2026-07-23,2026-08-10,48,1,985.22,656,805,18,0.633,0,0,1,0,0,1,1,1,1,0,excluded_damage,Invalid Claim,2024-10-23,805,0
CLM-00658,PRD-00658,Home Appliances,AeroBreeze,CleanCycle 8kg,SN-AER-7001286,City Electronics Mall,INV-2026-25124,Water pump leakage,Water pump leakage: the problem started without any external cause during normal use.,Manufacturing Defect,2026-05-01,2028-05-01,2026-03-25,2026-07-24,24,0,493.15,84,647,121,0.588,0,0,1,0,1,0,1,1,1,0,contradiction,Manual Review,2026-05-01,647,1
CLM-00659,PRD-00659,Home Appliances,FrostGuard,AeroBreeze 1.5T,SN-FRO-9386993,Metro Hardware Centre,INV-2025-77702,Water pump leakage,Water pump leakage: the problem started without any external cause during normal use.,Manufacturing Defect,2025-08-30,2028-08-30,2026-04-24,2026-05-05,36,0,702.86,248,848,11,0.896,0,0,1,0,0,1,1,1,1,0,covered_defect,Valid Claim,2025-08-30,848,0
CLM-00660,PRD-00660,Home Appliances,FrostGuard,FrostGuard 450L,SN-FRO-4644625,Metro Hardware Centre,INV-2022-37139,Thermostat failure,Thermostat failure: the problem has no obvious cause.,Unknown / Not Sure,2022-07-30,2026-07-30,2026-07-23,2026-07-24,48,1,361.57,1455,6,1,0.611,1,0,1,0,0,0,1,0,1,1,missing_documents,Manual Review,2022-07-30,6,2
CLM-00661,PRD-00661,Consumer Electronics,NovaSound,VividTab 11,SN-NOV-3386920,Brand Flagship Store,INV-2025-45345,Speaker malfunction,Speaker malfunction: the problem has no obvious cause.,Unknown / Not Sure,2025-10-01,2026-10-01,2026-06-19,2026-07-09,12,0,521.88,281,84,20,0.651,1,0,1,0,0,1,1,1,1,1,covered_defect,Valid Claim,2025-10-01,84,0
CLM-00662,PRD-00662,Consumer Electronics,VividDisplay,NovaPods Max,SN-VIV-8939718,National Appliance Depot,INV-2025-34119,Touch panel unresponsive,Touch panel unresponsive: the problem started without any external cause during normal use.,Manufacturing Defect,2025-10-18,2026-10-18,2026-07-14,2026-07-15,12,0,325.47,270,95,1,0.53,1,0,1,0,0,1,1,0,0,1,missing_documents,Manual Review,2025-10-18,95,2
CLM-00663,PRD-00663,Consumer Electronics,ApexTech,VividTab 11,SN-APE-1005113,MegaMart Online,INV-2025-48874,Screen flickering,Screen flickering: the problem started without any external cause during normal use.,Manufacturing Defect,2025-09-12,2027-09-13,2026-08-28,2026-09-04,24,0,510.09,357,374,7,0.876,0,0,1,0,0,0,1,1,1,0,missing_documents,Manual Review,2025-09-12,374,1
CLM-00664,PRD-00664,Home Appliances,KitchenPro,CleanCycle 8kg,SN-KIT-1703680,National Appliance Depot,INV-2024-24303,Thermostat failure,Thermostat failure: the problem developed gradually with regular use.,Normal Wear and Tear,2024-03-23,2028-03-23,2026-09-17,2026-09-20,48,1,490.58,911,550,3,0.583,1,1,1,0,0,1,1,1,1,0,unauthorized_repair,Invalid Claim,2024-03-23,550,0
CLM-00665,PRD-00665,Home Appliances,FrostGuard,AeroBreeze 1.5T,SN-FRO-8160438,Brand Flagship Store,INV-2023-36354,PCB failure,PCB failure: the problem appeared after a power fluctuation.,Electrical Surge,2023-10-01,2026-10-01,2026-02-23,2026-02-28,36,0,640.82,881,215,5,0.36,2,0,0,0,0,1,1,1,1,1,serial_mismatch,Invalid Claim,2023-10-01,215,0
CLM-00666,PRD-00666,Home Appliances,AeroBreeze,KitchenPro 30L,SN-AER-4011601,Industrial Supply Direct,INV-2025-66035,Drum spin malfunction,Drum spin malfunction: the problem started without any external cause during normal use.,Manufacturing Defect,2025-11-17,2028-11-17,2026-04-18,2026-05-10,36,0,630.77,174,922,22,0.701,1,1,1,0,0,0,1,1,1,1,unauthorized_repair,Invalid Claim,2025-11-17,922,1
CLM-00667,PRD-00667,Consumer Electronics,VividDisplay,ApexBook Pro 16,SN-VIV-8709744,National Appliance Depot,INV-2025-13587,Speaker malfunction,Speaker malfunction: the problem developed gradually with regular use.,Normal Wear and Tear,2025-01-10,2027-01-11,2026-06-27,2026-07-31,24,0,752.27,567,164,34,0.715,0,0,1,0,0,1,1,1,1,0,late_reporting,Invalid Claim,2025-01-10,164,0
CLM-00668,PRD-00668,Consumer Electronics,NovaSound,NovaPhone 12,SN-NOV-7319412,Industrial Supply Direct,INV-2024-83492,Screen flickering,Screen flickering: the problem appeared after a power fluctuation.,Electrical Surge,2024-03-07,2026-03-08,2026-03-22,2026-03-22,24,0,779.75,745,-14,0,0.27,2,1,1,0,0,1,1,1,1,0,expired,Invalid Claim,2024-03-07,0,0
CLM-00669,PRD-00669,Home Appliances,AeroBreeze,AeroBreeze 1.5T,SN-AER-7392742,National Appliance Depot,INV-2023-92395,Motor burnout,Motor burnout: the problem started without any external cause during normal use.,Manufacturing Defect,2023-07-14,2026-07-14,2026-08-07,2026-08-10,36,1,285.49,1123,-27,3,0.912,1,0,1,0,0,1,1,1,0,1,expired,Invalid Claim,2023-07-14,0,1
CLM-00670,PRD-00670,Industrial Tools,HydraPower,HydraPower Jack 5T,SN-HYD-3141641,Industrial Supply Direct,INV-2024-74163,Armature burnout,Armature burnout: the problem started without any external cause during normal use.,Manufacturing Defect,2024-11-28,2026-11-29,2026-07-20,2026-08-04,24,0,323.41,614,117,15,0.847,0,0,1,0,0,1,1,1,1,0,covered_defect,Valid Claim,2024-11-28,117,0
CLM-00671,PRD-00671,Consumer Electronics,ApexTech,NovaPhone 12,SN-APE-1465493,Metro Hardware Centre,INV-2025-95086,Screen flickering,Screen flickering: the problem started without any external cause during normal use.,Manufacturing Defect,2025-01-06,2027-01-07,2026-07-18,2026-07-23,24,0,656.95,563,168,5,0.626,1,0,1,0,0,1,1,1,0,1,covered_defect,Valid Claim,2025-01-06,168,1
CLM-00672,PRD-00672,Industrial Tools,TorqueMax,HydraPower Jack 5T,SN-TOR-8668518,Metro Hardware Centre,INV-2025-97757,Gearbox seizure,Gearbox seizure: the problem developed gradually with regular use.,Normal Wear and Tear,2025-11-17,2027-11-18,2026-07-13,2026-07-20,24,0,253.74,245,486,7,0.617,0,0,1,0,0,1,1,1,1,0,covered_defect,Valid Claim,2025-11-17,486,0
CLM-00673,PRD-00673,Home Appliances,AeroBreeze,KitchenPro 30L,SN-AER-6877571,City Electronics Mall,INV-2022-55844,Water pump leakage,Water pump leakage: the problem appeared under heavy load.,Mechanical Stress,2022-10-27,2025-10-27,2026-09-09,2026-09-16,36,1,454.52,1420,-324,7,0.297,0,0,1,0,0,1,1,1,1,0,expired,Invalid Claim,2022-10-27,0,0
CLM-00674,PRD-00674,Consumer Electronics,ApexTech,VividTab 11,SN-APE-2288770,National Appliance Depot,INV-2025-32182,Touch panel unresponsive,Touch panel unresponsive: the problem started without any external cause during normal use.,Manufacturing Defect,2025-04-22,2026-04-22,2026-03-31,2026-04-13,12,0,362.76,356,9,13,0.613,0,0,1,0,0,1,1,1,0,0,covered_defect,Valid Claim,2025-04-22,9,1
CLM-00675,PRD-00675,Home Appliances,CleanCycle,AeroBreeze 1.5T,SN-CLE-6748514,City Electronics Mall,INV-2023-89177,Motor burnout,Motor burnout: the problem started without any external cause during normal use.,Manufacturing Defect,2023-06-26,2026-06-26,2026-06-21,2026-06-24,36,0,508.62,1094,2,3,0.767,1,0,1,0,0,1,1,0,1,1,covered_defect,Valid Claim,2023-06-26,2,1
CLM-00676,PRD-00676,Home Appliances,AeroBreeze,KitchenPro 30L,SN-AER-9912996,Industrial Supply Direct,INV-2024-74879,Compressor failure,Compressor failure: the problem appeared after a power fluctuation.,Electrical Surge,2024-04-23,2026-04-24,2026-02-28,2026-03-12,24,0,160.37,688,43,12,0.565,0,0,1,0,0,1,1,1,1,0,covered_defect,Valid Claim,2024-04-23,43,0
CLM-00677,PRD-00677,Home Appliances,KitchenPro,KitchenPro 30L,SN-KIT-7702328,MegaMart Online,INV-2023-20631,Water pump leakage,Water pump leakage: the problem started without any external cause during normal use.,Manufacturing Defect,2023-11-12,2026-11-12,2026-04-27,2026-04-28,36,0,969.98,898,198,1,0.873,0,0,1,0,0,1,1,1,1,0,covered_defect,Valid Claim,2023-11-12,198,0
CLM-00678,PRD-00678,Home Appliances,AeroBreeze,AeroBreeze 1.5T,SN-AER-8091713,National Appliance Depot,INV-2025-82136,Compressor failure,Compressor failure: the problem appeared after contact with water.,Water Ingress,2025-06-16,2027-06-17,2026-03-13,2026-03-23,24,0,346.54,280,451,10,0.586,0,0,1,0,0,1,0,1,0,0,excluded_damage,Invalid Claim,2025-06-16,451,2
CLM-00679,PRD-00679,Home Appliances,KitchenPro,KitchenPro 30L,SN-KIT-8867786,Industrial Supply Direct,INV-2024-75473,Drum spin malfunction,Drum spin malfunction: the problem appeared under heavy load.,Mechanical Stress,2024-02-26,2026-02-26,2026-02-13,2026-02-23,24,0,566.54,728,3,10,0.496,0,0,1,0,0,1,0,1,1,0,covered_defect,Valid Claim,2024-02-26,3,1
CLM-00680,PRD-00680,Home Appliances,AeroBreeze,FrostGuard 450L,SN-AER-1692889,National Appliance Depot,INV-2025-79553,Thermostat failure,Thermostat failure: the problem started without any external cause during normal use.,Manufacturing Defect,2025-09-01,2027-09-02,2025-12-29,2026-01-03,24,0,400.5,124,607,5,0.868,0,0,1,0,0,1,1,1,0,0,covered_defect,Valid Claim,2025-09-01,607,1
CLM-00681,PRD-00681,Industrial Tools,TorqueMax,HydraPower Jack 5T,SN-TOR-7428654,MegaMart Online,INV-2024-60608,Gearbox seizure,Gearbox seizure: the problem started without any external cause during normal use.,Manufacturing Defect,2024-03-24,2026-03-25,2026-09-04,2026-09-07,24,0,530.82,897,-166,3,0.642,1,0,1,0,0,1,1,0,1,1,expired,Invalid Claim,2024-03-24,0,1
CLM-00682,PRD-00682,Home Appliances,KitchenPro,KitchenPro 30L,SN-KIT-3620558,Industrial Supply Direct,INV-2024-54383,PCB failure,PCB failure: the problem started without any external cause during normal use.,Manufacturing Defect,2024-06-26,2027-06-27,2026-03-21,2026-03-25,36,0,776.17,637,459,4,0.605,1,0,0,0,0,1,0,1,1,0,serial_mismatch,Invalid Claim,2024-06-26,459,1
CLM-00683,PRD-00683,Consumer Electronics,ApexTech,VividTab 11,SN-APE-8469879,Industrial Supply Direct,INV-2025-28376,Motherboard failure,Motherboard failure: the problem appeared under heavy load.,Mechanical Stress,2025-09-22,2026-09-22,2026-09-22,2026-09-22,12,0,788.84,365,0,0,0.257,0,0,1,0,0,1,1,1,1,0,covered_defect,Valid Claim,2025-09-22,0,0
CLM-00684,PRD-00684,Consumer Electronics,ApexTech,NovaPods Max,SN-APE-1020411,Metro Hardware Centre,INV-2025-77727,Speaker malfunction,Speaker malfunction: the problem appeared after the unit was dropped.,Accidental Drop,2025-07-19,2026-07-19,2026-05-23,2026-06-15,12,0,405.85,331,34,23,0.531,0,0,1,0,0,1,0,1,0,0,missing_documents,Manual Review,2025-07-19,34,2
CLM-00685,PRD-00685,Home Appliances,FrostGuard,CleanCycle 8kg,SN-FRO-1480410,City Electronics Mall,INV-2022-78967,PCB failure,PCB failure: the problem started without any external cause during normal use.,Manufacturing Defect,2022-04-20,2026-04-20,2026-06-28,2026-07-04,48,1,865.22,1536,-75,6,0.838,1,0,1,0,0,0,0,1,1,1,expired,Invalid Claim,2022-04-20,0,2
CLM-00686,PRD-00686,Industrial Tools,HydraPower,HydraPower Jack 5T,SN-HYD-1489437,Industrial Supply Direct,INV-2024-36955,Gearbox seizure,Gearbox seizure: the problem developed gradually with regular use.,Normal Wear and Tear,2024-01-03,2027-01-03,2026-01-21,2026-01-21,36,1,332.48,749,347,0,0.686,0,0,1,0,0,1,1,1,1,0,covered_defect,Valid Claim,2024-01-03,347,0
CLM-00687,PRD-00687,Home Appliances,KitchenPro,FrostGuard 450L,SN-KIT-3151978,Brand Flagship Store,INV-2026-55503,PCB failure,PCB failure: the problem has no obvious cause.,Unknown / Not Sure,2026-01-12,2028-01-13,2026-02-07,2026-02-12,24,0,361.79,31,700,5,0.339,1,0,1,0,0,1,1,1,1,0,ambiguous_cause,Manual Review,2026-01-12,700,0
CLM-00688,PRD-00688,Home Appliances,CleanCycle,AeroBreeze 1.5T,SN-CLE-6633905,Metro Hardware Centre,INV-2023-28167,Motor burnout,Motor burnout: the problem started without any external cause during normal use.,Manufacturing Defect,2023-05-26,2026-05-26,2026-02-21,2026-02-21,36,0,478.01,1002,94,0,0.873,1,1,1,0,0,1,1,1,1,0,unauthorized_repair,Invalid Claim,2023-05-26,94,0
CLM-00689,PRD-00689,Consumer Electronics,VividDisplay,VividTab 11,SN-VIV-8275124,Brand Flagship Store,INV-2025-19349,Wi-Fi/Bluetooth failure,Wi-Fi/Bluetooth failure: the problem developed gradually with regular use.,Normal Wear and Tear,2025-06-26,2027-06-27,2026-05-28,2026-06-21,24,0,955.59,360,371,24,0.526,1,1,1,0,0,1,1,1,1,0,unauthorized_repair,Invalid Claim,2025-06-26,371,0
CLM-00690,PRD-00690,Industrial Tools,VoltEdge,TorqueMax HD Drill,SN-VOL-1384901,MegaMart Online,INV-2022-99182,Gearbox seizure,Gearbox seizure: the problem developed gradually with regular use.,Normal Wear and Tear,2022-12-28,2025-12-28,2025-12-26,2026-01-07,36,0,559.35,1106,-10,12,0.61,0,0,1,0,0,1,1,1,1,0,grace_boundary,Manual Review,2022-12-28,0,0
CLM-00691,PRD-00691,Consumer Electronics,PixelCraft,PixelWatch 3,SN-PIX-7995060,Industrial Supply Direct,INV-2025-93687,Speaker malfunction,Speaker malfunction: the problem started without any external cause during normal use.,Manufacturing Defect,2025-10-27,2027-10-28,2025-10-23,2026-02-14,24,0,1404.77,110,621,114,0.389,0,0,1,0,1,1,1,1,1,0,contradiction,Manual Review,2025-10-27,621,0
CLM-00692,PRD-00692,Home Appliances,AeroBreeze,KitchenPro 30L,SN-AER-3485994,Industrial Supply Direct,INV-2024-16225,Drum spin malfunction,Drum spin malfunction: the problem started without any external cause during normal use.,Manufacturing Defect,2024-10-23,2027-10-24,2026-04-10,2026-05-27,36,1,1296.39,581,515,47,0.924,0,0,0,0,0,1,1,1,1,0,serial_mismatch,Invalid Claim,2024-10-23,515,0
CLM-00693,PRD-00693,Industrial Tools,HydraPower,VoltEdge Saw 18V,SN-HYD-6684656,National Appliance Depot,INV-2023-78160,Armature burnout,Armature burnout: the problem developed gradually with regular use.,Normal Wear and Tear,2023-08-17,2025-08-17,2026-05-15,2026-05-23,24,0,517.73,1010,-279,8,0.739,1,1,1,0,0,1,1,0,1,1,expired,Invalid Claim,2023-08-17,0,1
CLM-00694,PRD-00694,Consumer Electronics,PixelCraft,ApexBook Pro 16,SN-PIX-7631835,National Appliance Depot,INV-2024-55586,Touch panel unresponsive,Touch panel unresponsive: the problem appeared after contact with water.,Water Ingress,2024-07-08,2026-07-09,2026-06-09,2026-06-20,24,0,857.46,712,19,11,0.458,0,0,1,0,0,1,1,1,1,0,ambiguous_cause,Manual Review,2024-07-08,19,0
CLM-00695,PRD-00695,Industrial Tools,IronForge,VoltEdge Saw 18V,SN-IRO-7386646,MegaMart Online,INV-2026-89374,Seal failure,Seal failure: the problem appeared after contact with water.,Water Ingress,2026-01-18,2028-01-19,2026-05-12,2026-05-31,24,0,549.48,133,598,19,0.876,1,0,1,0,0,0,1,0,1,1,excluded_damage,Invalid Claim,2026-01-18,598,2
CLM-00696,PRD-00696,Industrial Tools,IronForge,IronForge Grinder 9,SN-IRO-8365388,MegaMart Online,INV-2026-21721,Armature burnout,Armature burnout: the problem has no obvious cause.,Unknown / Not Sure,2026-02-27,2028-02-28,2026-03-22,2026-04-09,24,0,684.24,41,690,18,0.609,1,0,1,0,0,1,1,1,1,0,covered_defect,Valid Claim,2026-02-27,690,0
CLM-00697,PRD-00697,Home Appliances,KitchenPro,KitchenPro 30L,SN-KIT-7088095,City Electronics Mall,INV-2026-30665,Water pump leakage,Water pump leakage: the problem appeared after the unit was dropped.,Accidental Drop,2026-02-12,2029-02-12,2026-04-17,2026-05-07,36,0,1667.06,84,1012,20,0.549,0,0,1,0,0,0,1,1,1,0,missing_documents,Manual Review,2026-02-12,1012,1
CLM-00698,PRD-00698,Consumer Electronics,ApexTech,VividTab 11,SN-APE-2147698,Industrial Supply Direct,INV-2024-48922,Motherboard failure,Motherboard failure: the problem appeared after contact with water.,Water Ingress,2024-09-26,2026-09-27,2026-05-20,2026-05-22,24,0,497.42,603,128,2,0.494,0,0,1,0,0,1,1,1,1,0,ambiguous_cause,Manual Review,2024-09-26,128,0
CLM-00699,PRD-00699,Home Appliances,FrostGuard,FrostGuard 450L,SN-FRO-9690991,MegaMart Online,INV-2025-51961,Drum spin malfunction,Drum spin malfunction: the problem appeared after the unit was dropped.,Accidental Drop,2025-03-03,2029-03-03,2026-01-11,2026-01-20,48,1,657.32,323,1138,9,0.459,0,0,1,0,0,1,1,1,1,0,ambiguous_cause,Manual Review,2025-03-03,1138,0
CLM-00700,PRD-00700,Home Appliances,CleanCycle,CleanCycle 8kg,SN-CLE-4119541,Industrial Supply Direct,INV-2024-71122,Thermostat failure,Thermostat failure: the problem appeared after a power fluctuation.,Electrical Surge,2024-03-04,2026-03-05,2026-06-22,2026-06-29,24,0,413.44,847,-116,7,0.617,0,0,1,0,0,1,1,1,1,0,expired,Invalid Claim,2024-03-04,0,0
CLM-00701,PRD-00701,Consumer Electronics,ApexTech,VividTab 11,SN-APE-6612075,National Appliance Depot,INV-2025-58018,Motherboard failure,Motherboard failure: the problem developed gradually with regular use.,Normal Wear and Tear,2025-04-01,2027-04-02,2026-04-28,2026-05-04,24,0,667.67,398,333,6,0.401,1,0,1,0,0,1,1,1,1,1,covered_defect,Valid Claim,2025-04-01,333,0
CLM-00702,PRD-00702,Industrial Tools,IronForge,IronForge Grinder 9,SN-IRO-4156915,Industrial Supply Direct,INV-2023-41392,Trigger switch failure,Trigger switch failure: the problem started without any external cause during normal use.,Manufacturing Defect,2023-04-18,2026-04-18,2026-04-13,2026-04-24,36,0,1047.29,1102,-6,11,0.941,1,1,0,0,0,1,0,1,1,1,unauthorized_repair,Invalid Claim,2023-04-18,0,1
CLM-00703,PRD-00703,Home Appliances,KitchenPro,CleanCycle 8kg,SN-KIT-3649140,Brand Flagship Store,INV-2024-42056,Compressor failure,Compressor failure: the problem appeared under heavy load.,Mechanical Stress,2024-06-20,2028-06-20,2026-04-10,2026-04-29,48,1,263.01,678,783,19,0.424,0,0,1,0,0,1,1,1,1,0,covered_defect,Valid Claim,2024-06-20,783,0
CLM-00704,PRD-00704,Industrial Tools,HydraPower,TorqueMax HD Drill,SN-HYD-9747249,Brand Flagship Store,INV-2025-23118,Chuck bearing failure,Chuck bearing failure: the problem started without any external cause during normal use.,Manufacturing Defect,2025-07-23,2029-07-23,2026-03-18,2026-03-18,48,1,637.51,238,1223,0,0.485,1,1,1,0,0,1,1,1,1,1,unauthorized_repair,Invalid Claim,2025-07-23,1223,0
CLM-00705,PRD-00705,Consumer Electronics,NovaSound,NovaPods Max,SN-NOV-7402860,MegaMart Online,INV-2026-21409,Speaker malfunction,Speaker malfunction: the problem started without any external cause during normal use.,Manufacturing Defect,2026-02-10,2027-02-10,2026-05-30,2026-06-05,12,0,736.06,115,250,6,0.597,1,0,1,0,0,1,1,0,1,1,covered_defect+noise,Invalid Claim,2026-02-10,250,1
CLM-00706,PRD-00706,Home Appliances,KitchenPro,FrostGuard 450L,SN-KIT-2361096,Metro Hardware Centre,INV-2025-55941,Thermostat failure,Thermostat failure: the problem started without any external cause during normal use.,Manufacturing Defect,2025-01-18,2028-01-19,2026-02-02,2026-02-03,36,0,247.38,381,715,1,0.696,0,0,1,0,0,1,1,1,1,0,covered_defect,Valid Claim,2025-01-18,715,0
CLM-00707,PRD-00707,Home Appliances,CleanCycle,AeroBreeze 1.5T,SN-CLE-5986523,Brand Flagship Store,INV-2025-88376,Water pump leakage,Water pump leakage: the problem started without any external cause during normal use.,Manufacturing Defect,2025-06-12,2028-06-12,2026-02-12,2026-02-17,36,0,394.29,250,846,5,0.742,1,0,1,0,0,1,1,1,0,1,covered_defect,Valid Claim,2025-06-12,846,1
CLM-00708,PRD-00708,Consumer Electronics,NovaSound,PixelWatch 3,SN-NOV-8517516,Metro Hardware Centre,INV-2026-43247,Wi-Fi/Bluetooth failure,Wi-Fi/Bluetooth failure: the problem appeared after the unit was dropped.,Accidental Drop,2026-05-10,2027-05-10,2026-08-13,2026-09-14,12,0,870.06,127,238,32,0.878,1,0,1,0,0,1,1,1,1,1,excluded_damage,Invalid Claim,2026-05-10,238,0
CLM-00709,PRD-00709,Industrial Tools,HydraPower,VoltEdge Saw 18V,SN-HYD-3152352,City Electronics Mall,INV-2024-46244,Armature burnout,Armature burnout: the problem started without any external cause during normal use.,Manufacturing Defect,2024-08-22,2027-08-23,2026-08-11,2026-08-18,36,0,1176.35,726,370,7,0.79,0,0,1,0,0,1,1,1,1,0,covered_defect,Valid Claim,2024-08-22,370,0
CLM-00710,PRD-00710,Home Appliances,FrostGuard,AeroBreeze 1.5T,SN-FRO-1941354,Metro Hardware Centre,INV-2025-99309,Thermostat failure,Thermostat failure: the problem started without any external cause during normal use.,Manufacturing Defect,2025-07-22,2027-07-23,2026-04-13,2026-04-30,24,0,1335.6,282,449,17,0.563,1,1,1,0,0,1,1,1,1,0,unauthorized_repair,Invalid Claim,2025-07-22,449,0
CLM-00711,PRD-00711,Industrial Tools,HydraPower,HydraPower Jack 5T,SN-HYD-2767835,National Appliance Depot,INV-2025-44000,Chuck bearing failure,Chuck bearing failure: the problem started without any external cause during normal use.,Manufacturing Defect,2025-03-20,2027-03-21,2026-04-22,2026-04-23,24,0,982.09,399,332,1,0.848,1,1,1,0,0,1,1,1,1,1,unauthorized_repair,Invalid Claim,2025-03-20,332,0
CLM-00712,PRD-00712,Industrial Tools,HydraPower,IronForge Grinder 9,SN-HYD-5802431,Brand Flagship Store,INV-2023-80818,Armature burnout,Armature burnout: the problem developed gradually with regular use.,Normal Wear and Tear,2023-09-10,2025-09-10,2026-07-10,2026-07-10,24,0,228.74,1034,-303,0,0.55,0,0,1,0,0,1,1,1,0,0,expired,Invalid Claim,2023-09-10,0,1
CLM-00713,PRD-00713,Home Appliances,CleanCycle,KitchenPro 30L,SN-CLE-3111538,National Appliance Depot,INV-2024-20799,Water pump leakage,Water pump leakage: the problem started without any external cause during normal use.,Manufacturing Defect,2024-04-11,2028-04-11,2026-04-09,2026-04-17,48,1,426.69,736,725,8,0.788,0,0,1,0,0,1,1,1,1,0,covered_defect,Valid Claim,2024-04-11,725,0
CLM-00714,PRD-00714,Consumer Electronics,VividDisplay,VividTab 11,SN-VIV-4085451,Industrial Supply Direct,INV-2024-98042,Screen flickering,Screen flickering: the problem appeared after a power fluctuation.,Electrical Surge,2024-07-24,2027-07-25,2026-05-09,2026-05-14,36,1,418.11,659,437,5,0.061,1,0,1,0,0,0,1,0,1,1,missing_documents,Manual Review,2024-07-24,437,2
CLM-00715,PRD-00715,Industrial Tools,TorqueMax,IronForge Grinder 9,SN-TOR-1847195,National Appliance Depot,INV-2023-97069,Trigger switch failure,Trigger switch failure: the problem developed gradually with regular use.,Normal Wear and Tear,2023-08-20,2026-08-20,2026-02-21,2026-03-01,36,0,450.93,924,172,8,0.254,0,0,1,0,0,1,1,1,0,0,covered_defect,Valid Claim,2023-08-20,172,1
CLM-00716,PRD-00716,Home Appliances,KitchenPro,KitchenPro 30L,SN-KIT-4101211,Brand Flagship Store,INV-2024-39251,Compressor failure,Compressor failure: the problem started without any external cause during normal use.,Manufacturing Defect,2024-11-14,2026-11-15,2026-02-23,2026-03-13,24,0,1077.29,484,247,18,0.93,0,0,1,0,0,1,1,1,1,0,covered_defect,Valid Claim,2024-11-14,247,0
CLM-00717,PRD-00717,Industrial Tools,HydraPower,TorqueMax HD Drill,SN-HYD-3716314,Industrial Supply Direct,INV-2024-96682,Gearbox seizure,Gearbox seizure: the problem has no obvious cause.,Unknown / Not Sure,2024-06-07,2027-06-08,2026-09-21,2026-09-22,36,0,1172.49,837,259,1,0.269,0,0,1,0,0,1,1,1,1,0,ambiguous_cause,Manual Review,2024-06-07,259,0
CLM-00718,PRD-00718,Industrial Tools,TorqueMax,TorqueMax HD Drill,SN-TOR-2366347,Metro Hardware Centre,INV-2025-92500,Trigger switch failure,Trigger switch failure: the problem appeared under heavy load.,Mechanical Stress,2025-07-22,2028-07-22,2026-04-29,2026-05-02,36,0,564.08,284,812,3,0.283,0,0,1,0,0,1,1,1,1,0,covered_defect,Valid Claim,2025-07-22,812,0
CLM-00719,PRD-00719,Consumer Electronics,NovaSound,PixelWatch 3,SN-NOV-4697849,Brand Flagship Store,INV-2025-42300,Touch panel unresponsive,Touch panel unresponsive: the problem appeared after a power fluctuation.,Electrical Surge,2025-10-28,2026-10-28,2026-06-14,2026-06-18,12,0,496.88,233,132,4,0.781,0,0,0,0,0,1,1,1,1,0,excluded_damage,Invalid Claim,2025-10-28,132,0
CLM-00720,PRD-00720,Home Appliances,AeroBreeze,CleanCycle 8kg,SN-AER-4300517,City Electronics Mall,INV-2025-74576,Thermostat failure,Thermostat failure: the problem started without any external cause during normal use.,Manufacturing Defect,2025-04-09,2027-04-10,2026-04-09,2026-04-14,24,0,396.26,370,361,5,0.572,1,0,1,0,0,1,0,1,1,1,covered_defect,Valid Claim,2025-04-09,361,1
CLM-00721,PRD-00721,Consumer Electronics,PixelCraft,NovaPhone 12,SN-PIX-1674797,National Appliance Depot,INV-2023-85218,Screen flickering,Screen flickering: the problem started without any external cause during normal use.,Manufacturing Defect,2023-10-22,2025-10-22,2023-10-12,2026-07-16,24,0,952.97,998,-267,1008,0.433,0,0,1,0,1,1,1,1,1,0,expired,Invalid Claim,2023-10-22,0,0
CLM-00722,PRD-00722,Home Appliances,CleanCycle,KitchenPro 30L,SN-CLE-6005678,MegaMart Online,INV-2024-30326,PCB failure,PCB failure: the problem started without any external cause during normal use.,Manufacturing Defect,2024-04-07,2026-04-08,2026-03-22,2026-03-29,24,0,361.83,721,10,7,0.664,0,0,1,1,0,1,0,1,1,0,possible_duplicate,Manual Review,2024-04-07,10,1
CLM-00723,PRD-00723,Industrial Tools,HydraPower,IronForge Grinder 9,SN-HYD-1191720,Metro Hardware Centre,INV-2023-30066,Chuck bearing failure,Chuck bearing failure: the problem started without any external cause during normal use.,Manufacturing Defect,2023-05-05,2026-05-05,2026-04-17,2026-04-24,36,0,472.24,1085,11,7,0.653,1,0,1,1,0,1,1,0,1,1,possible_duplicate,Manual Review,2023-05-05,11,1
CLM-00724,PRD-00724,Consumer Electronics,ApexTech,NovaPhone 12,SN-APE-7056955,Industrial Supply Direct,INV-2024-54297,Battery not charging,Battery not charging: the problem appeared after the unit was dropped.,Accidental Drop,2024-09-17,2026-09-18,2026-07-03,2026-07-03,24,0,923.07,654,77,0,0.475,0,0,1,0,0,1,1,1,1,0,ambiguous_cause,Manual Review,2024-09-17,77,0
CLM-00725,PRD-00725,Home Appliances,AeroBreeze,AeroBreeze 1.5T,SN-AER-4066671,National Appliance Depot,INV-2023-25308,Motor burnout,Motor burnout: the problem appeared under heavy load.,Mechanical Stress,2023-07-28,2025-07-28,2026-01-16,2026-02-13,24,0,272.85,931,-200,28,0.645,0,0,1,0,0,1,1,1,0,0,expired,Invalid Claim,2023-07-28,0,1
CLM-00726,PRD-00726,Industrial Tools,HydraPower,TorqueMax HD Drill,SN-HYD-3409392,City Electronics Mall,INV-2024-52496,Seal failure,Seal failure: the problem started without any external cause during normal use.,Manufacturing Defect,2024-07-20,2027-07-21,2025-12-25,2026-01-05,36,0,296.56,534,562,11,0.666,0,0,1,0,0,1,1,1,1,0,covered_defect,Valid Claim,2024-07-20,562,0
CLM-00727,PRD-00727,Industrial Tools,VoltEdge,HydraPower Jack 5T,SN-VOL-4335266,MegaMart Online,INV-2024-75227,Chuck bearing failure,Chuck bearing failure: the problem appeared under heavy load.,Mechanical Stress,2024-12-28,2027-12-29,2026-03-08,2026-03-08,36,0,644.05,435,661,0,0.29,0,0,1,0,0,1,1,1,1,0,covered_defect,Valid Claim,2024-12-28,661,0
CLM-00728,PRD-00728,Home Appliances,KitchenPro,KitchenPro 30L,SN-KIT-1921947,City Electronics Mall,INV-2023-32184,Motor burnout,Motor burnout: the problem started without any external cause during normal use.,Manufacturing Defect,2023-12-08,2027-12-08,2025-12-28,2026-01-28,48,1,469.44,782,679,31,0.832,2,0,1,0,0,1,0,0,1,1,missing_documents,Manual Review,2023-12-08,679,2
CLM-00729,PRD-00729,Home Appliances,CleanCycle,AeroBreeze 1.5T,SN-CLE-5281121,Brand Flagship Store,INV-2023-26095,Drum spin malfunction,Drum spin malfunction: the problem started without any external cause during normal use.,Manufacturing Defect,2023-02-23,2027-02-23,2026-04-25,2026-04-25,48,1,393.91,1157,304,0,0.957,1,0,1,0,0,1,1,1,1,1,covered_defect,Valid Claim,2023-02-23,304,0
CLM-00730,PRD-00730,Industrial Tools,IronForge,TorqueMax HD Drill,SN-IRO-5090147,National Appliance Depot,INV-2023-38822,Trigger switch failure,Trigger switch failure: the problem started without any external cause during normal use.,Manufacturing Defect,2023-04-20,2026-04-20,2026-04-18,2026-04-30,36,0,389.45,1106,-10,12,0.788,0,0,1,0,0,1,1,1,1,0,grace_boundary,Manual Review,2023-04-20,0,0
CLM-00731,PRD-00731,Home Appliances,KitchenPro,CleanCycle 8kg,SN-KIT-8435673,Metro Hardware Centre,INV-2025-34009,Water pump leakage,Water pump leakage: the problem developed gradually with regular use.,Normal Wear and Tear,2025-02-25,2027-02-26,2026-05-25,2026-05-25,24,0,542.06,454,277,0,0.29,0,0,1,0,0,1,0,1,1,0,covered_defect,Valid Claim,2025-02-25,277,1
CLM-00732,PRD-00732,Home Appliances,KitchenPro,KitchenPro 30L,SN-KIT-5551521,Industrial Supply Direct,INV-2023-83756,Motor burnout,Motor burnout: the problem appeared after a power fluctuation.,Electrical Surge,2023-06-13,2026-06-13,2026-06-19,2026-06-30,36,1,811.7,1113,-17,11,0.399,0,0,1,0,0,1,1,1,1,0,expired,Invalid Claim,2023-06-13,0,0
CLM-00733,PRD-00733,Consumer Electronics,NovaSound,ApexBook Pro 16,SN-NOV-6703140,Industrial Supply Direct,INV-2025-13569,Wi-Fi/Bluetooth failure,Wi-Fi/Bluetooth failure: the problem started without any external cause during normal use.,Manufacturing Defect,2025-11-28,2026-11-28,2026-03-29,2026-04-08,12,0,1396.2,131,234,10,0.763,0,0,1,0,0,0,1,1,1,0,missing_documents,Manual Review,2025-11-28,234,1
CLM-00734,PRD-00734,Industrial Tools,HydraPower,TorqueMax HD Drill,SN-HYD-1996224,Brand Flagship Store,INV-2025-19530,Seal failure,Seal failure: the problem started without any external cause during normal use.,Manufacturing Defect,2025-01-09,2028-01-10,2026-06-03,2026-06-07,36,0,1481.4,514,582,4,0.815,0,0,1,0,0,1,1,1,1,0,covered_defect,Valid Claim,2025-01-09,582,0
CLM-00735,PRD-00735,Industrial Tools,VoltEdge,HydraPower Jack 5T,SN-VOL-8183432,Metro Hardware Centre,INV-2024-86100,Trigger switch failure,Trigger switch failure: the problem developed gradually with regular use.,Normal Wear and Tear,2024-06-20,2026-06-21,2026-06-01,2026-06-12,24,0,258.85,722,9,11,0.271,0,0,1,0,0,1,1,1,1,0,covered_defect,Valid Claim,2024-06-20,9,0
CLM-00736,PRD-00736,Home Appliances,AeroBreeze,AeroBreeze 1.5T,SN-AER-6946853,Brand Flagship Store,INV-2024-42908,Drum spin malfunction,Drum spin malfunction: the problem appeared under heavy load.,Mechanical Stress,2024-01-29,2027-01-29,2026-02-24,2026-03-05,36,1,413.64,766,330,9,0.261,1,0,1,0,0,1,1,0,1,0,covered_defect,Valid Claim,2024-01-29,330,1
CLM-00737,PRD-00737,Home Appliances,CleanCycle,KitchenPro 30L,SN-CLE-7298630,Industrial Supply Direct,INV-2022-75394,Drum spin malfunction,Drum spin malfunction: the problem started without any external cause during normal use.,Manufacturing Defect,2022-08-31,2026-08-31,2026-08-10,2026-08-16,48,1,563.8,1446,15,6,0.491,0,0,1,0,0,1,1,1,1,0,covered_defect,Valid Claim,2022-08-31,15,0
CLM-00738,PRD-00738,Industrial Tools,IronForge,IronForge Grinder 9,SN-IRO-9257693,Brand Flagship Store,INV-2025-21026,Trigger switch failure,Trigger switch failure: the problem started without any external cause during normal use.,Manufacturing Defect,2025-03-09,2027-03-10,2026-03-26,2026-04-11,24,0,948.19,398,333,16,0.889,1,0,1,0,0,1,1,1,1,1,covered_defect,Valid Claim,2025-03-09,333,0
CLM-00739,PRD-00739,Consumer Electronics,NovaSound,PixelWatch 3,SN-NOV-4967142,Metro Hardware Centre,INV-2024-57326,Speaker malfunction,Speaker malfunction: the problem started without any external cause during normal use.,Manufacturing Defect,2024-12-22,2025-12-22,2025-12-30,2026-01-02,12,0,887.99,376,-11,3,0.297,0,0,1,0,0,1,1,1,1,0,expired,Invalid Claim,2024-12-22,0,0
CLM-00740,PRD-00740,Industrial Tools,HydraPower,IronForge Grinder 9,SN-HYD-3658674,Metro Hardware Centre,INV-2025-85103,Trigger switch failure,Trigger switch failure: the problem developed gradually with regular use.,Normal Wear and Tear,2025-04-26,2027-04-27,2026-04-09,2026-04-23,24,0,782.87,362,369,14,0.633,0,0,1,0,0,1,1,1,1,0,covered_defect,Valid Claim,2025-04-26,369,0
CLM-00741,PRD-00741,Industrial Tools,HydraPower,TorqueMax HD Drill,SN-HYD-9149922,Brand Flagship Store,INV-2025-60711,Armature burnout,Armature burnout: the problem developed gradually with regular use.,Normal Wear and Tear,2025-06-28,2027-06-29,2026-01-14,2026-01-24,24,0,1685.35,210,521,10,0.393,1,0,1,0,0,1,1,1,1,1,covered_defect,Valid Claim,2025-06-28,521,0
CLM-00742,PRD-00742,Home Appliances,AeroBreeze,KitchenPro 30L,SN-AER-7814197,MegaMart Online,INV-2023-51496,PCB failure,PCB failure: the problem appeared under heavy load.,Mechanical Stress,2023-04-28,2026-04-28,2026-08-08,2026-08-11,36,0,745.13,1201,-105,3,0.274,0,0,1,0,0,1,1,1,1,0,expired,Invalid Claim,2023-04-28,0,0
CLM-00743,PRD-00743,Home Appliances,AeroBreeze,FrostGuard 450L,SN-AER-9161513,City Electronics Mall,INV-2024-40587,Compressor failure,Compressor failure: the problem started without any external cause during normal use.,Manufacturing Defect,2024-10-12,2026-10-13,2026-03-06,2026-03-10,24,0,1699.8,514,217,4,0.715,0,0,0,0,0,1,1,1,1,0,serial_mismatch,Invalid Claim,2024-10-12,217,0
CLM-00744,PRD-00744,Industrial Tools,IronForge,TorqueMax HD Drill,SN-IRO-1298522,Brand Flagship Store,INV-2022-39676,Trigger switch failure,Trigger switch failure: the problem appeared after the unit was dropped.,Accidental Drop,2022-12-01,2025-12-01,2026-05-27,2026-06-05,36,0,468.92,1282,-186,9,0.22,1,0,1,0,0,1,1,1,1,1,expired,Invalid Claim,2022-12-01,0,0
CLM-00745,PRD-00745,Consumer Electronics,ApexTech,PixelWatch 3,SN-APE-2424593,MegaMart Online,INV-2025-33249,Touch panel unresponsive,Touch panel unresponsive: the problem appeared after contact with water.,Water Ingress,2025-07-04,2026-07-04,2026-07-15,2026-07-15,12,0,542.9,376,-11,0,0.592,1,1,1,0,0,1,1,1,1,0,expired,Invalid Claim,2025-07-04,0,0
CLM-00746,PRD-00746,Consumer Electronics,ApexTech,NovaPhone 12,SN-APE-4958994,City Electronics Mall,INV-2026-93834,Motherboard failure,Motherboard failure: the problem started without any external cause during normal use.,Manufacturing Defect,2026-06-27,2027-06-27,2026-07-04,2026-07-23,12,0,1329.55,26,339,19,0.723,0,0,1,0,0,1,1,1,1,0,covered_defect,Valid Claim,2026-06-27,339,0
CLM-00747,PRD-00747,Industrial Tools,IronForge,HydraPower Jack 5T,SN-IRO-1919861,Metro Hardware Centre,INV-2024-55150,Chuck bearing failure,Chuck bearing failure: the problem appeared after a power fluctuation.,Electrical Surge,2024-11-14,2026-11-15,2026-03-24,2026-03-29,24,0,2463.48,500,231,5,0.623,0,0,1,0,0,1,1,1,1,0,covered_defect,Valid Claim,2024-11-14,231,0
CLM-00748,PRD-00748,Home Appliances,FrostGuard,FrostGuard 450L,SN-FRO-9591109,Brand Flagship Store,INV-2025-82949,Compressor failure,Compressor failure: the problem started without any external cause during normal use.,Manufacturing Defect,2025-07-16,2028-07-16,2026-06-23,2026-07-13,36,0,228.22,362,734,20,0.907,0,0,1,0,0,1,1,0,1,0,covered_defect,Valid Claim,2025-07-16,734,1
CLM-00749,PRD-00749,Consumer Electronics,PixelCraft,NovaPods Max,SN-PIX-8674014,National Appliance Depot,INV-2024-19077,Touch panel unresponsive,Touch panel unresponsive: the problem appeared after a power fluctuation.,Electrical Surge,2024-05-20,2026-05-21,2026-04-07,2026-05-06,24,0,1016.44,716,15,29,0.399,1,0,1,0,0,1,1,1,1,1,ambiguous_cause,Manual Review,2024-05-20,15,0
CLM-00750,PRD-00750,Home Appliances,FrostGuard,CleanCycle 8kg,SN-FRO-9721514,Industrial Supply Direct,INV-2024-67123,Drum spin malfunction,Drum spin malfunction: the problem started without any external cause during normal use.,Manufacturing Defect,2024-01-19,2027-01-19,2023-12-13,2026-08-08,36,0,1255.15,932,164,969,0.799,0,0,1,0,1,1,0,1,1,0,contradiction,Manual Review,2024-01-19,164,1
CLM-00751,PRD-00751,Home Appliances,AeroBreeze,FrostGuard 450L,SN-AER-7449340,Brand Flagship Store,INV-2023-63783,Compressor failure,Compressor failure: the problem developed gradually with regular use.,Normal Wear and Tear,2023-11-15,2027-11-15,2026-08-13,2026-08-15,48,1,328.69,1004,457,2,0.373,1,0,1,0,0,0,1,1,1,1,missing_documents,Manual Review,2023-11-15,457,1
CLM-00752,PRD-00752,Home Appliances,AeroBreeze,CleanCycle 8kg,SN-AER-1062881,National Appliance Depot,INV-2024-64899,Compressor failure,Compressor failure: the problem started without any external cause during normal use.,Manufacturing Defect,2024-05-16,2027-05-17,2026-05-10,2026-05-10,36,0,1252.58,724,372,0,0.371,0,0,1,0,0,1,1,1,1,0,covered_defect,Valid Claim,2024-05-16,372,0
CLM-00753,PRD-00753,Consumer Electronics,PixelCraft,NovaPods Max,SN-PIX-9919793,Brand Flagship Store,INV-2023-96808,Wi-Fi/Bluetooth failure,Wi-Fi/Bluetooth failure: the problem developed gradually with regular use.,Normal Wear and Tear,2023-10-27,2025-10-27,2026-03-15,2026-04-06,24,1,328.54,892,-161,22,0.239,0,0,1,0,0,1,1,1,0,0,expired+noise,Manual Review,2023-10-27,0,1
CLM-00754,PRD-00754,Industrial Tools,IronForge,HydraPower Jack 5T,SN-IRO-1664173,National Appliance Depot,INV-2024-89269,Trigger switch failure,Trigger switch failure: the problem developed gradually with regular use.,Normal Wear and Tear,2024-04-12,2027-04-13,2026-03-11,2026-03-13,36,0,361.33,700,396,2,0.54,0,0,1,0,0,0,1,1,0,0,missing_documents,Manual Review,2024-04-12,396,2
CLM-00755,PRD-00755,Industrial Tools,TorqueMax,TorqueMax HD Drill,SN-TOR-5837771,City Electronics Mall,INV-2023-80363,Chuck bearing failure,Chuck bearing failure: the problem started without any external cause during normal use.,Manufacturing Defect,2023-07-03,2026-07-03,2026-06-29,2026-07-22,36,0,669.43,1115,-19,23,0.928,0,0,1,0,0,1,1,1,1,0,expired,Invalid Claim,2023-07-03,0,0
CLM-00756,PRD-00756,Consumer Electronics,PixelCraft,PixelWatch 3,SN-PIX-3848774,City Electronics Mall,INV-2026-52582,Touch panel unresponsive,Touch panel unresponsive: the problem started without any external cause during normal use.,Manufacturing Defect,2026-03-30,2027-03-30,2026-06-24,2026-06-27,12,0,616.28,89,276,3,0.867,0,0,1,0,0,1,1,1,1,0,covered_defect,Valid Claim,2026-03-30,276,0
CLM-00757,PRD-00757,Home Appliances,AeroBreeze,AeroBreeze 1.5T,SN-AER-7617496,Brand Flagship Store,INV-2025-30350,Motor burnout,Motor burnout: the problem appeared under heavy load.,Mechanical Stress,2025-03-20,2029-03-20,2026-05-30,2026-06-14,48,1,583.47,451,1010,15,0.387,1,0,1,0,0,1,1,1,1,0,covered_defect,Valid Claim,2025-03-20,1010,0
CLM-00758,PRD-00758,Consumer Electronics,PixelCraft,VividTab 11,SN-PIX-3397184,Brand Flagship Store,INV-2025-87344,Touch panel unresponsive,Touch panel unresponsive: the problem appeared after the unit was dropped.,Accidental Drop,2025-12-25,2027-12-26,2026-08-11,2026-08-11,24,0,422.65,229,502,0,0.464,1,0,1,0,0,1,1,1,1,1,ambiguous_cause,Manual Review,2025-12-25,502,0
CLM-00759,PRD-00759,Home Appliances,AeroBreeze,CleanCycle 8kg,SN-AER-8022850,National Appliance Depot,INV-2023-15399,Thermostat failure,Thermostat failure: the problem started without any external cause during normal use.,Manufacturing Defect,2023-08-19,2026-08-19,2026-03-31,2026-04-13,36,1,660.96,968,128,13,0.728,0,0,1,0,0,1,0,1,1,0,covered_defect,Valid Claim,2023-08-19,128,1
CLM-00760,PRD-00760,Home Appliances,FrostGuard,KitchenPro 30L,SN-FRO-4882255,Metro Hardware Centre,INV-2023-31658,Compressor failure,Compressor failure: the problem developed gradually with regular use.,Normal Wear and Tear,2023-04-06,2026-04-06,2026-03-24,2026-04-05,36,0,481.34,1095,1,12,0.432,1,0,1,0,0,0,1,1,0,1,missing_documents+noise,Valid Claim,2023-04-06,1,2
CLM-00761,PRD-00761,Industrial Tools,TorqueMax,IronForge Grinder 9,SN-TOR-4797399,Industrial Supply Direct,INV-2024-59387,Seal failure,Seal failure: the problem appeared under heavy load.,Mechanical Stress,2024-02-23,2027-02-23,2026-07-04,2026-07-13,36,0,405.15,871,225,9,0.166,1,0,1,0,0,1,0,1,1,1,covered_defect,Valid Claim,2024-02-23,225,1
CLM-00762,PRD-00762,Industrial Tools,VoltEdge,IronForge Grinder 9,SN-VOL-8214618,National Appliance Depot,INV-2022-99934,Gearbox seizure,Gearbox seizure: the problem appeared under heavy load.,Mechanical Stress,2022-09-18,2026-09-18,2026-09-17,2026-09-19,48,1,607.53,1462,-1,2,0.251,1,0,1,0,0,1,1,0,1,0,grace_boundary,Manual Review,2022-09-18,0,1
CLM-00763,PRD-00763,Home Appliances,KitchenPro,AeroBreeze 1.5T,SN-KIT-8813618,Brand Flagship Store,INV-2023-62231,Water pump leakage,Water pump leakage: the problem started without any external cause during normal use.,Manufacturing Defect,2023-08-09,2026-08-09,2026-02-26,2026-02-28,36,0,671.88,934,162,2,0.814,0,0,1,0,0,0,1,0,0,0,missing_documents+noise,Invalid Claim,2023-08-09,162,3
CLM-00764,PRD-00764,Industrial Tools,TorqueMax,HydraPower Jack 5T,SN-TOR-3229683,MegaMart Online,INV-2024-19997,Armature burnout,Armature burnout: the problem developed gradually with regular use.,Normal Wear and Tear,2024-05-18,2026-05-19,2026-04-24,2026-04-30,24,0,805.17,712,19,6,0.454,1,0,1,0,0,1,0,1,1,1,covered_defect,Valid Claim,2024-05-18,19,1
CLM-00765,PRD-00765,Home Appliances,FrostGuard,CleanCycle 8kg,SN-FRO-5951814,City Electronics Mall,INV-2023-86154,Motor burnout,Motor burnout: the problem started without any external cause during normal use.,Manufacturing Defect,2023-06-20,2026-06-20,2026-05-26,2026-06-09,36,0,725.85,1085,11,14,0.761,1,0,1,0,0,0,1,1,1,1,missing_documents,Manual Review,2023-06-20,11,1
CLM-00766,PRD-00766,Home Appliances,FrostGuard,AeroBreeze 1.5T,SN-FRO-3561682,Brand Flagship Store,INV-2025-88316,Water pump leakage,Water pump leakage: the problem developed gradually with regular use.,Normal Wear and Tear,2025-06-04,2028-06-04,2025-05-31,2026-05-01,36,0,426.39,331,765,335,0.688,1,0,1,0,1,1,1,1,1,1,contradiction,Manual Review,2025-06-04,765,0
CLM-00767,PRD-00767,Consumer Electronics,NovaSound,VividTab 11,SN-NOV-2698592,Metro Hardware Centre,INV-2025-75457,Touch panel unresponsive,Touch panel unresponsive: the problem developed gradually with regular use.,Normal Wear and Tear,2025-08-12,2026-08-12,2026-04-02,2026-04-10,12,0,1593.9,241,124,8,0.211,0,0,1,0,0,1,1,1,1,0,covered_defect,Valid Claim,2025-08-12,124,0
CLM-00768,PRD-00768,Industrial Tools,IronForge,IronForge Grinder 9,SN-IRO-8561287,Industrial Supply Direct,INV-2025-11924,Armature burnout,Armature burnout: the problem started without any external cause during normal use.,Manufacturing Defect,2025-01-09,2028-01-10,2026-04-13,2026-05-02,36,1,419.17,478,618,19,0.844,0,0,1,0,0,1,1,1,1,0,covered_defect,Valid Claim,2025-01-09,618,0
CLM-00769,PRD-00769,Industrial Tools,HydraPower,TorqueMax HD Drill,SN-HYD-4134000,Brand Flagship Store,INV-2024-44865,Gearbox seizure,Gearbox seizure: the problem appeared after contact with water.,Water Ingress,2024-02-23,2027-02-23,2026-03-08,2026-03-09,36,0,394.59,745,351,1,0.429,1,1,1,0,0,0,1,1,1,1,unauthorized_repair,Invalid Claim,2024-02-23,351,1
CLM-00770,PRD-00770,Consumer Electronics,ApexTech,NovaPods Max,SN-APE-2255489,City Electronics Mall,INV-2024-87449,Motherboard failure,Motherboard failure: the problem appeared after contact with water.,Water Ingress,2024-03-02,2026-03-03,2026-02-17,2026-02-17,24,0,381.94,717,14,0,0.419,1,0,1,0,0,1,1,1,0,1,ambiguous_cause+noise,Valid Claim,2024-03-02,14,1
CLM-00771,PRD-00771,Home Appliances,AeroBreeze,CleanCycle 8kg,SN-AER-4547894,Brand Flagship Store,INV-2025-90741,PCB failure,PCB failure: the problem appeared after contact with water.,Water Ingress,2025-01-10,2028-01-11,2026-05-30,2026-05-31,36,0,1065.85,506,590,1,0.427,0,0,1,0,0,1,1,1,1,0,ambiguous_cause,Manual Review,2025-01-10,590,0
CLM-00772,PRD-00772,Industrial Tools,TorqueMax,VoltEdge Saw 18V,SN-TOR-5304494,Industrial Supply Direct,INV-2026-47221,Trigger switch failure,Trigger switch failure: the problem developed gradually with regular use.,Normal Wear and Tear,2026-06-30,2030-06-30,2026-09-11,2026-09-15,48,1,872.09,77,1384,4,0.457,0,0,1,0,0,1,0,1,1,0,covered_defect,Valid Claim,2026-06-30,1384,1
CLM-00773,PRD-00773,Home Appliances,CleanCycle,AeroBreeze 1.5T,SN-CLE-2384814,Industrial Supply Direct,INV-2025-10399,Water pump leakage,Water pump leakage: the problem started without any external cause during normal use.,Manufacturing Defect,2025-11-18,2028-11-18,2026-08-16,2026-08-16,36,0,660.51,271,825,0,0.724,0,0,1,0,0,1,1,1,0,0,covered_defect,Valid Claim,2025-11-18,825,1
CLM-00774,PRD-00774,Consumer Electronics,VividDisplay,VividTab 11,SN-VIV-3196802,Metro Hardware Centre,INV-2023-13927,Screen flickering,Screen flickering: the problem developed gradually with regular use.,Normal Wear and Tear,2023-07-13,2025-07-13,2026-06-21,2026-07-08,24,0,1296.83,1091,-360,17,0.617,0,0,1,0,0,1,1,1,1,0,expired,Invalid Claim,2023-07-13,0,0
CLM-00775,PRD-00775,Consumer Electronics,VividDisplay,PixelWatch 3,SN-VIV-3810781,Industrial Supply Direct,INV-2022-89717,Touch panel unresponsive,Touch panel unresponsive: the problem developed gradually with regular use.,Normal Wear and Tear,2022-03-07,2025-03-07,2026-03-10,2026-04-02,36,1,2938.95,1487,-391,23,0.165,2,1,1,0,0,1,1,1,1,0,expired,Invalid Claim,2022-03-07,0,0
CLM-00776,PRD-00776,Consumer Electronics,VividDisplay,NovaPods Max,SN-VIV-8837695,Brand Flagship Store,INV-2025-97802,Screen flickering,Screen flickering: the problem appeared after contact with water.,Water Ingress,2025-03-30,2026-03-30,2026-03-20,2026-03-23,12,0,131.16,358,7,3,0.602,0,0,1,0,0,0,1,1,1,0,excluded_damage,Invalid Claim,2025-03-30,7,1
CLM-00777,PRD-00777,Home Appliances,AeroBreeze,AeroBreeze 1.5T,SN-AER-9743649,MegaMart Online,INV-2024-36172,Water pump leakage,Water pump leakage: the problem appeared after a power fluctuation.,Electrical Surge,2024-11-24,2027-11-25,2026-02-04,2026-02-09,36,0,932.2,442,654,5,0.755,2,0,1,1,0,1,0,1,1,1,possible_duplicate,Manual Review,2024-11-24,654,1
CLM-00778,PRD-00778,Consumer Electronics,NovaSound,NovaPods Max,SN-NOV-1053355,Metro Hardware Centre,INV-2023-33174,Battery not charging,Battery not charging: the problem appeared after a power fluctuation.,Electrical Surge,2023-02-10,2026-02-10,2026-02-09,2026-02-13,36,1,324.99,1099,-3,4,0.402,2,1,1,0,0,1,1,1,1,1,unauthorized_repair,Invalid Claim,2023-02-10,0,0
CLM-00779,PRD-00779,Consumer Electronics,PixelCraft,PixelWatch 3,SN-PIX-7777658,Industrial Supply Direct,INV-2024-90327,Motherboard failure,Motherboard failure: the problem appeared after the unit was dropped.,Accidental Drop,2024-03-31,2026-04-01,2026-03-12,2026-03-13,24,0,313.61,712,19,1,0.11,0,0,1,0,0,1,1,1,1,0,ambiguous_cause,Manual Review,2024-03-31,19,0
CLM-00780,PRD-00780,Industrial Tools,TorqueMax,IronForge Grinder 9,SN-TOR-4295953,Industrial Supply Direct,INV-2023-24257,Armature burnout,Armature burnout: the problem appeared under heavy load.,Mechanical Stress,2023-04-05,2027-04-05,2026-03-31,2026-03-31,48,1,367.66,1091,370,0,0.437,0,0,1,0,0,1,1,1,1,0,covered_defect,Valid Claim,2023-04-05,370,0
CLM-00781,PRD-00781,Industrial Tools,TorqueMax,IronForge Grinder 9,SN-TOR-7221459,National Appliance Depot,INV-2024-77799,Seal failure,Seal failure: the problem started without any external cause during normal use.,Manufacturing Defect,2024-07-13,2027-07-14,2026-01-18,2026-01-18,36,0,1461.75,554,542,0,0.843,0,0,1,0,0,1,0,1,1,0,covered_defect,Valid Claim,2024-07-13,542,1
CLM-00782,PRD-00782,Consumer Electronics,PixelCraft,PixelWatch 3,SN-PIX-7591044,National Appliance Depot,INV-2025-18621,Speaker malfunction,Speaker malfunction: the problem started without any external cause during normal use.,Manufacturing Defect,2025-12-12,2027-12-13,2026-05-30,2026-06-08,24,0,427.4,178,553,9,0.732,1,1,0,0,0,0,1,1,1,1,unauthorized_repair,Invalid Claim,2025-12-12,553,1
CLM-00783,PRD-00783,Industrial Tools,VoltEdge,HydraPower Jack 5T,SN-VOL-5195048,Industrial Supply Direct,INV-2024-84442,Trigger switch failure,Trigger switch failure: the problem developed gradually with regular use.,Normal Wear and Tear,2024-06-03,2027-06-04,2026-02-10,2026-02-10,36,0,1548.37,617,479,0,0.421,0,0,1,0,0,1,1,1,0,0,covered_defect,Valid Claim,2024-06-03,479,1
CLM-00784,PRD-00784,Consumer Electronics,NovaSound,VividTab 11,SN-NOV-7432916,Industrial Supply Direct,INV-2025-72681,Wi-Fi/Bluetooth failure,Wi-Fi/Bluetooth failure: the problem started without any external cause during normal use.,Manufacturing Defect,2025-09-14,2027-09-15,2026-02-03,2026-02-08,24,0,200.75,147,584,5,0.801,1,0,1,0,0,1,1,1,1,1,covered_defect,Valid Claim,2025-09-14,584,0
CLM-00785,PRD-00785,Consumer Electronics,VividDisplay,PixelWatch 3,SN-VIV-4466086,Industrial Supply Direct,INV-2024-73964,Motherboard failure,Motherboard failure: the problem has no obvious cause.,Unknown / Not Sure,2024-08-21,2026-08-22,2026-01-23,2026-02-28,24,0,664.42,556,175,36,0.719,1,0,1,0,0,1,1,1,1,1,late_reporting,Invalid Claim,2024-08-21,175,0
CLM-00786,PRD-00786,Consumer Electronics,VividDisplay,VividTab 11,SN-VIV-9648318,Metro Hardware Centre,INV-2025-33311,Wi-Fi/Bluetooth failure,Wi-Fi/Bluetooth failure: the problem developed gradually with regular use.,Normal Wear and Tear,2025-11-27,2026-11-27,2025-10-31,2026-02-23,12,0,400.75,88,277,115,0.518,1,1,1,0,1,1,0,1,1,1,unauthorized_repair,Invalid Claim,2025-11-27,277,1
CLM-00787,PRD-00787,Home Appliances,CleanCycle,CleanCycle 8kg,SN-CLE-9290589,National Appliance Depot,INV-2023-63078,PCB failure,PCB failure: the problem developed gradually with regular use.,Normal Wear and Tear,2023-06-07,2026-06-07,2026-05-02,2026-05-03,36,1,705.39,1061,35,1,0.529,2,1,1,0,0,1,1,1,1,0,unauthorized_repair,Invalid Claim,2023-06-07,35,0
CLM-00788,PRD-00788,Industrial Tools,HydraPower,VoltEdge Saw 18V,SN-HYD-8275292,Industrial Supply Direct,INV-2025-53830,Armature burnout,Armature burnout: the problem developed gradually with regular use.,Normal Wear and Tear,2025-02-20,2028-02-21,2026-06-08,2026-06-11,36,0,1280.81,476,620,3,0.726,0,0,1,0,0,0,1,1,1,0,missing_documents,Manual Review,2025-02-20,620,1
CLM-00789,PRD-00789,Industrial Tools,IronForge,VoltEdge Saw 18V,SN-IRO-2197473,Brand Flagship Store,INV-2025-65308,Seal failure,Seal failure: the problem developed gradually with regular use.,Normal Wear and Tear,2025-07-10,2027-07-11,2026-03-05,2026-03-12,24,0,1058.38,245,486,7,0.527,0,0,1,0,0,1,1,1,1,0,covered_defect,Valid Claim,2025-07-10,486,0
CLM-00790,PRD-00790,Industrial Tools,IronForge,HydraPower Jack 5T,SN-IRO-9669119,Brand Flagship Store,INV-2025-46091,Armature burnout,Armature burnout: the problem has no obvious cause.,Unknown / Not Sure,2025-08-17,2028-08-17,2026-04-30,2026-05-14,36,1,176.31,270,826,14,0.389,1,1,1,0,0,1,1,0,1,0,unauthorized_repair,Invalid Claim,2025-08-17,826,1
CLM-00791,PRD-00791,Industrial Tools,HydraPower,IronForge Grinder 9,SN-HYD-4689499,Brand Flagship Store,INV-2024-71232,Chuck bearing failure,Chuck bearing failure: the problem appeared after a power fluctuation.,Electrical Surge,2024-01-28,2026-01-28,2026-01-30,2026-02-01,24,0,729.38,735,-4,2,0.619,0,0,1,0,0,1,1,1,1,0,grace_boundary+noise,Invalid Claim,2024-01-28,0,0
CLM-00792,PRD-00792,Industrial Tools,IronForge,TorqueMax HD Drill,SN-IRO-1841771,National Appliance Depot,INV-2025-35212,Armature burnout,Armature burnout: the problem appeared after the unit was dropped.,Accidental Drop,2025-12-01,2028-12-01,2026-06-06,2026-06-13,36,0,301.99,194,902,7,0.433,1,0,1,0,0,1,1,1,0,0,ambiguous_cause,Manual Review,2025-12-01,902,1
CLM-00793,PRD-00793,Industrial Tools,TorqueMax,IronForge Grinder 9,SN-TOR-1252214,National Appliance Depot,INV-2025-44286,Trigger switch failure,Trigger switch failure: the problem developed gradually with regular use.,Normal Wear and Tear,2025-12-24,2027-12-25,2026-09-13,2026-09-15,24,0,409.16,265,466,2,0.373,4,1,1,0,0,1,0,1,1,1,unauthorized_repair,Invalid Claim,2025-12-24,466,1
CLM-00794,PRD-00794,Industrial Tools,VoltEdge,HydraPower Jack 5T,SN-VOL-9983341,City Electronics Mall,INV-2023-80438,Chuck bearing failure,Chuck bearing failure: the problem started without any external cause during normal use.,Manufacturing Defect,2023-09-16,2026-09-16,2023-08-25,2026-08-22,36,0,258.87,1071,25,1093,0.861,1,0,1,0,1,1,1,1,1,1,contradiction,Manual Review,2023-09-16,25,0
CLM-00795,PRD-00795,Consumer Electronics,VividDisplay,PixelWatch 3,SN-VIV-9412362,City Electronics Mall,INV-2025-94838,Wi-Fi/Bluetooth failure,Wi-Fi/Bluetooth failure: the problem developed gradually with regular use.,Normal Wear and Tear,2025-09-10,2026-09-10,2026-01-28,2026-02-01,12,0,181.76,144,221,4,0.541,0,0,1,0,0,1,1,1,1,0,covered_defect,Valid Claim,2025-09-10,221,0
CLM-00796,PRD-00796,Home Appliances,AeroBreeze,KitchenPro 30L,SN-AER-9709015,MegaMart Online,INV-2025-65964,Water pump leakage,Water pump leakage: the problem appeared after contact with water.,Water Ingress,2025-09-10,2027-09-11,2026-08-15,2026-08-15,24,0,550.3,339,392,0,0.344,1,0,1,0,0,1,1,1,1,1,ambiguous_cause,Manual Review,2025-09-10,392,0
CLM-00797,PRD-00797,Consumer Electronics,PixelCraft,PixelWatch 3,SN-PIX-3693190,Metro Hardware Centre,INV-2025-49008,Motherboard failure,Motherboard failure: the problem appeared after contact with water.,Water Ingress,2025-01-25,2026-01-25,2026-01-15,2026-01-15,12,0,2310.82,355,10,0,0.416,1,1,1,0,0,1,1,1,0,0,unauthorized_repair,Invalid Claim,2025-01-25,10,1
CLM-00798,PRD-00798,Home Appliances,KitchenPro,FrostGuard 450L,SN-KIT-1765727,Industrial Supply Direct,INV-2024-77849,PCB failure,PCB failure: the problem appeared after contact with water.,Water Ingress,2024-10-30,2026-10-31,2026-07-26,2026-08-01,24,0,606.42,640,91,6,0.46,0,0,1,0,0,1,1,1,1,0,ambiguous_cause,Manual Review,2024-10-30,91,0
CLM-00799,PRD-00799,Industrial Tools,HydraPower,TorqueMax HD Drill,SN-HYD-7931247,City Electronics Mall,INV-2022-23203,Seal failure,Seal failure: the problem developed gradually with regular use.,Normal Wear and Tear,2022-08-02,2026-08-02,2026-05-26,2026-05-30,48,1,727.53,1397,64,4,0.568,1,0,1,0,0,1,1,1,1,1,covered_defect,Valid Claim,2022-08-02,64,0
CLM-00800,PRD-00800,Industrial Tools,VoltEdge,TorqueMax HD Drill,SN-VOL-6409452,City Electronics Mall,INV-2021-27651,Armature burnout,Armature burnout: the problem started without any external cause during normal use.,Manufacturing Defect,2021-10-12,2025-10-12,2026-02-11,2026-02-23,48,1,545.66,1595,-134,12,0.67,1,1,1,0,0,1,1,1,1,0,expired,Invalid Claim,2021-10-12,0,0
CLM-00801,PRD-00801,Home Appliances,AeroBreeze,KitchenPro 30L,SN-AER-6840637,Metro Hardware Centre,INV-2024-71940,Motor burnout,Motor burnout: the problem started without any external cause during normal use.,Manufacturing Defect,2024-05-21,2027-05-22,2024-05-01,2026-08-02,36,0,560.11,803,293,823,0.776,0,0,1,0,1,1,1,0,1,0,contradiction,Manual Review,2024-05-21,293,1
CLM-00802,PRD-00802,Home Appliances,KitchenPro,FrostGuard 450L,SN-KIT-6944870,MegaMart Online,INV-2023-28292,Compressor failure,Compressor failure: the problem has no obvious cause.,Unknown / Not Sure,2023-12-02,2025-12-02,2026-05-29,2026-06-04,24,0,253.56,915,-184,6,0.709,2,0,1,0,0,1,1,1,0,1,expired,Invalid Claim,2023-12-02,0,1
CLM-00803,PRD-00803,Industrial Tools,HydraPower,HydraPower Jack 5T,SN-HYD-2189966,Brand Flagship Store,INV-2023-57271,Seal failure,Seal failure: the problem appeared under heavy load.,Mechanical Stress,2023-02-27,2025-02-27,2026-03-21,2026-04-01,24,0,406.11,1129,-398,11,0.688,1,0,1,0,0,1,0,1,1,0,expired,Invalid Claim,2023-02-27,0,1
CLM-00804,PRD-00804,Consumer Electronics,PixelCraft,ApexBook Pro 16,SN-PIX-2553712,Brand Flagship Store,INV-2022-98869,Motherboard failure,Motherboard failure: the problem appeared after a power fluctuation.,Electrical Surge,2022-09-24,2025-09-24,2026-01-01,2026-01-03,36,1,651.16,1197,-101,2,0.857,0,0,1,0,0,0,1,1,1,0,expired,Invalid Claim,2022-09-24,0,1
CLM-00805,PRD-00805,Consumer Electronics,PixelCraft,VividTab 11,SN-PIX-1586940,Brand Flagship Store,INV-2025-93889,Speaker malfunction,Speaker malfunction: the problem appeared under heavy load.,Mechanical Stress,2025-12-19,2026-12-19,2026-04-05,2026-04-07,12,0,595.59,109,256,2,0.418,0,0,1,0,0,1,0,1,1,0,covered_defect,Valid Claim,2025-12-19,256,1
CLM-00806,PRD-00806,Home Appliances,KitchenPro,KitchenPro 30L,SN-KIT-3441439,Metro Hardware Centre,INV-2026-29642,Motor burnout,Motor burnout: the problem appeared under heavy load.,Mechanical Stress,2026-06-03,2028-06-03,2026-09-05,2026-09-10,24,0,525.77,99,632,5,0.744,0,0,1,0,0,1,1,1,0,0,covered_defect,Valid Claim,2026-06-03,632,1
CLM-00807,PRD-00807,Consumer Electronics,NovaSound,NovaPods Max,SN-NOV-7682862,City Electronics Mall,INV-2025-18437,Screen flickering,Screen flickering: the problem has no obvious cause.,Unknown / Not Sure,2025-09-02,2026-09-02,2026-05-07,2026-05-13,12,0,892.28,253,112,6,0.531,0,0,0,0,0,1,1,1,1,0,serial_mismatch,Invalid Claim,2025-09-02,112,0
CLM-00808,PRD-00808,Consumer Electronics,PixelCraft,NovaPods Max,SN-PIX-5517633,Brand Flagship Store,INV-2025-96091,Screen flickering,Screen flickering: the problem appeared after a power fluctuation.,Electrical Surge,2025-09-26,2028-09-26,2026-02-23,2026-03-01,36,1,793.68,156,940,6,0.333,0,0,1,0,0,0,1,1,1,0,missing_documents,Manual Review,2025-09-26,940,1
CLM-00809,PRD-00809,Consumer Electronics,NovaSound,NovaPods Max,SN-NOV-1909044,National Appliance Depot,INV-2025-61961,Wi-Fi/Bluetooth failure,Wi-Fi/Bluetooth failure: the problem appeared after a power fluctuation.,Electrical Surge,2025-10-01,2026-10-01,2026-07-23,2026-07-28,12,0,552.88,300,65,5,0.724,0,0,1,0,0,1,1,0,1,0,excluded_damage+noise,Valid Claim,2025-10-01,65,1
CLM-00810,PRD-00810,Home Appliances,KitchenPro,AeroBreeze 1.5T,SN-KIT-8333274,Brand Flagship Store,INV-2022-24628,Water pump leakage,Water pump leakage: the problem appeared after a power fluctuation.,Electrical Surge,2022-04-05,2026-04-05,2026-03-26,2026-03-30,48,1,505.99,1455,6,4,0.382,0,0,1,0,0,1,1,1,1,0,covered_defect,Valid Claim,2022-04-05,6,0
CLM-00811,PRD-00811,Home Appliances,FrostGuard,AeroBreeze 1.5T,SN-FRO-3503077,MegaMart Online,INV-2024-13396,PCB failure,PCB failure: the problem appeared under heavy load.,Mechanical Stress,2024-11-03,2026-11-04,2026-08-01,2026-08-03,24,0,601.95,638,93,2,0.911,0,0,1,0,0,1,1,1,1,0,covered_defect,Valid Claim,2024-11-03,93,0
CLM-00812,PRD-00812,Industrial Tools,IronForge,VoltEdge Saw 18V,SN-IRO-9576403,City Electronics Mall,INV-2023-50701,Seal failure,Seal failure: the problem appeared under heavy load.,Mechanical Stress,2023-07-17,2026-07-17,2026-07-12,2026-07-19,36,1,243.56,1098,-2,7,0.187,0,0,1,0,0,1,1,1,1,0,grace_boundary,Manual Review,2023-07-17,0,0
CLM-00813,PRD-00813,Industrial Tools,HydraPower,HydraPower Jack 5T,SN-HYD-8276156,Brand Flagship Store,INV-2024-91583,Seal failure,Seal failure: the problem started without any external cause during normal use.,Manufacturing Defect,2024-08-06,2027-08-07,2026-06-17,2026-06-19,36,0,855.07,682,414,2,0.548,0,0,1,0,0,1,1,1,1,0,covered_defect,Valid Claim,2024-08-06,414,0
CLM-00814,PRD-00814,Home Appliances,CleanCycle,FrostGuard 450L,SN-CLE-2326610,MegaMart Online,INV-2026-74419,Drum spin malfunction,Drum spin malfunction: the problem appeared after a power fluctuation.,Electrical Surge,2026-06-26,2029-06-26,2026-06-05,2026-07-30,36,0,935.46,34,1062,55,0.333,0,0,1,0,1,1,0,1,1,0,contradiction,Manual Review,2026-06-26,1062,1
CLM-00815,PRD-00815,Consumer Electronics,NovaSound,ApexBook Pro 16,SN-NOV-7312609,Industrial Supply Direct,INV-2025-15477,Battery not charging,Battery not charging: the problem started without any external cause during normal use.,Manufacturing Defect,2025-06-28,2027-06-29,2026-04-09,2026-04-23,24,0,1105.77,299,432,14,0.788,0,0,1,0,0,1,1,1,1,0,covered_defect,Valid Claim,2025-06-28,432,0
CLM-00816,PRD-00816,Consumer Electronics,VividDisplay,NovaPods Max,SN-VIV-9289923,Metro Hardware Centre,INV-2026-33115,Wi-Fi/Bluetooth failure,Wi-Fi/Bluetooth failure: the problem appeared after contact with water.,Water Ingress,2026-03-24,2028-03-24,2026-09-18,2026-09-22,24,1,269.97,182,549,4,0.266,0,0,1,0,0,1,1,1,0,0,ambiguous_cause,Manual Review,2026-03-24,549,1
CLM-00817,PRD-00817,Home Appliances,FrostGuard,KitchenPro 30L,SN-FRO-7311487,Metro Hardware Centre,INV-2023-51429,Water pump leakage,Water pump leakage: the problem started without any external cause during normal use.,Manufacturing Defect,2023-05-07,2027-05-07,2026-09-07,2026-09-19,48,1,1180.94,1231,230,12,0.474,1,0,1,0,0,1,1,1,1,0,covered_defect,Valid Claim,2023-05-07,230,0
CLM-00818,PRD-00818,Home Appliances,AeroBreeze,FrostGuard 450L,SN-AER-8036072,Industrial Supply Direct,INV-2025-75362,Water pump leakage,Water pump leakage: the problem appeared after a power fluctuation.,Electrical Surge,2025-12-20,2027-12-21,2026-07-16,2026-07-17,24,0,512.7,209,522,1,0.469,0,0,1,0,0,0,1,1,1,0,missing_documents,Manual Review,2025-12-20,522,1
CLM-00819,PRD-00819,Home Appliances,FrostGuard,CleanCycle 8kg,SN-FRO-5214082,City Electronics Mall,INV-2025-28050,Water pump leakage,Water pump leakage: the problem appeared after contact with water.,Water Ingress,2025-08-01,2028-08-01,2026-02-27,2026-03-04,36,0,506.84,215,881,5,0.418,0,0,1,0,0,0,1,1,1,0,missing_documents,Manual Review,2025-08-01,881,1
CLM-00820,PRD-00820,Industrial Tools,IronForge,TorqueMax HD Drill,SN-IRO-1757037,National Appliance Depot,INV-2024-31929,Chuck bearing failure,Chuck bearing failure: the problem developed gradually with regular use.,Normal Wear and Tear,2024-07-29,2028-07-29,2026-05-12,2026-05-14,48,1,382.06,654,807,2,0.813,0,0,1,0,0,1,1,1,1,0,covered_defect,Valid Claim,2024-07-29,807,0
CLM-00821,PRD-00821,Consumer Electronics,NovaSound,NovaPhone 12,SN-NOV-5481081,MegaMart Online,INV-2025-74261,Speaker malfunction,Speaker malfunction: the problem appeared under heavy load.,Mechanical Stress,2025-04-11,2026-04-11,2025-12-28,2026-01-03,12,0,749.27,267,98,6,0.313,0,0,1,0,0,1,1,1,1,0,covered_defect,Valid Claim,2025-04-11,98,0
CLM-00822,PRD-00822,Industrial Tools,VoltEdge,VoltEdge Saw 18V,SN-VOL-5085059,Industrial Supply Direct,INV-2023-16245,Gearbox seizure,Gearbox seizure: the problem developed gradually with regular use.,Normal Wear and Tear,2023-12-13,2025-12-13,2026-01-01,2026-01-02,24,0,691.82,751,-20,1,0.331,0,0,1,0,0,1,1,1,1,0,expired,Invalid Claim,2023-12-13,0,0
CLM-00823,PRD-00823,Industrial Tools,TorqueMax,HydraPower Jack 5T,SN-TOR-6101166,Brand Flagship Store,INV-2023-51584,Seal failure,Seal failure: the problem started without any external cause during normal use.,Manufacturing Defect,2023-04-10,2026-04-10,2026-04-28,2026-04-29,36,0,1193.63,1115,-19,1,0.835,0,0,1,0,0,1,1,1,1,0,expired,Invalid Claim,2023-04-10,0,0
CLM-00824,PRD-00824,Home Appliances,FrostGuard,AeroBreeze 1.5T,SN-FRO-4442931,Industrial Supply Direct,INV-2025-64975,Compressor failure,Compressor failure: the problem developed gradually with regular use.,Normal Wear and Tear,2025-11-02,2028-11-02,2026-01-07,2026-01-07,36,1,1028.36,66,1030,0,0.415,0,0,1,0,0,1,1,1,1,0,covered_defect,Valid Claim,2025-11-02,1030,0
CLM-00825,PRD-00825,Consumer Electronics,PixelCraft,ApexBook Pro 16,SN-PIX-6810330,Industrial Supply Direct,INV-2024-79016,Touch panel unresponsive,Touch panel unresponsive: the problem started without any external cause during normal use.,Manufacturing Defect,2024-10-26,2026-10-27,2026-07-05,2026-08-05,24,0,438.83,648,83,31,0.542,1,1,1,0,0,1,1,0,1,1,unauthorized_repair,Invalid Claim,2024-10-26,83,1
CLM-00826,PRD-00826,Home Appliances,AeroBreeze,FrostGuard 450L,SN-AER-2909393,National Appliance Depot,INV-2025-97364,Motor burnout,Motor burnout: the problem developed gradually with regular use.,Normal Wear and Tear,2025-08-22,2027-08-23,2026-07-04,2026-07-23,24,0,629.57,335,396,19,0.755,0,0,1,0,0,1,1,1,0,0,covered_defect,Valid Claim,2025-08-22,396,1
CLM-00827,PRD-00827,Industrial Tools,TorqueMax,HydraPower Jack 5T,SN-TOR-1196278,Metro Hardware Centre,INV-2025-21693,Seal failure,Seal failure: the problem has no obvious cause.,Unknown / Not Sure,2025-01-14,2028-01-15,2026-09-08,2026-09-17,36,0,287.32,611,485,9,0.362,0,0,1,0,0,1,1,1,1,0,ambiguous_cause,Manual Review,2025-01-14,485,0
CLM-00828,PRD-00828,Industrial Tools,HydraPower,VoltEdge Saw 18V,SN-HYD-1145975,City Electronics Mall,INV-2023-55942,Armature burnout,Armature burnout: the problem appeared after a power fluctuation.,Electrical Surge,2023-04-12,2026-04-12,2026-04-18,2026-04-25,36,0,823.99,1109,-13,7,0.516,1,0,1,0,0,1,0,1,1,0,grace_boundary,Manual Review,2023-04-12,0,1
CLM-00829,PRD-00829,Home Appliances,FrostGuard,FrostGuard 450L,SN-FRO-1261644,Metro Hardware Centre,INV-2022-46593,Water pump leakage,Water pump leakage: the problem has no obvious cause.,Unknown / Not Sure,2022-10-09,2025-10-09,2026-02-03,2026-02-18,36,0,494.41,1228,-132,15,0.498,1,0,1,0,0,0,1,1,1,1,expired,Invalid Claim,2022-10-09,0,1
CLM-00830,PRD-00830,Industrial Tools,HydraPower,TorqueMax HD Drill,SN-HYD-9145910,Industrial Supply Direct,INV-2024-83566,Seal failure,Seal failure: the problem appeared after the unit was dropped.,Accidental Drop,2024-12-10,2027-12-11,2026-03-27,2026-04-12,36,0,455.05,488,608,16,0.543,0,0,1,0,0,1,0,1,1,0,ambiguous_cause,Manual Review,2024-12-10,608,1
CLM-00831,PRD-00831,Home Appliances,KitchenPro,AeroBreeze 1.5T,SN-KIT-5370469,MegaMart Online,INV-2022-70925,Motor burnout,Motor burnout: the problem appeared after the unit was dropped.,Accidental Drop,2022-03-28,2026-03-28,2022-03-10,2026-06-07,48,1,1090.98,1532,-71,1550,0.695,1,0,1,0,1,1,1,1,1,0,expired,Invalid Claim,2022-03-28,0,0
CLM-00832,PRD-00832,Industrial Tools,HydraPower,IronForge Grinder 9,SN-HYD-5356672,Brand Flagship Store,INV-2022-85843,Chuck bearing failure,Chuck bearing failure: the problem started without any external cause during normal use.,Manufacturing Defect,2022-08-23,2026-08-23,2026-04-21,2026-05-12,48,1,1855.91,1358,103,21,0.473,1,0,1,0,0,1,1,1,1,0,covered_defect,Valid Claim,2022-08-23,103,0
CLM-00833,PRD-00833,Industrial Tools,TorqueMax,TorqueMax HD Drill,SN-TOR-8826725,National Appliance Depot,INV-2023-20842,Gearbox seizure,Gearbox seizure: the problem developed gradually with regular use.,Normal Wear and Tear,2023-05-05,2026-05-05,2026-05-25,2026-05-25,36,0,435.45,1116,-20,0,0.679,2,0,1,1,0,1,1,1,1,1,expired,Invalid Claim,2023-05-05,0,0
CLM-00834,PRD-00834,Industrial Tools,IronForge,TorqueMax HD Drill,SN-IRO-5482036,City Electronics Mall,INV-2023-29215,Chuck bearing failure,Chuck bearing failure: the problem developed gradually with regular use.,Normal Wear and Tear,2023-07-21,2026-07-21,2026-07-19,2026-07-21,36,0,1653.62,1096,0,2,0.474,0,0,1,0,0,0,1,1,1,0,missing_documents,Manual Review,2023-07-21,0,1
CLM-00835,PRD-00835,Home Appliances,CleanCycle,FrostGuard 450L,SN-CLE-6562558,National Appliance Depot,INV-2024-26205,Motor burnout,Motor burnout: the problem appeared after a power fluctuation.,Electrical Surge,2024-01-25,2026-01-25,2026-01-12,2026-01-24,24,0,604.24,730,1,12,0.678,0,0,1,0,0,1,1,1,0,0,covered_defect,Valid Claim,2024-01-25,1,1
CLM-00836,PRD-00836,Industrial Tools,IronForge,HydraPower Jack 5T,SN-IRO-6672542,MegaMart Online,INV-2025-42562,Seal failure,Seal failure: the problem developed gradually with regular use.,Normal Wear and Tear,2025-01-06,2027-01-07,2026-04-20,2026-04-26,24,0,271.53,475,256,6,0.622,1,1,1,0,0,1,1,1,1,1,unauthorized_repair,Invalid Claim,2025-01-06,256,0
CLM-00837,PRD-00837,Industrial Tools,IronForge,VoltEdge Saw 18V,SN-IRO-6662780,National Appliance Depot,INV-2026-63796,Trigger switch failure,Trigger switch failure: the problem developed gradually with regular use.,Normal Wear and Tear,2026-01-28,2029-01-28,2026-07-27,2026-08-14,36,0,689.63,198,898,18,0.557,1,0,1,0,0,1,0,0,1,0,missing_documents,Manual Review,2026-01-28,898,2
CLM-00838,PRD-00838,Consumer Electronics,ApexTech,NovaPods Max,SN-APE-9225207,City Electronics Mall,INV-2024-29436,Motherboard failure,Motherboard failure: the problem has no obvious cause.,Unknown / Not Sure,2024-03-10,2027-03-11,2026-03-21,2026-03-25,36,1,679.62,745,351,4,0.667,0,0,0,0,0,1,1,1,1,0,serial_mismatch,Invalid Claim,2024-03-10,351,0
CLM-00839,PRD-00839,Industrial Tools,HydraPower,HydraPower Jack 5T,SN-HYD-2586879,Industrial Supply Direct,INV-2023-75522,Seal failure,Seal failure: the problem started without any external cause during normal use.,Manufacturing Defect,2023-06-09,2026-06-09,2026-05-24,2026-06-18,36,0,353.66,1105,-9,25,0.656,1,0,1,0,0,0,1,1,1,0,grace_boundary,Manual Review,2023-06-09,0,1
CLM-00840,PRD-00840,Home Appliances,AeroBreeze,KitchenPro 30L,SN-AER-4306082,National Appliance Depot,INV-2024-55494,Motor burnout,Motor burnout: the problem appeared after a power fluctuation.,Electrical Surge,2024-01-17,2027-01-17,2023-12-14,2026-04-17,36,0,343.75,821,275,855,0.643,0,0,0,0,1,1,1,1,1,0,serial_mismatch,Invalid Claim,2024-01-17,275,0
CLM-00841,PRD-00841,Home Appliances,FrostGuard,AeroBreeze 1.5T,SN-FRO-7042631,National Appliance Depot,INV-2025-32960,Thermostat failure,Thermostat failure: the problem developed gradually with regular use.,Normal Wear and Tear,2025-05-09,2027-05-10,2026-04-09,2026-04-14,24,0,632.44,340,391,5,0.275,1,0,0,0,0,1,1,1,1,0,serial_mismatch,Invalid Claim,2025-05-09,391,0
CLM-00842,PRD-00842,Consumer Electronics,ApexTech,VividTab 11,SN-APE-4371813,Brand Flagship Store,INV-2024-18437,Screen flickering,Screen flickering: the problem started without any external cause during normal use.,Manufacturing Defect,2024-07-05,2026-07-06,2026-01-07,2026-01-10,24,0,1216.91,554,177,3,0.663,0,0,1,0,0,1,1,1,1,0,covered_defect,Valid Claim,2024-07-05,177,0
CLM-00843,PRD-00843,Industrial Tools,VoltEdge,VoltEdge Saw 18V,SN-VOL-8241125,MegaMart Online,INV-2025-41055,Armature burnout,Armature burnout: the problem appeared after the unit was dropped.,Accidental Drop,2025-11-28,2027-11-29,2025-11-02,2026-04-02,24,0,869.45,125,606,151,0.412,0,0,1,0,1,0,1,1,1,0,contradiction,Manual Review,2025-11-28,606,1
CLM-00844,PRD-00844,Industrial Tools,HydraPower,IronForge Grinder 9,SN-HYD-7943550,National Appliance Depot,INV-2023-60210,Gearbox seizure,Gearbox seizure: the problem started without any external cause during normal use.,Manufacturing Defect,2023-09-19,2026-09-19,2026-04-04,2026-05-11,36,1,1450.31,965,131,37,0.71,0,0,1,0,0,1,1,1,1,0,late_reporting,Invalid Claim,2023-09-19,131,0
CLM-00845,PRD-00845,Home Appliances,KitchenPro,CleanCycle 8kg,SN-KIT-8302782,Industrial Supply Direct,INV-2023-79273,Water pump leakage,Water pump leakage: the problem started without any external cause during normal use.,Manufacturing Defect,2023-08-25,2025-08-25,2026-04-05,2026-04-05,24,0,399.22,954,-223,0,0.777,0,0,1,0,0,1,1,1,1,0,expired,Invalid Claim,2023-08-25,0,0
CLM-00846,PRD-00846,Consumer Electronics,VividDisplay,NovaPhone 12,SN-VIV-7715201,Metro Hardware Centre,INV-2025-28777,Motherboard failure,Motherboard failure: the problem developed gradually with regular use.,Normal Wear and Tear,2025-09-02,2027-09-03,2026-03-23,2026-04-14,24,0,588.64,224,507,22,0.721,3,0,1,0,0,1,1,1,1,0,repeat_repairs,Manual Review,2025-09-02,507,0
CLM-00847,PRD-00847,Industrial Tools,HydraPower,VoltEdge Saw 18V,SN-HYD-3223093,City Electronics Mall,INV-2023-50962,Gearbox seizure,Gearbox seizure: the problem appeared under heavy load.,Mechanical Stress,2023-01-20,2026-01-20,2026-02-14,2026-02-16,36,0,2021.24,1123,-27,2,0.547,0,0,1,0,0,1,1,1,1,0,expired,Invalid Claim,2023-01-20,0,0
CLM-00848,PRD-00848,Home Appliances,KitchenPro,CleanCycle 8kg,SN-KIT-6279973,Industrial Supply Direct,INV-2026-91800,Motor burnout,Motor burnout: the problem appeared after contact with water.,Water Ingress,2026-01-17,2028-01-18,2026-01-21,2026-02-03,24,0,680.82,17,714,13,0.6,0,0,1,0,0,1,1,1,1,0,excluded_damage,Invalid Claim,2026-01-17,714,0
CLM-00849,PRD-00849,Industrial Tools,IronForge,HydraPower Jack 5T,SN-IRO-7902204,Brand Flagship Store,INV-2024-63450,Chuck bearing failure,Chuck bearing failure: the problem appeared after the unit was dropped.,Accidental Drop,2024-04-08,2026-04-09,2026-02-12,2026-02-19,24,0,1089.47,682,49,7,0.364,0,0,1,0,0,1,1,1,1,0,ambiguous_cause,Manual Review,2024-04-08,49,0
CLM-00850,PRD-00850,Home Appliances,AeroBreeze,CleanCycle 8kg,SN-AER-5267193,City Electronics Mall,INV-2025-30303,Motor burnout,Motor burnout: the problem started without any external cause during normal use.,Manufacturing Defect,2025-03-31,2028-03-31,2026-08-31,2026-08-31,36,0,354.55,518,578,0,0.653,0,0,1,0,0,1,1,1,1,0,covered_defect,Valid Claim,2025-03-31,578,0
CLM-00851,PRD-00851,Industrial Tools,TorqueMax,IronForge Grinder 9,SN-TOR-4579342,Brand Flagship Store,INV-2024-63779,Armature burnout,Armature burnout: the problem developed gradually with regular use.,Normal Wear and Tear,2024-09-16,2026-09-17,2026-01-03,2026-01-15,24,0,515.38,486,245,12,0.538,1,1,1,0,0,0,1,0,1,1,unauthorized_repair,Invalid Claim,2024-09-16,245,2
CLM-00852,PRD-00852,Consumer Electronics,VividDisplay,PixelWatch 3,SN-VIV-3821754,Industrial Supply Direct,INV-2024-19384,Speaker malfunction,Speaker malfunction: the problem appeared after contact with water.,Water Ingress,2024-12-07,2026-12-08,2026-08-25,2026-08-26,24,0,1285.9,627,104,1,0.502,1,1,1,0,0,1,1,1,1,1,unauthorized_repair,Invalid Claim,2024-12-07,104,0
CLM-00853,PRD-00853,Consumer Electronics,PixelCraft,ApexBook Pro 16,SN-PIX-3710881,Industrial Supply Direct,INV-2026-28829,Screen flickering,Screen flickering: the problem appeared after contact with water.,Water Ingress,2026-03-22,2028-03-22,2026-04-08,2026-04-08,24,1,203.62,17,714,0,0.479,0,0,1,0,0,1,1,1,1,0,ambiguous_cause,Manual Review,2026-03-22,714,0
CLM-00854,PRD-00854,Industrial Tools,HydraPower,IronForge Grinder 9,SN-HYD-7438334,Metro Hardware Centre,INV-2024-16318,Chuck bearing failure,Chuck bearing failure: the problem developed gradually with regular use.,Normal Wear and Tear,2024-11-25,2026-11-26,2026-03-07,2026-03-17,24,0,453.02,477,254,10,0.414,0,0,1,0,0,1,1,1,1,0,covered_defect,Valid Claim,2024-11-25,254,0
CLM-00855,PRD-00855,Home Appliances,AeroBreeze,AeroBreeze 1.5T,SN-AER-9359305,Metro Hardware Centre,INV-2024-46043,Compressor failure,Compressor failure: the problem started without any external cause during normal use.,Manufacturing Defect,2024-08-02,2027-08-03,2026-08-20,2026-08-26,36,0,788.18,754,342,6,0.647,1,1,1,0,0,1,1,1,1,1,unauthorized_repair,Invalid Claim,2024-08-02,342,0
CLM-00856,PRD-00856,Home Appliances,FrostGuard,KitchenPro 30L,SN-FRO-7046609,Brand Flagship Store,INV-2025-80193,Drum spin malfunction,Drum spin malfunction: the problem appeared after the unit was dropped.,Accidental Drop,2025-08-31,2028-08-31,2026-08-09,2026-08-09,36,0,647.53,343,753,0,0.558,1,0,1,0,0,1,0,1,1,1,excluded_damage,Invalid Claim,2025-08-31,753,1
CLM-00857,PRD-00857,Industrial Tools,IronForge,HydraPower Jack 5T,SN-IRO-6384021,Industrial Supply Direct,INV-2022-56556,Trigger switch failure,Trigger switch failure: the problem developed gradually with regular use.,Normal Wear and Tear,2022-05-14,2026-05-14,2026-04-21,2026-04-29,48,1,634.14,1446,15,8,0.133,0,0,1,0,0,1,1,1,1,0,covered_defect,Valid Claim,2022-05-14,15,0
CLM-00858,PRD-00858,Consumer Electronics,VividDisplay,PixelWatch 3,SN-VIV-4723680,MegaMart Online,INV-2025-52315,Battery not charging,Battery not charging: the problem appeared under heavy load.,Mechanical Stress,2025-01-30,2026-01-30,2025-11-17,2026-01-21,12,0,987.33,356,9,65,0.248,0,0,1,0,0,1,0,1,1,0,late_reporting+noise,Manual Review,2025-01-30,9,1
CLM-00859,PRD-00859,Industrial Tools,IronForge,HydraPower Jack 5T,SN-IRO-7422050,National Appliance Depot,INV-2025-29470,Gearbox seizure,Gearbox seizure: the problem appeared after the unit was dropped.,Accidental Drop,2025-11-13,2027-11-14,2026-05-10,2026-05-15,24,0,874.32,183,548,5,0.328,0,0,1,0,0,1,1,1,1,0,ambiguous_cause,Manual Review,2025-11-13,548,0
CLM-00860,PRD-00860,Home Appliances,AeroBreeze,FrostGuard 450L,SN-AER-1470720,MegaMart Online,INV-2024-45518,Thermostat failure,Thermostat failure: the problem appeared after a power fluctuation.,Electrical Surge,2024-01-11,2027-01-11,2026-08-13,2026-08-31,36,0,641.43,963,133,18,0.135,0,0,1,0,0,0,1,1,1,0,missing_documents,Manual Review,2024-01-11,133,1
CLM-00861,PRD-00861,Industrial Tools,TorqueMax,VoltEdge Saw 18V,SN-TOR-8340318,National Appliance Depot,INV-2025-82382,Gearbox seizure,Gearbox seizure: the problem started without any external cause during normal use.,Manufacturing Defect,2025-01-30,2027-01-31,2026-09-02,2026-09-03,24,0,648.27,581,150,1,0.583,0,0,1,0,0,1,1,1,1,0,covered_defect,Valid Claim,2025-01-30,150,0
CLM-00862,PRD-00862,Consumer Electronics,PixelCraft,NovaPods Max,SN-PIX-9739239,Industrial Supply Direct,INV-2025-40905,Touch panel unresponsive,Touch panel unresponsive: the problem has no obvious cause.,Unknown / Not Sure,2025-10-21,2026-10-21,2025-09-21,2026-06-02,12,0,512.3,224,141,254,0.599,1,0,1,0,1,1,1,1,1,1,contradiction,Manual Review,2025-10-21,141,0
CLM-00863,PRD-00863,Industrial Tools,TorqueMax,IronForge Grinder 9,SN-TOR-2092068,National Appliance Depot,INV-2024-20391,Seal failure,Seal failure: the problem appeared under heavy load.,Mechanical Stress,2024-10-09,2026-10-10,2026-08-03,2026-08-16,24,0,499.19,676,55,13,0.723,1,0,1,0,0,1,0,1,1,1,covered_defect,Valid Claim,2024-10-09,55,1
CLM-00864,PRD-00864,Consumer Electronics,ApexTech,NovaPods Max,SN-APE-7734269,MegaMart Online,INV-2025-91539,Screen flickering,Screen flickering: the problem appeared after contact with water.,Water Ingress,2025-09-28,2027-09-29,2026-02-25,2026-03-01,24,1,997.28,154,577,4,0.423,0,0,1,0,0,1,1,1,1,0,ambiguous_cause,Manual Review,2025-09-28,577,0
CLM-00865,PRD-00865,Home Appliances,KitchenPro,AeroBreeze 1.5T,SN-KIT-4874348,Metro Hardware Centre,INV-2024-96119,PCB failure,PCB failure: the problem started without any external cause during normal use.,Manufacturing Defect,2024-04-06,2026-04-07,2026-04-21,2026-04-27,24,0,197.41,751,-20,6,0.401,0,0,1,1,0,1,1,1,0,0,expired,Invalid Claim,2024-04-06,0,1
CLM-00866,PRD-00866,Industrial Tools,TorqueMax,HydraPower Jack 5T,SN-TOR-7710132,National Appliance Depot,INV-2023-60131,Gearbox seizure,Gearbox seizure: the problem appeared after a power fluctuation.,Electrical Surge,2023-12-22,2026-12-22,2026-07-27,2026-07-31,36,0,410.45,952,144,4,0.497,0,0,1,0,0,1,0,1,1,0,covered_defect,Valid Claim,2023-12-22,144,1
CLM-00867,PRD-00867,Consumer Electronics,PixelCraft,NovaPods Max,SN-PIX-9218382,Metro Hardware Centre,INV-2024-32205,Touch panel unresponsive,Touch panel unresponsive: the problem developed gradually with regular use.,Normal Wear and Tear,2024-06-23,2026-06-24,2026-05-30,2026-06-09,24,0,808.32,716,15,10,0.746,1,1,1,0,0,1,1,1,1,1,unauthorized_repair,Invalid Claim,2024-06-23,15,0
CLM-00868,PRD-00868,Consumer Electronics,ApexTech,ApexBook Pro 16,SN-APE-8816500,MegaMart Online,INV-2024-72125,Motherboard failure,Motherboard failure: the problem started without any external cause during normal use.,Manufacturing Defect,2024-03-12,2027-03-13,2024-03-07,2026-08-28,36,1,263.06,899,197,904,0.584,0,0,1,0,1,1,1,1,1,0,contradiction,Manual Review,2024-03-12,197,0
CLM-00869,PRD-00869,Home Appliances,KitchenPro,CleanCycle 8kg,SN-KIT-1437123,Industrial Supply Direct,INV-2025-51468,Motor burnout,Motor burnout: the problem developed gradually with regular use.,Normal Wear and Tear,2025-09-17,2027-09-18,2025-09-12,2026-04-21,24,0,769.93,216,515,221,0.223,1,0,1,0,1,1,1,1,1,1,contradiction,Manual Review,2025-09-17,515,0
CLM-00870,PRD-00870,Consumer Electronics,VividDisplay,VividTab 11,SN-VIV-1112477,City Electronics Mall,INV-2025-22904,Touch panel unresponsive,Touch panel unresponsive: the problem appeared after contact with water.,Water Ingress,2025-06-16,2026-06-16,2026-01-05,2026-01-06,12,0,372.16,204,161,1,0.357,0,0,1,1,0,0,1,1,1,0,possible_duplicate,Manual Review,2025-06-16,161,1
CLM-00871,PRD-00871,Industrial Tools,HydraPower,TorqueMax HD Drill,SN-HYD-4479851,National Appliance Depot,INV-2025-95350,Armature burnout,Armature burnout: the problem started without any external cause during normal use.,Manufacturing Defect,2025-11-28,2028-11-28,2025-11-13,2026-07-24,36,1,472.55,238,858,253,0.589,0,0,1,0,1,1,1,1,1,0,contradiction,Manual Review,2025-11-28,858,0
CLM-00872,PRD-00872,Industrial Tools,HydraPower,IronForge Grinder 9,SN-HYD-8937022,City Electronics Mall,INV-2024-62954,Trigger switch failure,Trigger switch failure: the problem started without any external cause during normal use.,Manufacturing Defect,2024-03-05,2026-03-06,2026-02-28,2026-03-06,24,0,762.09,731,0,6,0.762,0,0,1,0,0,1,1,1,1,0,covered_defect,Valid Claim,2024-03-05,0,0
CLM-00873,PRD-00873,Consumer Electronics,NovaSound,NovaPods Max,SN-NOV-4791520,Metro Hardware Centre,INV-2025-19025,Touch panel unresponsive,Touch panel unresponsive: the problem started without any external cause during normal use.,Manufacturing Defect,2025-04-15,2027-04-16,2026-06-19,2026-07-01,24,1,746.13,442,289,12,0.825,0,0,0,1,0,1,1,1,1,0,serial_mismatch,Invalid Claim,2025-04-15,289,0
CLM-00874,PRD-00874,Consumer Electronics,PixelCraft,NovaPods Max,SN-PIX-8276943,Metro Hardware Centre,INV-2026-21139,Speaker malfunction,Speaker malfunction: the problem developed gradually with regular use.,Normal Wear and Tear,2026-02-18,2027-02-18,2026-02-07,2026-09-07,12,0,677.93,201,164,212,0.818,1,0,1,0,1,1,0,1,1,0,contradiction,Manual Review,2026-02-18,164,1
CLM-00875,PRD-00875,Industrial Tools,HydraPower,IronForge Grinder 9,SN-HYD-1522046,City Electronics Mall,INV-2022-70917,Trigger switch failure,Trigger switch failure: the problem developed gradually with regular use.,Normal Wear and Tear,2022-01-28,2026-01-28,2026-01-14,2026-01-25,48,1,398.96,1458,3,11,0.507,0,0,1,0,0,1,1,1,1,0,covered_defect,Valid Claim,2022-01-28,3,0
CLM-00876,PRD-00876,Industrial Tools,HydraPower,IronForge Grinder 9,SN-HYD-4314091,National Appliance Depot,INV-2024-14534,Seal failure,Seal failure: the problem appeared after a power fluctuation.,Electrical Surge,2024-08-10,2026-08-11,2026-07-30,2026-08-12,24,0,636.2,732,-1,13,0.131,0,0,1,0,0,1,1,1,1,0,grace_boundary,Manual Review,2024-08-10,0,0
CLM-00877,PRD-00877,Home Appliances,KitchenPro,CleanCycle 8kg,SN-KIT-8821427,Brand Flagship Store,INV-2025-61878,Drum spin malfunction,Drum spin malfunction: the problem appeared after a power fluctuation.,Electrical Surge,2025-06-08,2028-06-08,2026-01-27,2026-02-03,36,0,360.39,240,856,7,0.69,0,0,1,0,0,1,1,1,1,0,covered_defect,Valid Claim,2025-06-08,856,0
CLM-00878,PRD-00878,Industrial Tools,TorqueMax,VoltEdge Saw 18V,SN-TOR-9247539,Brand Flagship Store,INV-2024-40891,Trigger switch failure,Trigger switch failure: the problem developed gradually with regular use.,Normal Wear and Tear,2024-05-06,2027-05-07,2026-03-13,2026-03-14,36,0,283.05,677,419,1,0.311,2,0,1,0,0,1,1,1,1,1,repeat_repairs,Manual Review,2024-05-06,419,0
CLM-00879,PRD-00879,Home Appliances,KitchenPro,CleanCycle 8kg,SN-KIT-5817414,Industrial Supply Direct,INV-2024-75414,PCB failure,PCB failure: the problem developed gradually with regular use.,Normal Wear and Tear,2024-12-26,2026-12-27,2025-12-01,2026-01-03,24,0,1328.0,373,358,33,0.514,0,0,1,0,0,1,1,1,1,0,covered_defect+noise,Manual Review,2024-12-26,358,0
CLM-00880,PRD-00880,Home Appliances,AeroBreeze,CleanCycle 8kg,SN-AER-1728243,City Electronics Mall,INV-2026-53856,Water pump leakage,Water pump leakage: the problem developed gradually with regular use.,Normal Wear and Tear,2026-04-26,2029-04-26,2026-08-23,2026-08-27,36,0,292.78,123,973,4,0.483,0,0,1,0,0,1,1,1,1,0,covered_defect,Valid Claim,2026-04-26,973,0
CLM-00881,PRD-00881,Consumer Electronics,ApexTech,ApexBook Pro 16,SN-APE-5842444,Metro Hardware Centre,INV-2024-57812,Screen flickering,Screen flickering: the problem started without any external cause during normal use.,Manufacturing Defect,2024-08-14,2026-08-15,2026-07-21,2026-08-05,24,0,777.88,721,10,15,0.931,1,0,1,0,0,1,1,1,1,1,covered_defect,Valid Claim,2024-08-14,10,0
CLM-00882,PRD-00882,Industrial Tools,IronForge,HydraPower Jack 5T,SN-IRO-8751010,Metro Hardware Centre,INV-2025-30820,Chuck bearing failure,Chuck bearing failure: the problem started without any external cause during normal use.,Manufacturing Defect,2025-11-09,2028-11-09,2026-08-31,2026-09-04,36,0,460.16,299,797,4,0.781,0,0,1,0,0,1,1,1,1,0,covered_defect,Valid Claim,2025-11-09,797,0
CLM-00883,PRD-00883,Home Appliances,FrostGuard,KitchenPro 30L,SN-FRO-3163060,City Electronics Mall,INV-2024-60504,PCB failure,PCB failure: the problem appeared after a power fluctuation.,Electrical Surge,2024-01-10,2027-01-10,2026-06-27,2026-07-05,36,0,961.38,907,189,8,0.829,0,0,1,0,0,1,1,1,1,0,covered_defect+noise,Invalid Claim,2024-01-10,189,0
CLM-00884,PRD-00884,Home Appliances,FrostGuard,AeroBreeze 1.5T,SN-FRO-4841105,National Appliance Depot,INV-2023-15556,Compressor failure,Compressor failure: the problem started without any external cause during normal use.,Manufacturing Defect,2023-03-02,2026-03-02,2026-03-12,2026-03-22,36,0,920.09,1116,-20,10,0.76,0,0,1,0,0,1,0,1,0,0,expired,Invalid Claim,2023-03-02,0,2
CLM-00885,PRD-00885,Consumer Electronics,NovaSound,NovaPhone 12,SN-NOV-9516556,MegaMart Online,INV-2026-17193,Speaker malfunction,Speaker malfunction: the problem appeared after the unit was dropped.,Accidental Drop,2026-01-16,2028-01-17,2026-04-13,2026-04-30,24,0,582.9,104,627,17,0.85,0,0,1,0,0,1,1,0,1,0,excluded_damage,Invalid Claim,2026-01-16,627,1
CLM-00886,PRD-00886,Consumer Electronics,PixelCraft,NovaPods Max,SN-PIX-9405290,Brand Flagship Store,INV-2025-27864,Touch panel unresponsive,Touch panel unresponsive: the problem developed gradually with regular use.,Normal Wear and Tear,2025-06-28,2026-06-28,2026-03-20,2026-04-22,12,0,255.0,298,67,33,0.161,1,0,1,0,0,1,1,1,1,1,late_reporting,Invalid Claim,2025-06-28,67,0
CLM-00887,PRD-00887,Industrial Tools,VoltEdge,HydraPower Jack 5T,SN-VOL-1097345,National Appliance Depot,INV-2023-30469,Trigger switch failure,Trigger switch failure: the problem developed gradually with regular use.,Normal Wear and Tear,2023-10-01,2026-10-01,2026-03-15,2026-03-19,36,1,698.94,900,196,4,0.377,1,0,1,0,0,0,1,1,1,1,missing_documents,Manual Review,2023-10-01,196,1
CLM-00888,PRD-00888,Consumer Electronics,PixelCraft,NovaPods Max,SN-PIX-3657947,City Electronics Mall,INV-2024-48287,Wi-Fi/Bluetooth failure,Wi-Fi/Bluetooth failure: the problem developed gradually with regular use.,Normal Wear and Tear,2024-12-15,2027-12-16,2026-06-08,2026-06-10,36,1,308.56,542,554,2,0.537,0,0,0,0,0,1,0,1,1,0,serial_mismatch,Invalid Claim,2024-12-15,554,1
CLM-00889,PRD-00889,Home Appliances,FrostGuard,CleanCycle 8kg,SN-FRO-3439003,Metro Hardware Centre,INV-2024-99298,Compressor failure,Compressor failure: the problem started without any external cause during normal use.,Manufacturing Defect,2024-08-25,2026-08-26,2026-08-28,2026-09-13,24,0,318.97,749,-18,16,0.848,0,0,1,0,0,1,1,0,1,0,expired,Invalid Claim,2024-08-25,0,1
CLM-00890,PRD-00890,Consumer Electronics,ApexTech,VividTab 11,SN-APE-1516036,Industrial Supply Direct,INV-2025-66281,Motherboard failure,Motherboard failure: the problem started without any external cause during normal use.,Manufacturing Defect,2025-12-24,2026-12-24,2026-08-25,2026-08-26,12,0,516.46,245,120,1,0.802,0,0,1,0,0,1,1,1,1,0,covered_defect,Valid Claim,2025-12-24,120,0
CLM-00891,PRD-00891,Home Appliances,FrostGuard,KitchenPro 30L,SN-FRO-6302856,Brand Flagship Store,INV-2024-92991,PCB failure,PCB failure: the problem developed gradually with regular use.,Normal Wear and Tear,2024-12-14,2027-12-15,2026-07-27,2026-08-07,36,1,696.75,601,495,11,0.414,1,0,1,1,0,1,1,1,1,1,possible_duplicate,Manual Review,2024-12-14,495,0
CLM-00892,PRD-00892,Consumer Electronics,PixelCraft,PixelWatch 3,SN-PIX-2538110,MegaMart Online,INV-2025-28130,Motherboard failure,Motherboard failure: the problem appeared after the unit was dropped.,Accidental Drop,2025-02-23,2026-02-23,2026-01-20,2026-01-20,12,0,336.98,331,34,0,0.791,3,1,1,0,0,1,1,1,1,0,unauthorized_repair,Invalid Claim,2025-02-23,34,0
CLM-00893,PRD-00893,Home Appliances,FrostGuard,FrostGuard 450L,SN-FRO-4305996,City Electronics Mall,INV-2023-59639,PCB failure,PCB failure: the problem started without any external cause during normal use.,Manufacturing Defect,2023-02-28,2026-02-28,2026-01-29,2026-02-19,36,0,612.38,1087,9,21,0.287,0,0,1,0,0,1,1,1,0,0,covered_defect,Valid Claim,2023-02-28,9,1
CLM-00894,PRD-00894,Home Appliances,KitchenPro,FrostGuard 450L,SN-KIT-8979435,Brand Flagship Store,INV-2024-88358,Water pump leakage,Water pump leakage: the problem started without any external cause during normal use.,Manufacturing Defect,2024-11-19,2026-11-20,2026-03-27,2026-04-01,24,0,947.46,498,233,5,0.867,0,0,1,0,0,1,1,1,1,0,covered_defect,Valid Claim,2024-11-19,233,0
CLM-00895,PRD-00895,Home Appliances,CleanCycle,CleanCycle 8kg,SN-CLE-2473761,Metro Hardware Centre,INV-2024-24931,PCB failure,PCB failure: the problem developed gradually with regular use.,Normal Wear and Tear,2024-08-05,2026-08-06,2025-12-30,2026-01-18,24,0,986.14,531,200,19,0.832,3,0,0,0,0,1,1,1,1,1,serial_mismatch,Invalid Claim,2024-08-05,200,0
CLM-00896,PRD-00896,Consumer Electronics,VividDisplay,NovaPods Max,SN-VIV-3273958,National Appliance Depot,INV-2026-65195,Screen flickering,Screen flickering: the problem started without any external cause during normal use.,Manufacturing Defect,2026-03-14,2028-03-14,2026-06-01,2026-06-03,24,0,176.26,81,650,2,0.884,0,0,1,0,0,0,1,1,1,0,missing_documents,Manual Review,2026-03-14,650,1
CLM-00897,PRD-00897,Consumer Electronics,ApexTech,PixelWatch 3,SN-APE-1498558,National Appliance Depot,INV-2025-25717,Speaker malfunction,Speaker malfunction: the problem appeared after contact with water.,Water Ingress,2025-04-18,2027-04-19,2026-03-05,2026-03-14,24,0,443.44,330,401,9,0.836,1,1,1,0,0,0,1,1,1,1,unauthorized_repair,Invalid Claim,2025-04-18,401,1
CLM-00898,PRD-00898,Industrial Tools,HydraPower,VoltEdge Saw 18V,SN-HYD-3628215,Industrial Supply Direct,INV-2023-56454,Armature burnout,Armature burnout: the problem appeared under heavy load.,Mechanical Stress,2023-03-26,2026-03-26,2026-03-28,2026-04-05,36,0,497.04,1106,-10,8,0.248,0,0,1,0,0,1,0,0,1,0,grace_boundary,Manual Review,2023-03-26,0,2
CLM-00899,PRD-00899,Industrial Tools,HydraPower,HydraPower Jack 5T,SN-HYD-8833592,Brand Flagship Store,INV-2025-24984,Chuck bearing failure,Chuck bearing failure: the problem appeared under heavy load.,Mechanical Stress,2025-06-23,2027-06-24,2026-06-30,2026-07-10,24,0,845.81,382,349,10,0.511,0,0,1,0,0,1,1,1,1,0,covered_defect,Valid Claim,2025-06-23,349,0
CLM-00900,PRD-00900,Home Appliances,CleanCycle,FrostGuard 450L,SN-CLE-4029171,National Appliance Depot,INV-2024-14865,Compressor failure,Compressor failure: the problem started without any external cause during normal use.,Manufacturing Defect,2024-01-21,2026-01-21,2025-12-15,2026-01-07,24,0,333.28,717,14,23,0.727,0,0,1,0,0,1,1,1,1,0,covered_defect,Valid Claim,2024-01-21,14,0
CLM-00901,PRD-00901,Home Appliances,CleanCycle,FrostGuard 450L,SN-CLE-3811299,Metro Hardware Centre,INV-2023-84902,Drum spin malfunction,Drum spin malfunction: the problem started without any external cause during normal use.,Manufacturing Defect,2023-06-08,2026-06-08,2026-05-22,2026-05-25,36,1,683.82,1082,14,3,0.465,0,0,1,0,0,1,1,1,1,0,covered_defect,Valid Claim,2023-06-08,14,0
CLM-00902,PRD-00902,Industrial Tools,TorqueMax,TorqueMax HD Drill,SN-TOR-3393771,Brand Flagship Store,INV-2023-79185,Chuck bearing failure,Chuck bearing failure: the problem developed gradually with regular use.,Normal Wear and Tear,2023-11-03,2026-11-03,2026-01-09,2026-01-11,36,0,733.89,800,296,2,0.56,0,0,1,0,0,1,1,1,0,0,covered_defect,Valid Claim,2023-11-03,296,1
CLM-00903,PRD-00903,Home Appliances,CleanCycle,KitchenPro 30L,SN-CLE-7971093,Metro Hardware Centre,INV-2022-46960,Water pump leakage,Water pump leakage: the problem appeared after the unit was dropped.,Accidental Drop,2022-09-06,2025-09-06,2026-05-21,2026-06-04,36,1,338.14,1367,-271,14,0.448,0,0,1,1,0,1,1,0,0,0,expired,Invalid Claim,2022-09-06,0,2
CLM-00904,PRD-00904,Home Appliances,AeroBreeze,KitchenPro 30L,SN-AER-2646691,National Appliance Depot,INV-2023-95339,Drum spin malfunction,Drum spin malfunction: the problem started without any external cause during normal use.,Manufacturing Defect,2023-02-11,2026-02-11,2026-01-27,2026-01-30,36,0,472.49,1084,12,3,0.495,0,0,1,0,0,1,1,1,1,0,covered_defect+noise,Invalid Claim,2023-02-11,12,0
CLM-00905,PRD-00905,Home Appliances,FrostGuard,CleanCycle 8kg,SN-FRO-7001841,City Electronics Mall,INV-2025-93643,PCB failure,PCB failure: the problem started without any external cause during normal use.,Manufacturing Defect,2025-07-17,2028-07-17,2026-02-01,2026-02-01,36,0,1069.71,199,897,0,0.828,0,0,1,0,0,0,0,1,1,0,missing_documents,Manual Review,2025-07-17,897,2
CLM-00906,PRD-00906,Home Appliances,KitchenPro,KitchenPro 30L,SN-KIT-5114713,City Electronics Mall,INV-2025-24294,Compressor failure,Compressor failure: the problem started without any external cause during normal use.,Manufacturing Defect,2025-12-29,2027-12-30,2026-09-14,2026-09-20,24,0,353.45,265,466,6,0.81,0,0,1,0,0,1,1,1,0,0,covered_defect,Valid Claim,2025-12-29,466,1
CLM-00907,PRD-00907,Consumer Electronics,PixelCraft,ApexBook Pro 16,SN-PIX-3171235,National Appliance Depot,INV-2025-86788,Wi-Fi/Bluetooth failure,Wi-Fi/Bluetooth failure: the problem appeared after a power fluctuation.,Electrical Surge,2025-05-06,2027-05-07,2026-04-04,2026-04-06,24,0,946.88,335,396,2,0.427,0,0,1,0,0,1,1,0,1,0,ambiguous_cause,Manual Review,2025-05-06,396,1
CLM-00908,PRD-00908,Home Appliances,KitchenPro,AeroBreeze 1.5T,SN-KIT-3173401,Industrial Supply Direct,INV-2024-87799,Water pump leakage,Water pump leakage: the problem appeared after a power fluctuation.,Electrical Surge,2024-10-17,2026-10-18,2026-09-07,2026-09-22,24,0,714.72,705,26,15,0.691,0,0,1,0,0,1,0,1,1,0,covered_defect,Valid Claim,2024-10-17,26,1
CLM-00909,PRD-00909,Home Appliances,AeroBreeze,AeroBreeze 1.5T,SN-AER-4966403,MegaMart Online,INV-2023-91688,Water pump leakage,Water pump leakage: the problem appeared after contact with water.,Water Ingress,2023-12-07,2026-12-07,2026-04-07,2026-04-09,36,0,351.78,854,242,2,0.571,1,0,1,0,0,1,1,1,0,0,excluded_damage,Invalid Claim,2023-12-07,242,1
CLM-00910,PRD-00910,Industrial Tools,VoltEdge,TorqueMax HD Drill,SN-VOL-8664357,Industrial Supply Direct,INV-2023-99170,Gearbox seizure,Gearbox seizure: the problem started without any external cause during normal use.,Manufacturing Defect,2023-04-15,2026-04-15,2026-04-10,2026-04-16,36,0,93.5,1097,-1,6,0.922,0,0,1,0,0,1,1,1,0,0,grace_boundary,Manual Review,2023-04-15,0,1
CLM-00911,PRD-00911,Industrial Tools,IronForge,HydraPower Jack 5T,SN-IRO-2900743,Industrial Supply Direct,INV-2024-27006,Chuck bearing failure,Chuck bearing failure: the problem appeared under heavy load.,Mechanical Stress,2024-03-23,2027-03-24,2026-01-26,2026-02-13,36,0,728.77,692,404,18,0.784,3,0,1,0,0,1,0,1,1,0,repeat_repairs,Manual Review,2024-03-23,404,1
CLM-00912,PRD-00912,Consumer Electronics,NovaSound,PixelWatch 3,SN-NOV-8186587,City Electronics Mall,INV-2024-51583,Screen flickering,Screen flickering: the problem appeared after the unit was dropped.,Accidental Drop,2024-12-12,2026-12-13,2026-05-29,2026-05-29,24,0,279.97,533,198,0,0.37,0,0,1,0,0,1,0,1,1,0,ambiguous_cause,Manual Review,2024-12-12,198,1
CLM-00913,PRD-00913,Industrial Tools,HydraPower,HydraPower Jack 5T,SN-HYD-6612670,Brand Flagship Store,INV-2024-45099,Armature burnout,Armature burnout: the problem developed gradually with regular use.,Normal Wear and Tear,2024-06-02,2027-06-03,2026-03-24,2026-03-28,36,0,570.6,664,432,4,0.765,0,0,1,0,0,1,1,1,0,0,covered_defect,Valid Claim,2024-06-02,432,1
CLM-00914,PRD-00914,Home Appliances,FrostGuard,FrostGuard 450L,SN-FRO-2358205,City Electronics Mall,INV-2023-60099,Thermostat failure,Thermostat failure: the problem developed gradually with regular use.,Normal Wear and Tear,2023-03-15,2026-03-15,2026-02-13,2026-02-15,36,0,219.32,1068,28,2,0.576,1,0,1,0,0,1,1,1,1,1,covered_defect,Valid Claim,2023-03-15,28,0
CLM-00915,PRD-00915,Industrial Tools,HydraPower,IronForge Grinder 9,SN-HYD-7344756,MegaMart Online,INV-2025-11357,Armature burnout,Armature burnout: the problem developed gradually with regular use.,Normal Wear and Tear,2025-05-12,2027-05-13,2026-07-31,2026-08-08,24,0,242.84,453,278,8,0.675,0,0,1,0,0,1,1,1,1,0,covered_defect,Valid Claim,2025-05-12,278,0
CLM-00916,PRD-00916,Consumer Electronics,PixelCraft,ApexBook Pro 16,SN-PIX-6416102,Metro Hardware Centre,INV-2025-55370,Touch panel unresponsive,Touch panel unresponsive: the problem appeared after contact with water.,Water Ingress,2025-11-27,2026-11-27,2026-04-06,2026-04-08,12,0,246.24,132,233,2,0.17,0,0,1,0,0,1,1,1,1,0,ambiguous_cause,Manual Review,2025-11-27,233,0
CLM-00917,PRD-00917,Consumer Electronics,ApexTech,PixelWatch 3,SN-APE-7657929,Metro Hardware Centre,INV-2023-16751,Speaker malfunction,Speaker malfunction: the problem started without any external cause during normal use.,Manufacturing Defect,2023-03-11,2025-03-11,2026-02-07,2026-02-07,24,1,1058.7,1064,-333,0,0.782,3,1,1,0,0,1,1,1,1,1,expired,Invalid Claim,2023-03-11,0,0
CLM-00918,PRD-00918,Industrial Tools,HydraPower,VoltEdge Saw 18V,SN-HYD-9361308,Industrial Supply Direct,INV-2023-15258,Seal failure,Seal failure: the problem appeared under heavy load.,Mechanical Stress,2023-03-01,2026-03-01,2026-01-30,2026-02-21,36,0,628.07,1088,8,22,0.445,0,0,0,0,0,1,1,1,1,0,serial_mismatch,Invalid Claim,2023-03-01,8,0
CLM-00919,PRD-00919,Consumer Electronics,ApexTech,NovaPhone 12,SN-APE-4670744,MegaMart Online,INV-2023-63412,Wi-Fi/Bluetooth failure,Wi-Fi/Bluetooth failure: the problem appeared after the unit was dropped.,Accidental Drop,2023-06-07,2025-06-07,2026-02-05,2026-02-09,24,0,828.39,978,-247,4,0.725,1,1,1,0,0,1,1,1,1,0,expired,Invalid Claim,2023-06-07,0,0
CLM-00920,PRD-00920,Industrial Tools,HydraPower,VoltEdge Saw 18V,SN-HYD-2003451,National Appliance Depot,INV-2025-51012,Armature burnout,Armature burnout: the problem appeared under heavy load.,Mechanical Stress,2025-08-22,2029-08-22,2026-06-05,2026-06-15,48,1,1631.99,297,1164,10,0.647,0,0,1,0,0,1,1,1,1,0,covered_defect,Valid Claim,2025-08-22,1164,0
CLM-00921,PRD-00921,Home Appliances,AeroBreeze,CleanCycle 8kg,SN-AER-8823386,Metro Hardware Centre,INV-2025-18590,Drum spin malfunction,Drum spin malfunction: the problem started without any external cause during normal use.,Manufacturing Defect,2025-07-17,2028-07-17,2026-06-10,2026-06-13,36,0,845.81,331,765,3,0.789,2,0,1,0,0,1,1,1,1,1,repeat_repairs,Manual Review,2025-07-17,765,0
CLM-00922,PRD-00922,Consumer Electronics,NovaSound,NovaPhone 12,SN-NOV-2300519,Metro Hardware Centre,INV-2025-53396,Motherboard failure,Motherboard failure: the problem started without any external cause during normal use.,Manufacturing Defect,2025-09-20,2026-09-20,2026-03-29,2026-04-14,12,0,194.83,206,159,16,0.815,0,0,1,0,0,1,1,1,1,0,covered_defect,Valid Claim,2025-09-20,159,0
CLM-00923,PRD-00923,Consumer Electronics,VividDisplay,ApexBook Pro 16,SN-VIV-9387343,Industrial Supply Direct,INV-2025-50126,Wi-Fi/Bluetooth failure,Wi-Fi/Bluetooth failure: the problem started without any external cause during normal use.,Manufacturing Defect,2025-08-13,2027-08-14,2026-07-18,2026-08-02,24,0,1151.85,354,377,15,0.803,1,1,1,0,0,1,1,1,1,1,unauthorized_repair,Invalid Claim,2025-08-13,377,0
CLM-00924,PRD-00924,Industrial Tools,VoltEdge,VoltEdge Saw 18V,SN-VOL-5098168,National Appliance Depot,INV-2024-88526,Chuck bearing failure,Chuck bearing failure: the problem started without any external cause during normal use.,Manufacturing Defect,2024-11-12,2026-11-13,2026-03-31,2026-04-12,24,0,852.68,516,215,12,0.639,2,0,1,0,0,1,1,1,1,1,repeat_repairs,Manual Review,2024-11-12,215,0
CLM-00925,PRD-00925,Industrial Tools,HydraPower,IronForge Grinder 9,SN-HYD-2109725,National Appliance Depot,INV-2023-84933,Armature burnout,Armature burnout: the problem developed gradually with regular use.,Normal Wear and Tear,2023-04-15,2026-04-15,2026-04-30,2026-05-01,36,0,540.78,1112,-16,1,0.564,0,0,1,0,0,1,1,0,1,0,expired,Invalid Claim,2023-04-15,0,1
CLM-00926,PRD-00926,Consumer Electronics,NovaSound,VividTab 11,SN-NOV-9525988,Industrial Supply Direct,INV-2025-38219,Screen flickering,Screen flickering: the problem developed gradually with regular use.,Normal Wear and Tear,2025-09-28,2026-09-28,2026-02-18,2026-02-20,12,0,246.64,145,220,2,0.614,0,0,1,0,0,1,1,1,1,0,covered_defect,Valid Claim,2025-09-28,220,0
CLM-00927,PRD-00927,Industrial Tools,IronForge,HydraPower Jack 5T,SN-IRO-3486478,City Electronics Mall,INV-2023-90348,Trigger switch failure,Trigger switch failure: the problem appeared under heavy load.,Mechanical Stress,2023-08-03,2026-08-03,2026-03-21,2026-03-21,36,1,181.61,961,135,0,0.404,0,0,1,0,0,1,0,1,1,0,covered_defect,Valid Claim,2023-08-03,135,1
CLM-00928,PRD-00928,Consumer Electronics,ApexTech,NovaPods Max,SN-APE-7975314,Industrial Supply Direct,INV-2025-62516,Battery not charging,Battery not charging: the problem started without any external cause during normal use.,Manufacturing Defect,2025-06-16,2027-06-17,2026-02-08,2026-02-16,24,0,548.09,245,486,8,0.778,0,0,1,0,0,1,0,1,1,0,covered_defect,Valid Claim,2025-06-16,486,1
CLM-00929,PRD-00929,Home Appliances,CleanCycle,AeroBreeze 1.5T,SN-CLE-4432128,MegaMart Online,INV-2026-45152,Compressor failure,Compressor failure: the problem has no obvious cause.,Unknown / Not Sure,2026-04-14,2029-04-14,2026-03-12,2026-07-06,36,0,1869.4,83,1013,116,0.77,1,1,1,1,1,1,1,1,1,1,unauthorized_repair,Invalid Claim,2026-04-14,1013,0
CLM-00930,PRD-00930,Consumer Electronics,VividDisplay,VividTab 11,SN-VIV-8603647,National Appliance Depot,INV-2025-59755,Battery not charging,Battery not charging: the problem developed gradually with regular use.,Normal Wear and Tear,2025-04-05,2027-04-06,2026-05-21,2026-05-24,24,0,1047.42,414,317,3,0.319,0,0,1,0,0,1,1,1,1,0,covered_defect,Valid Claim,2025-04-05,317,0
CLM-00931,PRD-00931,Home Appliances,AeroBreeze,AeroBreeze 1.5T,SN-AER-3923264,Industrial Supply Direct,INV-2025-34786,Drum spin malfunction,Drum spin malfunction: the problem developed gradually with regular use.,Normal Wear and Tear,2025-03-10,2027-03-11,2026-02-04,2026-02-24,24,0,586.47,351,380,20,0.361,0,0,1,0,0,1,1,1,1,0,covered_defect,Valid Claim,2025-03-10,380,0
CLM-00932,PRD-00932,Home Appliances,FrostGuard,AeroBreeze 1.5T,SN-FRO-8801246,City Electronics Mall,INV-2026-62086,Water pump leakage,Water pump leakage: the problem appeared after contact with water.,Water Ingress,2026-05-09,2029-05-09,2026-09-05,2026-09-07,36,0,1141.56,121,975,2,0.613,0,0,0,0,0,1,1,1,1,0,excluded_damage+noise,Manual Review,2026-05-09,975,0
CLM-00933,PRD-00933,Consumer Electronics,ApexTech,NovaPhone 12,SN-APE-6048591,Industrial Supply Direct,INV-2025-26610,Speaker malfunction,Speaker malfunction: the problem started without any external cause during normal use.,Manufacturing Defect,2025-07-01,2026-07-01,2026-06-14,2026-06-17,12,0,545.81,351,14,3,0.835,0,0,1,0,0,1,1,1,1,0,covered_defect,Valid Claim,2025-07-01,14,0
CLM-00934,PRD-00934,Industrial Tools,IronForge,TorqueMax HD Drill,SN-IRO-6148924,City Electronics Mall,INV-2022-17482,Chuck bearing failure,Chuck bearing failure: the problem has no obvious cause.,Unknown / Not Sure,2022-03-12,2026-03-12,2022-02-23,2026-03-21,48,1,273.77,1470,-9,1487,0.356,0,0,1,0,1,1,1,0,1,0,contradiction,Manual Review,2022-03-12,0,1
CLM-00935,PRD-00935,Industrial Tools,IronForge,VoltEdge Saw 18V,SN-IRO-2334443,MegaMart Online,INV-2026-37913,Seal failure,Seal failure: the problem started without any external cause during normal use.,Manufacturing Defect,2026-03-29,2029-03-29,2026-08-16,2026-08-17,36,1,340.38,141,955,1,0.753,0,0,1,0,0,1,1,1,1,0,covered_defect+noise,Manual Review,2026-03-29,955,0
CLM-00936,PRD-00936,Home Appliances,FrostGuard,AeroBreeze 1.5T,SN-FRO-7499444,National Appliance Depot,INV-2024-94035,Water pump leakage,Water pump leakage: the problem appeared after a power fluctuation.,Electrical Surge,2024-06-18,2028-06-18,2026-04-19,2026-04-22,48,1,544.09,673,788,3,0.595,0,0,1,0,0,1,1,1,1,0,covered_defect,Valid Claim,2024-06-18,788,0
CLM-00937,PRD-00937,Industrial Tools,IronForge,TorqueMax HD Drill,SN-IRO-8132110,MegaMart Online,INV-2025-70448,Chuck bearing failure,Chuck bearing failure: the problem started without any external cause during normal use.,Manufacturing Defect,2025-04-25,2028-04-25,2025-04-17,2026-05-18,36,0,468.46,388,708,396,0.771,2,0,1,0,1,1,1,1,1,1,contradiction,Manual Review,2025-04-25,708,0
CLM-00938,PRD-00938,Industrial Tools,HydraPower,VoltEdge Saw 18V,SN-HYD-6662747,National Appliance Depot,INV-2024-90079,Chuck bearing failure,Chuck bearing failure: the problem appeared after the unit was dropped.,Accidental Drop,2024-09-08,2028-09-08,2026-08-11,2026-08-15,48,1,410.98,706,755,4,0.6,0,0,1,0,0,1,1,0,1,0,excluded_damage,Invalid Claim,2024-09-08,755,1
CLM-00939,PRD-00939,Home Appliances,KitchenPro,CleanCycle 8kg,SN-KIT-9102803,MegaMart Online,INV-2025-36466,Compressor failure,Compressor failure: the problem appeared after a power fluctuation.,Electrical Surge,2025-10-21,2028-10-21,2026-03-16,2026-03-25,36,1,385.69,155,941,9,0.718,0,0,1,0,0,1,1,1,1,0,covered_defect,Valid Claim,2025-10-21,941,0
CLM-00940,PRD-00940,Industrial Tools,HydraPower,IronForge Grinder 9,SN-HYD-7851595,MegaMart Online,INV-2026-38873,Trigger switch failure,Trigger switch failure: the problem appeared under heavy load.,Mechanical Stress,2026-04-01,2028-04-01,2026-05-03,2026-05-03,24,0,180.77,32,699,0,0.385,1,0,1,0,0,1,1,1,0,1,covered_defect,Valid Claim,2026-04-01,699,1
CLM-00941,PRD-00941,Consumer Electronics,VividDisplay,NovaPhone 12,SN-VIV-8975499,MegaMart Online,INV-2025-55932,Speaker malfunction,Speaker malfunction: the problem appeared after the unit was dropped.,Accidental Drop,2025-06-23,2026-06-23,2025-05-26,2026-05-20,12,0,402.42,331,34,359,0.291,0,0,1,0,1,1,1,1,1,0,contradiction,Manual Review,2025-06-23,34,0
CLM-00942,PRD-00942,Industrial Tools,HydraPower,VoltEdge Saw 18V,SN-HYD-9469494,City Electronics Mall,INV-2024-52577,Chuck bearing failure,Chuck bearing failure: the problem developed gradually with regular use.,Normal Wear and Tear,2024-01-29,2027-01-29,2026-01-14,2026-01-23,36,1,579.09,725,371,9,0.856,0,0,1,0,0,1,1,1,1,0,covered_defect,Valid Claim,2024-01-29,371,0
CLM-00943,PRD-00943,Consumer Electronics,NovaSound,NovaPods Max,SN-NOV-4738984,National Appliance Depot,INV-2025-32582,Battery not charging,Battery not charging: the problem started without any external cause during normal use.,Manufacturing Defect,2025-09-28,2028-09-28,2026-04-23,2026-04-27,36,1,830.93,211,885,4,0.69,0,0,1,0,0,1,1,1,1,0,covered_defect,Valid Claim,2025-09-28,885,0
CLM-00944,PRD-00944,Home Appliances,FrostGuard,CleanCycle 8kg,SN-FRO-2554125,Brand Flagship Store,INV-2025-65289,PCB failure,PCB failure: the problem started without any external cause during normal use.,Manufacturing Defect,2025-10-18,2028-10-18,2026-07-13,2026-07-27,36,0,449.45,282,814,14,0.898,1,0,1,0,0,1,1,0,1,1,covered_defect,Valid Claim,2025-10-18,814,1
CLM-00945,PRD-00945,Home Appliances,KitchenPro,KitchenPro 30L,SN-KIT-7736629,Industrial Supply Direct,INV-2025-88863,PCB failure,PCB failure: the problem started without any external cause during normal use.,Manufacturing Defect,2025-04-19,2028-04-19,2026-03-14,2026-04-02,36,0,562.85,348,748,19,0.696,0,0,1,0,0,1,1,1,1,0,covered_defect,Valid Claim,2025-04-19,748,0
CLM-00946,PRD-00946,Industrial Tools,IronForge,TorqueMax HD Drill,SN-IRO-1237131,City Electronics Mall,INV-2024-15864,Armature burnout,Armature burnout: the problem started without any external cause during normal use.,Manufacturing Defect,2024-01-09,2026-01-09,2026-04-14,2026-05-11,24,0,368.04,853,-122,27,0.702,0,0,1,0,0,1,1,1,1,0,expired,Invalid Claim,2024-01-09,0,0
CLM-00947,PRD-00947,Home Appliances,FrostGuard,AeroBreeze 1.5T,SN-FRO-8035889,National Appliance Depot,INV-2025-44340,Drum spin malfunction,Drum spin malfunction: the problem started without any external cause during normal use.,Manufacturing Defect,2025-04-25,2027-04-26,2026-07-17,2026-07-19,24,0,764.52,450,281,2,0.974,0,0,1,0,0,1,1,1,1,0,covered_defect,Valid Claim,2025-04-25,281,0
CLM-00948,PRD-00948,Home Appliances,AeroBreeze,KitchenPro 30L,SN-AER-3163713,National Appliance Depot,INV-2024-12368,Compressor failure,Compressor failure: the problem started without any external cause during normal use.,Manufacturing Defect,2024-12-05,2026-12-06,2026-04-21,2026-04-23,24,0,247.45,504,227,2,0.784,0,0,1,1,0,1,1,1,0,0,possible_duplicate,Manual Review,2024-12-05,227,1
CLM-00949,PRD-00949,Industrial Tools,VoltEdge,VoltEdge Saw 18V,SN-VOL-7144776,Brand Flagship Store,INV-2025-91909,Chuck bearing failure,Chuck bearing failure: the problem developed gradually with regular use.,Normal Wear and Tear,2025-11-11,2027-11-12,2026-04-17,2026-05-01,24,0,1106.14,171,560,14,0.397,2,0,1,0,0,1,1,1,1,1,repeat_repairs,Manual Review,2025-11-11,560,0
CLM-00950,PRD-00950,Consumer Electronics,ApexTech,PixelWatch 3,SN-APE-9553206,Metro Hardware Centre,INV-2023-23928,Battery not charging,Battery not charging: the problem appeared after the unit was dropped.,Accidental Drop,2023-05-09,2026-05-09,2026-08-22,2026-08-25,36,1,619.64,1204,-108,3,0.365,0,0,1,0,0,1,1,1,1,0,expired,Invalid Claim,2023-05-09,0,0
CLM-00951,PRD-00951,Industrial Tools,VoltEdge,TorqueMax HD Drill,SN-VOL-9263771,City Electronics Mall,INV-2025-62033,Trigger switch failure,Trigger switch failure: the problem developed gradually with regular use.,Normal Wear and Tear,2025-04-17,2027-04-18,2026-05-11,2026-05-23,24,0,819.38,401,330,12,0.748,0,0,1,1,0,1,1,1,1,0,possible_duplicate,Manual Review,2025-04-17,330,0
CLM-00952,PRD-00952,Industrial Tools,HydraPower,HydraPower Jack 5T,SN-HYD-8183528,Brand Flagship Store,INV-2025-12973,Seal failure,Seal failure: the problem appeared after a power fluctuation.,Electrical Surge,2025-11-26,2029-11-26,2026-02-11,2026-02-18,48,1,624.36,84,1377,7,0.638,0,0,1,0,0,1,1,1,1,0,covered_defect,Valid Claim,2025-11-26,1377,0
CLM-00953,PRD-00953,Consumer Electronics,ApexTech,PixelWatch 3,SN-APE-5082562,Brand Flagship Store,INV-2024-72321,Touch panel unresponsive,Touch panel unresponsive: the problem started without any external cause during normal use.,Manufacturing Defect,2024-11-14,2027-11-15,2026-03-20,2026-04-03,36,1,363.0,505,591,14,0.47,1,0,1,0,0,1,1,1,1,1,covered_defect,Valid Claim,2024-11-14,591,0
CLM-00954,PRD-00954,Industrial Tools,VoltEdge,VoltEdge Saw 18V,SN-VOL-4508497,MegaMart Online,INV-2023-80328,Seal failure,Seal failure: the problem started without any external cause during normal use.,Manufacturing Defect,2023-01-20,2025-01-20,2026-01-02,2026-01-04,24,0,1132.67,1080,-349,2,0.665,1,0,1,0,0,1,1,1,1,0,expired,Invalid Claim,2023-01-20,0,0
CLM-00955,PRD-00955,Home Appliances,FrostGuard,AeroBreeze 1.5T,SN-FRO-8169378,Industrial Supply Direct,INV-2026-14983,Thermostat failure,Thermostat failure: the problem started without any external cause during normal use.,Manufacturing Defect,2026-01-15,2030-01-15,2026-05-31,2026-06-01,48,1,352.83,137,1324,1,0.758,1,0,1,0,0,1,1,1,1,1,covered_defect,Valid Claim,2026-01-15,1324,0
CLM-00956,PRD-00956,Consumer Electronics,ApexTech,NovaPods Max,SN-APE-9663613,Metro Hardware Centre,INV-2025-19307,Battery not charging,Battery not charging: the problem started without any external cause during normal use.,Manufacturing Defect,2025-08-02,2028-08-02,2026-08-16,2026-08-16,36,1,754.49,379,717,0,0.827,0,0,0,0,0,1,1,1,1,0,serial_mismatch,Invalid Claim,2025-08-02,717,0
CLM-00957,PRD-00957,Consumer Electronics,PixelCraft,VividTab 11,SN-PIX-3754060,City Electronics Mall,INV-2024-45407,Battery not charging,Battery not charging: the problem appeared after the unit was dropped.,Accidental Drop,2024-09-08,2026-09-09,2026-08-03,2026-08-28,24,1,765.25,719,12,25,0.372,0,0,1,0,0,1,0,1,1,0,ambiguous_cause,Manual Review,2024-09-08,12,1
CLM-00958,PRD-00958,Industrial Tools,VoltEdge,TorqueMax HD Drill,SN-VOL-2483802,MegaMart Online,INV-2023-77309,Trigger switch failure,Trigger switch failure: the problem developed gradually with regular use.,Normal Wear and Tear,2023-12-25,2026-12-25,2026-02-26,2026-02-28,36,0,589.88,796,300,2,0.231,0,0,1,0,0,0,1,1,1,0,missing_documents,Manual Review,2023-12-25,300,1
CLM-00959,PRD-00959,Industrial Tools,IronForge,VoltEdge Saw 18V,SN-IRO-9821810,Metro Hardware Centre,INV-2025-51408,Trigger switch failure,Trigger switch failure: the problem developed gradually with regular use.,Normal Wear and Tear,2025-01-03,2027-01-04,2025-12-27,2026-02-02,24,0,607.98,395,336,37,0.448,0,0,1,0,0,1,1,1,1,0,late_reporting,Invalid Claim,2025-01-03,336,0
CLM-00960,PRD-00960,Home Appliances,KitchenPro,CleanCycle 8kg,SN-KIT-8452629,City Electronics Mall,INV-2024-58899,Thermostat failure,Thermostat failure: the problem appeared under heavy load.,Mechanical Stress,2024-03-24,2028-03-24,2026-08-02,2026-08-06,48,1,398.48,865,596,4,0.534,0,0,1,0,0,1,1,1,1,0,covered_defect,Valid Claim,2024-03-24,596,0
CLM-00961,PRD-00961,Industrial Tools,IronForge,HydraPower Jack 5T,SN-IRO-4259110,MegaMart Online,INV-2022-53661,Armature burnout,Armature burnout: the problem appeared under heavy load.,Mechanical Stress,2022-02-09,2026-02-09,2026-02-19,2026-02-25,48,1,489.95,1477,-16,6,0.211,0,0,1,0,0,1,1,1,1,0,expired,Invalid Claim,2022-02-09,0,0
CLM-00962,PRD-00962,Consumer Electronics,ApexTech,NovaPhone 12,SN-APE-4153303,Brand Flagship Store,INV-2026-42953,Screen flickering,Screen flickering: the problem started without any external cause during normal use.,Manufacturing Defect,2026-01-10,2028-01-11,2026-04-28,2026-05-03,24,0,583.09,113,618,5,0.514,0,0,1,0,0,1,1,0,1,0,covered_defect,Valid Claim,2026-01-10,618,1
CLM-00963,PRD-00963,Industrial Tools,VoltEdge,VoltEdge Saw 18V,SN-VOL-6685473,Metro Hardware Centre,INV-2023-37320,Seal failure,Seal failure: the problem appeared under heavy load.,Mechanical Stress,2023-04-15,2027-04-15,2026-01-18,2026-01-23,48,1,346.91,1014,447,5,0.385,1,0,1,0,0,0,1,1,0,1,missing_documents,Manual Review,2023-04-15,447,2
CLM-00964,PRD-00964,Consumer Electronics,VividDisplay,NovaPhone 12,SN-VIV-9850417,Brand Flagship Store,INV-2024-90620,Motherboard failure,Motherboard failure: the problem appeared after a power fluctuation.,Electrical Surge,2024-10-16,2026-10-17,2024-09-09,2026-09-14,24,1,798.82,698,33,735,0.299,1,0,0,0,1,1,0,1,1,1,serial_mismatch,Invalid Claim,2024-10-16,33,1
CLM-00965,PRD-00965,Consumer Electronics,NovaSound,NovaPhone 12,SN-NOV-8710014,Industrial Supply Direct,INV-2024-87957,Touch panel unresponsive,Touch panel unresponsive: the problem appeared after contact with water.,Water Ingress,2024-12-31,2025-12-31,2026-01-10,2026-01-18,12,0,949.11,383,-18,8,0.23,1,0,1,0,0,1,1,1,1,1,expired,Invalid Claim,2024-12-31,0,0
CLM-00966,PRD-00966,Home Appliances,FrostGuard,AeroBreeze 1.5T,SN-FRO-3634927,National Appliance Depot,INV-2022-45287,PCB failure,PCB failure: the problem started without any external cause during normal use.,Manufacturing Defect,2022-05-19,2025-05-19,2026-01-01,2026-01-05,36,1,2852.84,1327,-231,4,0.711,1,0,1,0,0,1,1,1,1,1,expired,Invalid Claim,2022-05-19,0,0
CLM-00967,PRD-00967,Industrial Tools,IronForge,VoltEdge Saw 18V,SN-IRO-1062943,MegaMart Online,INV-2024-94658,Chuck bearing failure,Chuck bearing failure: the problem started without any external cause during normal use.,Manufacturing Defect,2024-04-17,2026-04-18,2025-12-23,2026-01-30,24,0,417.25,653,78,38,0.81,0,0,1,0,0,1,1,1,1,0,late_reporting,Invalid Claim,2024-04-17,78,0
CLM-00968,PRD-00968,Home Appliances,AeroBreeze,FrostGuard 450L,SN-AER-9971000,Metro Hardware Centre,INV-2024-36300,Motor burnout,Motor burnout: the problem appeared after a power fluctuation.,Electrical Surge,2024-12-18,2028-12-18,2026-02-10,2026-02-16,48,1,362.59,425,1036,6,0.353,0,0,1,0,0,1,1,1,1,0,covered_defect,Valid Claim,2024-12-18,1036,0
CLM-00969,PRD-00969,Consumer Electronics,NovaSound,NovaPods Max,SN-NOV-1081652,Brand Flagship Store,INV-2026-62075,Screen flickering,Screen flickering: the problem appeared after contact with water.,Water Ingress,2026-02-20,2028-02-21,2026-08-29,2026-08-30,24,0,851.48,191,540,1,0.708,1,0,1,0,0,1,0,1,1,1,excluded_damage,Invalid Claim,2026-02-20,540,1
CLM-00970,PRD-00970,Consumer Electronics,NovaSound,PixelWatch 3,SN-NOV-9757544,Metro Hardware Centre,INV-2024-11292,Screen flickering,Screen flickering: the problem started without any external cause during normal use.,Manufacturing Defect,2024-08-14,2026-08-15,2026-03-03,2026-03-04,24,1,1098.85,567,164,1,0.856,0,0,1,0,0,1,1,1,0,0,covered_defect,Valid Claim,2024-08-14,164,1
CLM-00971,PRD-00971,Industrial Tools,HydraPower,VoltEdge Saw 18V,SN-HYD-9608574,MegaMart Online,INV-2025-47175,Trigger switch failure,Trigger switch failure: the problem developed gradually with regular use.,Normal Wear and Tear,2025-01-18,2028-01-19,2026-02-04,2026-02-06,36,1,507.28,384,712,2,0.101,0,0,1,0,0,1,1,1,0,0,covered_defect,Valid Claim,2025-01-18,712,1
CLM-00972,PRD-00972,Home Appliances,KitchenPro,KitchenPro 30L,SN-KIT-8961084,Industrial Supply Direct,INV-2025-42452,Drum spin malfunction,Drum spin malfunction: the problem appeared after a power fluctuation.,Electrical Surge,2025-04-10,2027-04-11,2026-07-11,2026-07-12,24,0,743.91,458,273,1,0.692,0,0,1,0,0,1,1,1,1,0,covered_defect,Valid Claim,2025-04-10,273,0
CLM-00973,PRD-00973,Consumer Electronics,PixelCraft,ApexBook Pro 16,SN-PIX-2367513,Metro Hardware Centre,INV-2026-84159,Speaker malfunction,Speaker malfunction: the problem appeared after contact with water.,Water Ingress,2026-05-25,2029-05-25,2026-07-18,2026-07-25,36,1,504.28,61,1035,7,0.382,0,0,1,0,0,1,1,1,1,0,ambiguous_cause,Manual Review,2026-05-25,1035,0
CLM-00974,PRD-00974,Consumer Electronics,PixelCraft,VividTab 11,SN-PIX-3763980,National Appliance Depot,INV-2025-75786,Battery not charging,Battery not charging: the problem developed gradually with regular use.,Normal Wear and Tear,2025-02-18,2026-02-18,2026-01-17,2026-01-22,12,0,502.23,338,27,5,0.625,0,0,1,0,0,1,1,1,1,0,covered_defect,Valid Claim,2025-02-18,27,0
CLM-00975,PRD-00975,Consumer Electronics,ApexTech,VividTab 11,SN-APE-3238854,MegaMart Online,INV-2025-95281,Motherboard failure,Motherboard failure: the problem appeared after the unit was dropped.,Accidental Drop,2025-11-16,2026-11-16,2026-06-05,2026-06-12,12,0,538.78,208,157,7,0.492,0,0,1,0,0,1,1,1,1,0,ambiguous_cause,Manual Review,2025-11-16,157,0
CLM-00976,PRD-00976,Industrial Tools,HydraPower,IronForge Grinder 9,SN-HYD-4804223,Brand Flagship Store,INV-2022-49788,Seal failure,Seal failure: the problem developed gradually with regular use.,Normal Wear and Tear,2022-02-25,2025-02-25,2026-02-12,2026-02-13,36,0,579.03,1449,-353,1,0.772,0,0,1,0,0,1,1,1,1,0,expired,Invalid Claim,2022-02-25,0,0
CLM-00977,PRD-00977,Home Appliances,CleanCycle,AeroBreeze 1.5T,SN-CLE-2332972,Industrial Supply Direct,INV-2024-93572,Drum spin malfunction,Drum spin malfunction: the problem started without any external cause during normal use.,Manufacturing Defect,2024-04-25,2026-04-26,2026-04-04,2026-04-20,24,0,708.21,725,6,16,0.677,0,0,1,0,0,1,1,0,1,0,covered_defect,Valid Claim,2024-04-25,6,1
CLM-00978,PRD-00978,Industrial Tools,HydraPower,VoltEdge Saw 18V,SN-HYD-4492481,National Appliance Depot,INV-2024-59950,Seal failure,Seal failure: the problem started without any external cause during normal use.,Manufacturing Defect,2024-08-17,2026-08-18,2026-06-09,2026-06-15,24,0,812.7,667,64,6,0.73,0,0,1,0,0,1,1,1,1,0,covered_defect,Valid Claim,2024-08-17,64,0
CLM-00979,PRD-00979,Consumer Electronics,ApexTech,VividTab 11,SN-APE-4548468,MegaMart Online,INV-2025-22597,Battery not charging,Battery not charging: the problem appeared after a power fluctuation.,Electrical Surge,2025-05-10,2027-05-11,2026-07-21,2026-07-25,24,0,816.46,441,290,4,0.628,1,1,1,0,0,1,1,1,1,0,unauthorized_repair,Invalid Claim,2025-05-10,290,0
CLM-00980,PRD-00980,Home Appliances,FrostGuard,AeroBreeze 1.5T,SN-FRO-1163193,Metro Hardware Centre,INV-2023-43026,Drum spin malfunction,Drum spin malfunction: the problem started without any external cause during normal use.,Manufacturing Defect,2023-12-12,2026-12-12,2026-08-22,2026-08-22,36,0,606.73,984,112,0,0.718,1,0,1,0,0,1,1,1,0,0,covered_defect,Valid Claim,2023-12-12,112,1
CLM-00981,PRD-00981,Consumer Electronics,ApexTech,PixelWatch 3,SN-APE-8462989,MegaMart Online,INV-2026-63468,Touch panel unresponsive,Touch panel unresponsive: the problem started without any external cause during normal use.,Manufacturing Defect,2026-04-24,2028-04-24,2026-07-15,2026-07-17,24,0,133.39,84,647,2,0.867,1,0,1,0,0,1,1,1,1,0,covered_defect,Valid Claim,2026-04-24,647,0
CLM-00982,PRD-00982,Consumer Electronics,VividDisplay,VividTab 11,SN-VIV-3050300,National Appliance Depot,INV-2026-76763,Speaker malfunction,Speaker malfunction: the problem started without any external cause during normal use.,Manufacturing Defect,2026-04-17,2027-04-17,2026-05-30,2026-06-21,12,0,206.23,65,300,22,0.708,0,0,0,0,0,1,1,1,1,0,serial_mismatch,Invalid Claim,2026-04-17,300,0
CLM-00983,PRD-00983,Industrial Tools,VoltEdge,HydraPower Jack 5T,SN-VOL-6808165,National Appliance Depot,INV-2022-12630,Chuck bearing failure,Chuck bearing failure: the problem appeared after the unit was dropped.,Accidental Drop,2022-03-25,2026-03-25,2026-03-25,2026-03-26,48,1,1164.07,1462,-1,1,0.556,0,0,1,0,0,1,1,1,1,0,excluded_damage,Invalid Claim,2022-03-25,0,0
CLM-00984,PRD-00984,Home Appliances,AeroBreeze,FrostGuard 450L,SN-AER-1576766,Brand Flagship Store,INV-2023-26219,Water pump leakage,Water pump leakage: the problem has no obvious cause.,Unknown / Not Sure,2023-01-17,2026-01-17,2025-12-30,2026-01-02,36,0,620.87,1081,15,3,0.455,2,0,1,0,0,1,1,1,1,1,ambiguous_cause,Manual Review,2023-01-17,15,0
CLM-00985,PRD-00985,Consumer Electronics,NovaSound,ApexBook Pro 16,SN-NOV-7128598,Industrial Supply Direct,INV-2026-67180,Battery not charging,Battery not charging: the problem started without any external cause during normal use.,Manufacturing Defect,2026-03-22,2028-03-22,2026-05-22,2026-05-23,24,0,767.01,62,669,1,0.842,0,0,1,0,0,1,1,0,0,0,missing_documents,Manual Review,2026-03-22,669,2
CLM-00986,PRD-00986,Industrial Tools,IronForge,IronForge Grinder 9,SN-IRO-2102044,City Electronics Mall,INV-2025-87466,Trigger switch failure,Trigger switch failure: the problem appeared under heavy load.,Mechanical Stress,2025-01-19,2027-01-20,2026-04-24,2026-05-23,24,0,749.43,489,242,29,0.454,0,0,1,0,0,1,1,1,1,0,covered_defect,Valid Claim,2025-01-19,242,0
CLM-00987,PRD-00987,Home Appliances,KitchenPro,FrostGuard 450L,SN-KIT-5991974,City Electronics Mall,INV-2025-81253,PCB failure,PCB failure: the problem developed gradually with regular use.,Normal Wear and Tear,2025-07-17,2029-07-17,2026-08-08,2026-08-27,48,1,431.04,406,1055,19,0.379,0,0,1,0,0,1,1,1,1,0,covered_defect,Valid Claim,2025-07-17,1055,0
CLM-00988,PRD-00988,Industrial Tools,IronForge,HydraPower Jack 5T,SN-IRO-7903368,Industrial Supply Direct,INV-2024-15235,Seal failure,Seal failure: the problem developed gradually with regular use.,Normal Wear and Tear,2024-12-03,2026-12-04,2026-03-01,2026-03-07,24,0,565.56,459,272,6,0.816,0,0,1,0,0,1,1,1,1,0,covered_defect+noise,Invalid Claim,2024-12-03,272,0
CLM-00989,PRD-00989,Industrial Tools,TorqueMax,IronForge Grinder 9,SN-TOR-4936107,MegaMart Online,INV-2025-54814,Gearbox seizure,Gearbox seizure: the problem started without any external cause during normal use.,Manufacturing Defect,2025-05-21,2027-05-22,2026-03-06,2026-03-07,24,0,536.65,290,441,1,0.405,3,1,1,0,0,1,1,1,1,1,unauthorized_repair,Invalid Claim,2025-05-21,441,0
CLM-00990,PRD-00990,Home Appliances,AeroBreeze,FrostGuard 450L,SN-AER-7236338,MegaMart Online,INV-2024-98857,Compressor failure,Compressor failure: the problem developed gradually with regular use.,Normal Wear and Tear,2024-08-28,2026-08-29,2026-02-01,2026-02-04,24,0,488.42,525,206,3,0.595,0,0,1,0,0,1,1,1,0,0,covered_defect,Valid Claim,2024-08-28,206,1
CLM-00991,PRD-00991,Industrial Tools,IronForge,VoltEdge Saw 18V,SN-IRO-7601453,MegaMart Online,INV-2022-89052,Seal failure,Seal failure: the problem appeared after the unit was dropped.,Accidental Drop,2022-11-17,2026-11-17,2025-12-23,2026-01-10,48,1,612.17,1150,311,18,0.397,0,0,1,0,0,1,1,0,1,0,ambiguous_cause,Manual Review,2022-11-17,311,1
CLM-00992,PRD-00992,Home Appliances,FrostGuard,KitchenPro 30L,SN-FRO-2659250,Brand Flagship Store,INV-2023-96599,Compressor failure,Compressor failure: the problem started without any external cause during normal use.,Manufacturing Defect,2023-12-11,2026-12-11,2026-06-22,2026-07-18,36,1,710.36,950,146,26,0.908,0,0,1,0,0,0,1,1,1,0,missing_documents,Manual Review,2023-12-11,146,1
CLM-00993,PRD-00993,Home Appliances,AeroBreeze,AeroBreeze 1.5T,SN-AER-8174139,MegaMart Online,INV-2024-62473,Motor burnout,Motor burnout: the problem started without any external cause during normal use.,Manufacturing Defect,2024-09-20,2026-09-21,2026-04-14,2026-04-30,24,0,250.92,587,144,16,0.663,1,0,1,0,0,1,1,1,1,1,covered_defect,Valid Claim,2024-09-20,144,0
CLM-00994,PRD-00994,Home Appliances,KitchenPro,FrostGuard 450L,SN-KIT-1266768,City Electronics Mall,INV-2024-80283,PCB failure,PCB failure: the problem developed gradually with regular use.,Normal Wear and Tear,2024-07-15,2026-07-16,2025-12-21,2026-01-01,24,0,290.63,535,196,11,0.268,1,1,1,0,0,1,1,1,1,1,unauthorized_repair,Invalid Claim,2024-07-15,196,0
CLM-00995,PRD-00995,Home Appliances,FrostGuard,KitchenPro 30L,SN-FRO-3884888,National Appliance Depot,INV-2025-19133,Thermostat failure,Thermostat failure: the problem appeared after contact with water.,Water Ingress,2025-02-16,2028-02-17,2026-08-18,2026-08-22,36,0,1084.75,552,544,4,0.105,0,0,1,0,0,1,1,1,1,0,ambiguous_cause,Manual Review,2025-02-16,544,0
CLM-00996,PRD-00996,Industrial Tools,IronForge,IronForge Grinder 9,SN-IRO-4081907,Metro Hardware Centre,INV-2024-47140,Gearbox seizure,Gearbox seizure: the problem developed gradually with regular use.,Normal Wear and Tear,2024-12-27,2026-12-28,2026-04-01,2026-04-02,24,0,1308.95,461,270,1,0.477,0,0,1,0,0,1,1,1,1,0,covered_defect,Valid Claim,2024-12-27,270,0
CLM-00997,PRD-00997,Industrial Tools,VoltEdge,HydraPower Jack 5T,SN-VOL-1892018,Brand Flagship Store,INV-2024-85920,Gearbox seizure,Gearbox seizure: the problem started without any external cause during normal use.,Manufacturing Defect,2024-06-29,2026-06-30,2026-07-15,2026-07-15,24,0,772.73,746,-15,0,0.83,0,0,0,0,0,1,1,1,1,0,expired,Invalid Claim,2024-06-29,0,0
CLM-00998,PRD-00998,Consumer Electronics,PixelCraft,NovaPhone 12,SN-PIX-3789588,Industrial Supply Direct,INV-2025-97786,Screen flickering,Screen flickering: the problem started without any external cause during normal use.,Manufacturing Defect,2025-11-03,2026-11-03,2026-08-27,2026-08-29,12,0,744.06,299,66,2,0.921,1,1,1,0,0,1,0,1,1,1,unauthorized_repair,Invalid Claim,2025-11-03,66,1
CLM-00999,PRD-00999,Industrial Tools,HydraPower,TorqueMax HD Drill,SN-HYD-8338796,City Electronics Mall,INV-2023-12408,Armature burnout,Armature burnout: the problem started without any external cause during normal use.,Manufacturing Defect,2023-05-12,2026-05-12,2026-05-12,2026-05-21,36,0,499.46,1105,-9,9,0.733,3,0,1,0,0,0,1,1,1,1,grace_boundary,Manual Review,2023-05-12,0,1
CLM-01000,PRD-01000,Consumer Electronics,ApexTech,NovaPhone 12,SN-APE-9103405,National Appliance Depot,INV-2026-88158,Battery not charging,Battery not charging: the problem developed gradually with regular use.,Normal Wear and Tear,2026-03-16,2028-03-16,2026-08-06,2026-08-08,24,0,205.21,145,586,2,0.522,0,0,1,0,0,1,1,1,1,0,covered_defect,Valid Claim,2026-03-16,586,0
CLM-01001,PRD-01001,Consumer Electronics,VividDisplay,PixelWatch 3,SN-VIV-7228305,Metro Hardware Centre,INV-2025-38634,Wi-Fi/Bluetooth failure,Wi-Fi/Bluetooth failure: the problem appeared after contact with water.,Water Ingress,2025-06-11,2027-06-12,2026-09-15,2026-09-22,24,1,651.67,468,263,7,0.613,0,0,1,0,0,1,1,1,1,0,excluded_damage,Invalid Claim,2025-06-11,263,0
CLM-01002,PRD-01002,Home Appliances,FrostGuard,KitchenPro 30L,SN-FRO-5183443,MegaMart Online,INV-2023-61058,Motor burnout,Motor burnout: the problem has no obvious cause.,Unknown / Not Sure,2023-11-06,2025-11-06,2026-08-27,2026-09-11,24,0,1047.97,1040,-309,15,0.57,0,0,1,0,0,1,1,1,1,0,expired,Invalid Claim,2023-11-06,0,0
CLM-01003,PRD-01003,Industrial Tools,HydraPower,IronForge Grinder 9,SN-HYD-3042758,Metro Hardware Centre,INV-2023-41454,Armature burnout,Armature burnout: the problem started without any external cause during normal use.,Manufacturing Defect,2023-12-07,2026-12-07,2026-03-31,2026-04-01,36,0,948.74,846,250,1,0.492,2,0,1,0,0,1,1,1,1,1,repeat_repairs,Manual Review,2023-12-07,250,0
CLM-01004,PRD-01004,Industrial Tools,HydraPower,VoltEdge Saw 18V,SN-HYD-9103890,Brand Flagship Store,INV-2024-24597,Seal failure,Seal failure: the problem started without any external cause during normal use.,Manufacturing Defect,2024-06-26,2026-06-27,2026-06-13,2026-06-27,24,0,374.62,731,0,14,0.95,0,0,1,0,0,1,1,1,0,0,covered_defect,Valid Claim,2024-06-26,0,1
CLM-01005,PRD-01005,Consumer Electronics,PixelCraft,PixelWatch 3,SN-PIX-8412522,Metro Hardware Centre,INV-2025-68264,Motherboard failure,Motherboard failure: the problem started without any external cause during normal use.,Manufacturing Defect,2025-06-11,2027-06-12,2026-06-03,2026-06-03,24,1,161.98,357,374,0,0.988,0,0,1,0,0,1,1,1,1,0,covered_defect,Valid Claim,2025-06-11,374,0
CLM-01006,PRD-01006,Consumer Electronics,VividDisplay,PixelWatch 3,SN-VIV-3078142,Brand Flagship Store,INV-2024-75039,Wi-Fi/Bluetooth failure,Wi-Fi/Bluetooth failure: the problem started without any external cause during normal use.,Manufacturing Defect,2024-04-09,2026-04-10,2026-01-25,2026-01-27,24,0,1227.55,658,73,2,0.623,0,0,1,0,0,1,1,1,0,0,covered_defect,Valid Claim,2024-04-09,73,1
CLM-01007,PRD-01007,Consumer Electronics,ApexTech,ApexBook Pro 16,SN-APE-8879429,National Appliance Depot,INV-2025-96198,Motherboard failure,Motherboard failure: the problem appeared after the unit was dropped.,Accidental Drop,2025-06-09,2026-06-09,2026-03-21,2026-03-21,12,0,428.29,285,80,0,0.659,1,0,1,0,0,1,0,1,1,1,excluded_damage,Invalid Claim,2025-06-09,80,1
CLM-01008,PRD-01008,Home Appliances,AeroBreeze,KitchenPro 30L,SN-AER-7598678,MegaMart Online,INV-2025-65417,Thermostat failure,Thermostat failure: the problem started without any external cause during normal use.,Manufacturing Defect,2025-06-07,2029-06-07,2026-08-29,2026-09-02,48,1,443.07,452,1009,4,0.868,0,0,1,0,0,1,1,1,1,0,covered_defect,Valid Claim,2025-06-07,1009,0
CLM-01009,PRD-01009,Industrial Tools,IronForge,HydraPower Jack 5T,SN-IRO-3072623,City Electronics Mall,INV-2025-36702,Chuck bearing failure,Chuck bearing failure: the problem started without any external cause during normal use.,Manufacturing Defect,2025-09-06,2028-09-06,2026-03-18,2026-03-21,36,1,725.71,196,900,3,0.989,0,0,1,0,0,1,1,0,1,0,covered_defect,Valid Claim,2025-09-06,900,1
CLM-01010,PRD-01010,Industrial Tools,TorqueMax,VoltEdge Saw 18V,SN-TOR-2430043,Metro Hardware Centre,INV-2025-27314,Seal failure,Seal failure: the problem appeared under heavy load.,Mechanical Stress,2025-12-11,2027-12-12,2026-08-19,2026-08-31,24,0,1069.45,263,468,12,0.591,1,0,1,0,0,1,1,1,0,1,covered_defect,Valid Claim,2025-12-11,468,1
CLM-01011,PRD-01011,Industrial Tools,HydraPower,HydraPower Jack 5T,SN-HYD-8016309,Brand Flagship Store,INV-2025-10286,Seal failure,Seal failure: the problem developed gradually with regular use.,Normal Wear and Tear,2025-11-04,2027-11-05,2026-01-15,2026-02-03,24,0,1013.65,91,640,19,0.379,1,1,1,0,0,1,1,1,1,1,unauthorized_repair,Invalid Claim,2025-11-04,640,0
CLM-01012,PRD-01012,Consumer Electronics,ApexTech,PixelWatch 3,SN-APE-2637530,National Appliance Depot,INV-2025-27078,Battery not charging,Battery not charging: the problem appeared under heavy load.,Mechanical Stress,2025-04-13,2026-04-13,2026-03-20,2026-03-22,12,0,299.73,343,22,2,0.796,0,0,1,0,0,1,0,1,1,0,covered_defect,Valid Claim,2025-04-13,22,1
CLM-01013,PRD-01013,Home Appliances,KitchenPro,FrostGuard 450L,SN-KIT-3824620,National Appliance Depot,INV-2025-34552,Water pump leakage,Water pump leakage: the problem appeared under heavy load.,Mechanical Stress,2025-03-21,2027-03-22,2026-07-22,2026-08-08,24,0,624.75,505,226,17,0.685,0,0,1,0,0,1,1,1,1,0,covered_defect,Valid Claim,2025-03-21,226,0
CLM-01014,PRD-01014,Consumer Electronics,ApexTech,ApexBook Pro 16,SN-APE-9375021,Brand Flagship Store,INV-2024-37530,Battery not charging,Battery not charging: the problem started without any external cause during normal use.,Manufacturing Defect,2024-06-21,2026-06-22,2025-12-30,2026-01-13,24,0,549.98,571,160,14,0.857,0,0,1,0,0,0,1,1,1,0,missing_documents,Manual Review,2024-06-21,160,1
CLM-01015,PRD-01015,Consumer Electronics,NovaSound,NovaPhone 12,SN-NOV-1521136,Brand Flagship Store,INV-2024-24844,Battery not charging,Battery not charging: the problem appeared after a power fluctuation.,Electrical Surge,2024-08-02,2026-08-03,2026-08-23,2026-08-31,24,0,987.27,759,-28,8,0.576,0,0,1,0,0,1,1,1,1,0,expired+noise,Manual Review,2024-08-02,0,0
CLM-01016,PRD-01016,Consumer Electronics,ApexTech,ApexBook Pro 16,SN-APE-6268598,National Appliance Depot,INV-2024-96169,Wi-Fi/Bluetooth failure,Wi-Fi/Bluetooth failure: the problem started without any external cause during normal use.,Manufacturing Defect,2024-07-01,2027-07-02,2026-03-23,2026-03-29,36,1,319.44,636,460,6,0.483,1,0,1,0,0,1,1,1,1,1,covered_defect,Valid Claim,2024-07-01,460,0
CLM-01017,PRD-01017,Industrial Tools,HydraPower,TorqueMax HD Drill,SN-HYD-4827442,MegaMart Online,INV-2022-85693,Armature burnout,Armature burnout: the problem started without any external cause during normal use.,Manufacturing Defect,2022-08-13,2025-08-13,2026-04-08,2026-04-23,36,1,831.16,1349,-253,15,0.922,0,0,1,0,0,0,1,0,1,0,expired+noise,Manual Review,2022-08-13,0,2
CLM-01018,PRD-01018,Industrial Tools,IronForge,VoltEdge Saw 18V,SN-IRO-9123808,National Appliance Depot,INV-2023-47243,Trigger switch failure,Trigger switch failure: the problem appeared after the unit was dropped.,Accidental Drop,2023-09-03,2025-09-03,2026-01-28,2026-03-09,24,0,1481.85,918,-187,40,0.28,0,0,1,0,0,1,1,1,1,0,expired,Invalid Claim,2023-09-03,0,0
CLM-01019,PRD-01019,Consumer Electronics,VividDisplay,VividTab 11,SN-VIV-7580474,MegaMart Online,INV-2025-82629,Motherboard failure,Motherboard failure: the problem appeared under heavy load.,Mechanical Stress,2025-08-07,2026-08-07,2025-07-10,2026-08-22,12,0,1976.47,380,-15,408,0.511,0,0,1,0,1,1,1,1,0,0,expired,Invalid Claim,2025-08-07,0,1
CLM-01020,PRD-01020,Industrial Tools,TorqueMax,TorqueMax HD Drill,SN-TOR-4117660,Industrial Supply Direct,INV-2023-81421,Gearbox seizure,Gearbox seizure: the problem appeared under heavy load.,Mechanical Stress,2023-07-23,2026-07-23,2026-07-12,2026-07-13,36,0,912.71,1086,10,1,0.569,1,0,1,0,0,1,1,1,1,1,covered_defect,Valid Claim,2023-07-23,10,0
CLM-01021,PRD-01021,Consumer Electronics,PixelCraft,NovaPods Max,SN-PIX-9071699,MegaMart Online,INV-2025-76227,Screen flickering,Screen flickering: the problem has no obvious cause.,Unknown / Not Sure,2025-11-06,2027-11-07,2026-07-03,2026-07-05,24,0,899.81,241,490,2,0.471,0,0,1,0,0,1,1,0,1,0,ambiguous_cause,Manual Review,2025-11-06,490,1
CLM-01022,PRD-01022,Home Appliances,AeroBreeze,AeroBreeze 1.5T,SN-AER-8069330,Industrial Supply Direct,INV-2024-57892,Compressor failure,Compressor failure: the problem started without any external cause during normal use.,Manufacturing Defect,2024-04-23,2028-04-23,2026-01-08,2026-01-25,48,1,836.54,642,819,17,0.756,0,0,1,0,0,1,1,1,1,0,covered_defect,Valid Claim,2024-04-23,819,0
CLM-01023,PRD-01023,Home Appliances,KitchenPro,KitchenPro 30L,SN-KIT-7628604,Metro Hardware Centre,INV-2024-82655,Drum spin malfunction,Drum spin malfunction: the problem started without any external cause during normal use.,Manufacturing Defect,2024-04-01,2026-04-02,2026-03-30,2026-04-14,24,0,400.88,743,-12,15,0.861,0,0,1,0,0,0,1,1,1,0,grace_boundary,Manual Review,2024-04-01,0,1
CLM-01024,PRD-01024,Consumer Electronics,NovaSound,NovaPhone 12,SN-NOV-4346695,Brand Flagship Store,INV-2024-73357,Speaker malfunction,Speaker malfunction: the problem started without any external cause during normal use.,Manufacturing Defect,2024-11-08,2025-11-08,2026-02-10,2026-02-15,12,0,537.0,464,-99,5,0.652,0,0,1,1,0,1,1,1,1,0,expired,Invalid Claim,2024-11-08,0,0
CLM-01025,PRD-01025,Consumer Electronics,PixelCraft,VividTab 11,SN-PIX-8133051,City Electronics Mall,INV-2025-23930,Wi-Fi/Bluetooth failure,Wi-Fi/Bluetooth failure: the problem appeared after a power fluctuation.,Electrical Surge,2025-07-03,2027-07-04,2026-02-16,2026-02-22,24,0,2736.59,234,497,6,0.342,1,0,1,0,0,1,1,1,1,0,ambiguous_cause,Manual Review,2025-07-03,497,0
CLM-01026,PRD-01026,Consumer Electronics,VividDisplay,ApexBook Pro 16,SN-VIV-7811148,Metro Hardware Centre,INV-2025-85523,Motherboard failure,Motherboard failure: the problem started without any external cause during normal use.,Manufacturing Defect,2025-12-14,2027-12-15,2026-02-17,2026-02-17,24,0,394.46,65,666,0,0.811,0,0,1,1,0,1,1,1,1,0,possible_duplicate,Manual Review,2025-12-14,666,0
CLM-01027,PRD-01027,Home Appliances,FrostGuard,AeroBreeze 1.5T,SN-FRO-4697244,National Appliance Depot,INV-2023-16607,Water pump leakage,Water pump leakage: the problem appeared after a power fluctuation.,Electrical Surge,2023-04-06,2026-04-06,2026-03-31,2026-03-31,36,0,1131.08,1090,6,0,0.635,0,0,1,0,0,1,1,1,1,0,covered_defect,Valid Claim,2023-04-06,6,0
CLM-01028,PRD-01028,Industrial Tools,IronForge,VoltEdge Saw 18V,SN-IRO-5171808,MegaMart Online,INV-2024-96150,Gearbox seizure,Gearbox seizure: the problem appeared after a power fluctuation.,Electrical Surge,2024-12-13,2027-12-14,2026-07-28,2026-07-28,36,1,872.69,592,504,0,0.63,0,0,1,0,0,1,1,1,1,0,covered_defect,Valid Claim,2024-12-13,504,0
CLM-01029,PRD-01029,Consumer Electronics,ApexTech,NovaPods Max,SN-APE-3656733,Industrial Supply Direct,INV-2025-36774,Speaker malfunction,Speaker malfunction: the problem appeared after a power fluctuation.,Electrical Surge,2025-12-10,2026-12-10,2026-08-21,2026-08-21,12,0,455.71,254,111,0,0.456,0,0,1,0,0,0,0,1,1,0,missing_documents+noise,Invalid Claim,2025-12-10,111,2
CLM-01030,PRD-01030,Consumer Electronics,NovaSound,PixelWatch 3,SN-NOV-5582162,City Electronics Mall,INV-2024-17848,Battery not charging,Battery not charging: the problem appeared after the unit was dropped.,Accidental Drop,2024-12-04,2026-12-05,2026-05-29,2026-05-31,24,0,464.45,543,188,2,0.494,0,0,1,0,0,1,1,1,1,0,ambiguous_cause,Manual Review,2024-12-04,188,0
CLM-01031,PRD-01031,Consumer Electronics,VividDisplay,PixelWatch 3,SN-VIV-5079574,Industrial Supply Direct,INV-2023-85452,Battery not charging,Battery not charging: the problem developed gradually with regular use.,Normal Wear and Tear,2023-03-20,2026-03-20,2026-04-25,2026-05-14,36,1,292.22,1151,-55,19,0.54,2,1,1,0,0,1,1,1,1,1,expired+noise,Manual Review,2023-03-20,0,0
CLM-01032,PRD-01032,Home Appliances,KitchenPro,FrostGuard 450L,SN-KIT-5559572,City Electronics Mall,INV-2022-58528,PCB failure,PCB failure: the problem appeared after a power fluctuation.,Electrical Surge,2022-02-03,2025-02-03,2026-01-24,2026-02-07,36,1,649.5,1465,-369,14,0.8,1,0,1,0,0,1,1,1,1,1,expired,Invalid Claim,2022-02-03,0,0
CLM-01033,PRD-01033,Home Appliances,AeroBreeze,AeroBreeze 1.5T,SN-AER-8237794,MegaMart Online,INV-2024-84877,Motor burnout,Motor burnout: the problem developed gradually with regular use.,Normal Wear and Tear,2024-11-22,2028-11-22,2026-04-16,2026-04-16,48,1,1831.12,510,951,0,0.62,2,1,1,0,0,1,1,1,1,0,unauthorized_repair,Invalid Claim,2024-11-22,951,0
CLM-01034,PRD-01034,Consumer Electronics,ApexTech,NovaPhone 12,SN-APE-7745563,Brand Flagship Store,INV-2024-64730,Screen flickering,Screen flickering: the problem started without any external cause during normal use.,Manufacturing Defect,2024-08-22,2026-08-23,2026-08-17,2026-08-23,24,0,525.31,731,0,6,0.673,1,1,1,0,0,1,1,1,1,1,unauthorized_repair+noise,Valid Claim,2024-08-22,0,0
CLM-01035,PRD-01035,Industrial Tools,HydraPower,TorqueMax HD Drill,SN-HYD-4708247,Industrial Supply Direct,INV-2025-75345,Trigger switch failure,Trigger switch failure: the problem started without any external cause during normal use.,Manufacturing Defect,2025-03-28,2028-03-28,2026-02-23,2026-03-04,36,0,958.66,341,755,9,0.802,2,0,0,0,0,1,1,1,1,1,serial_mismatch,Invalid Claim,2025-03-28,755,0
CLM-01036,PRD-01036,Consumer Electronics,ApexTech,PixelWatch 3,SN-APE-8880328,City Electronics Mall,INV-2025-79051,Speaker malfunction,Speaker malfunction: the problem started without any external cause during normal use.,Manufacturing Defect,2025-04-30,2027-05-01,2026-08-07,2026-08-20,24,0,1329.08,477,254,13,0.864,0,0,1,0,0,1,1,1,1,0,covered_defect,Valid Claim,2025-04-30,254,0
CLM-01037,PRD-01037,Consumer Electronics,ApexTech,NovaPhone 12,SN-APE-9632181,National Appliance Depot,INV-2023-71260,Screen flickering,Screen flickering: the problem started without any external cause during normal use.,Manufacturing Defect,2023-09-14,2025-09-14,2023-08-11,2026-05-21,24,1,730.95,980,-249,1014,0.752,0,0,1,0,1,1,1,1,1,0,expired,Invalid Claim,2023-09-14,0,0
CLM-01038,PRD-01038,Home Appliances,CleanCycle,AeroBreeze 1.5T,SN-CLE-5157775,National Appliance Depot,INV-2024-46339,PCB failure,PCB failure: the problem appeared after the unit was dropped.,Accidental Drop,2024-01-03,2026-01-03,2023-11-30,2026-06-12,24,0,378.57,891,-160,925,0.38,0,0,1,0,1,1,1,1,1,0,expired,Invalid Claim,2024-01-03,0,0
CLM-01039,PRD-01039,Home Appliances,AeroBreeze,AeroBreeze 1.5T,SN-AER-6069988,Brand Flagship Store,INV-2024-46028,Thermostat failure,Thermostat failure: the problem started without any external cause during normal use.,Manufacturing Defect,2024-07-18,2026-07-19,2026-07-25,2026-07-27,24,0,507.42,739,-8,2,0.901,0,0,1,0,0,1,1,1,1,0,grace_boundary,Manual Review,2024-07-18,0,0
CLM-01040,PRD-01040,Consumer Electronics,PixelCraft,NovaPods Max,SN-PIX-9549306,City Electronics Mall,INV-2026-23431,Battery not charging,Battery not charging: the problem appeared after a power fluctuation.,Electrical Surge,2026-03-08,2027-03-08,2026-05-10,2026-05-12,12,0,497.55,65,300,2,0.691,1,0,1,0,0,1,1,0,1,1,excluded_damage,Invalid Claim,2026-03-08,300,1
CLM-01041,PRD-01041,Home Appliances,AeroBreeze,CleanCycle 8kg,SN-AER-1977825,Metro Hardware Centre,INV-2025-16098,Thermostat failure,Thermostat failure: the problem appeared under heavy load.,Mechanical Stress,2025-04-11,2027-04-12,2026-09-06,2026-09-13,24,0,620.77,520,211,7,0.806,1,0,1,0,0,1,1,1,1,1,covered_defect,Valid Claim,2025-04-11,211,0
CLM-01042,PRD-01042,Consumer Electronics,ApexTech,NovaPhone 12,SN-APE-7129495,City Electronics Mall,INV-2024-56147,Battery not charging,Battery not charging: the problem developed gradually with regular use.,Normal Wear and Tear,2024-07-31,2025-07-31,2026-01-01,2026-01-03,12,0,357.95,521,-156,2,0.5,0,0,1,0,0,1,1,1,0,0,expired,Invalid Claim,2024-07-31,0,1
CLM-01043,PRD-01043,Consumer Electronics,NovaSound,PixelWatch 3,SN-NOV-8863186,Metro Hardware Centre,INV-2025-54644,Battery not charging,Battery not charging: the problem developed gradually with regular use.,Normal Wear and Tear,2025-01-12,2027-01-13,2026-03-31,2026-04-02,24,1,929.58,445,286,2,0.21,3,1,1,0,0,1,0,1,1,1,unauthorized_repair,Invalid Claim,2025-01-12,286,1
CLM-01044,PRD-01044,Consumer Electronics,ApexTech,VividTab 11,SN-APE-5615405,National Appliance Depot,INV-2025-56849,Wi-Fi/Bluetooth failure,Wi-Fi/Bluetooth failure: the problem started without any external cause during normal use.,Manufacturing Defect,2025-03-18,2027-03-19,2026-01-18,2026-01-18,24,0,872.99,306,425,0,0.837,0,0,1,0,0,1,1,1,1,0,covered_defect,Valid Claim,2025-03-18,425,0
CLM-01045,PRD-01045,Consumer Electronics,PixelCraft,NovaPhone 12,SN-PIX-9358627,Brand Flagship Store,INV-2025-47669,Battery not charging,Battery not charging: the problem started without any external cause during normal use.,Manufacturing Defect,2025-11-16,2027-11-17,2026-05-20,2026-05-20,24,0,1214.98,185,546,0,0.589,0,0,1,0,0,1,1,1,1,0,covered_defect,Valid Claim,2025-11-16,546,0
CLM-01046,PRD-01046,Home Appliances,AeroBreeze,AeroBreeze 1.5T,SN-AER-7443989,Industrial Supply Direct,INV-2022-17106,Drum spin malfunction,Drum spin malfunction: the problem appeared under heavy load.,Mechanical Stress,2022-05-07,2026-05-07,2026-05-06,2026-05-17,48,1,1396.26,1471,-10,11,0.516,0,0,1,0,0,1,1,1,1,0,grace_boundary,Manual Review,2022-05-07,0,0
CLM-01047,PRD-01047,Industrial Tools,HydraPower,IronForge Grinder 9,SN-HYD-9961067,MegaMart Online,INV-2023-77475,Trigger switch failure,Trigger switch failure: the problem started without any external cause during normal use.,Manufacturing Defect,2023-05-01,2026-05-01,2026-06-10,2026-06-20,36,0,835.11,1146,-50,10,0.645,0,0,1,0,0,1,1,1,1,0,expired,Invalid Claim,2023-05-01,0,0
CLM-01048,PRD-01048,Home Appliances,AeroBreeze,KitchenPro 30L,SN-AER-7286628,National Appliance Depot,INV-2024-64790,Thermostat failure,Thermostat failure: the problem appeared after a power fluctuation.,Electrical Surge,2024-08-10,2026-08-11,2026-08-27,2026-08-29,24,0,402.07,749,-18,2,0.482,0,0,1,0,0,1,1,0,1,0,expired,Invalid Claim,2024-08-10,0,1
CLM-01049,PRD-01049,Industrial Tools,HydraPower,VoltEdge Saw 18V,SN-HYD-6525087,Industrial Supply Direct,INV-2025-87899,Chuck bearing failure,Chuck bearing failure: the problem appeared after the unit was dropped.,Accidental Drop,2025-12-25,2027-12-26,2026-02-05,2026-02-09,24,0,520.49,46,685,4,0.467,0,0,1,0,0,1,1,1,1,0,ambiguous_cause,Manual Review,2025-12-25,685,0
CLM-01050,PRD-01050,Home Appliances,AeroBreeze,KitchenPro 30L,SN-AER-6504248,National Appliance Depot,INV-2023-26905,Water pump leakage,Water pump leakage: the problem appeared under heavy load.,Mechanical Stress,2023-05-29,2026-05-29,2026-05-26,2026-05-27,36,1,510.89,1094,2,1,0.576,0,0,1,0,0,1,1,1,1,0,covered_defect,Valid Claim,2023-05-29,2,0
CLM-01051,PRD-01051,Home Appliances,FrostGuard,AeroBreeze 1.5T,SN-FRO-7422458,Industrial Supply Direct,INV-2023-99925,Compressor failure,Compressor failure: the problem started without any external cause during normal use.,Manufacturing Defect,2023-12-31,2025-12-31,2026-07-02,2026-07-02,24,0,639.09,914,-183,0,0.535,1,1,1,0,0,1,1,1,0,0,expired,Invalid Claim,2023-12-31,0,1
CLM-01052,PRD-01052,Consumer Electronics,VividDisplay,NovaPods Max,SN-VIV-9319778,Metro Hardware Centre,INV-2024-62500,Speaker malfunction,Speaker malfunction: the problem appeared after a power fluctuation.,Electrical Surge,2024-10-08,2026-10-09,2026-09-10,2026-09-22,24,0,457.39,714,17,12,0.193,0,0,1,0,0,1,1,1,1,0,ambiguous_cause,Manual Review,2024-10-08,17,0
CLM-01053,PRD-01053,Industrial Tools,TorqueMax,VoltEdge Saw 18V,SN-TOR-6090303,Industrial Supply Direct,INV-2024-68958,Trigger switch failure,Trigger switch failure: the problem has no obvious cause.,Unknown / Not Sure,2024-07-09,2026-07-10,2026-07-15,2026-07-15,24,0,276.6,736,-5,0,0.606,0,0,1,0,0,1,1,1,1,0,grace_boundary,Manual Review,2024-07-09,0,0
CLM-01054,PRD-01054,Industrial Tools,HydraPower,IronForge Grinder 9,SN-HYD-3374637,Industrial Supply Direct,INV-2024-50179,Chuck bearing failure,Chuck bearing failure: the problem appeared under heavy load.,Mechanical Stress,2024-01-18,2027-01-18,2026-06-23,2026-06-23,36,0,78.65,887,209,0,0.603,1,1,1,0,0,1,1,1,0,1,unauthorized_repair,Invalid Claim,2024-01-18,209,1
CLM-01055,PRD-01055,Home Appliances,AeroBreeze,AeroBreeze 1.5T,SN-AER-9243722,MegaMart Online,INV-2024-17251,Compressor failure,Compressor failure: the problem developed gradually with regular use.,Normal Wear and Tear,2024-12-06,2026-12-07,2026-02-07,2026-02-10,24,0,534.83,431,300,3,0.398,0,0,1,0,0,1,1,1,1,0,covered_defect,Valid Claim,2024-12-06,300,0
CLM-01056,PRD-01056,Industrial Tools,TorqueMax,IronForge Grinder 9,SN-TOR-9578376,City Electronics Mall,INV-2025-43207,Chuck bearing failure,Chuck bearing failure: the problem developed gradually with regular use.,Normal Wear and Tear,2025-01-30,2027-01-31,2026-01-24,2026-02-02,24,0,684.99,368,363,9,0.274,0,0,1,0,0,1,0,1,1,0,covered_defect,Valid Claim,2025-01-30,363,1
CLM-01057,PRD-01057,Industrial Tools,HydraPower,VoltEdge Saw 18V,SN-HYD-9906008,National Appliance Depot,INV-2024-19188,Chuck bearing failure,Chuck bearing failure: the problem appeared after a power fluctuation.,Electrical Surge,2024-07-20,2027-07-21,2026-05-25,2026-05-27,36,0,414.62,676,420,2,0.55,1,0,1,0,0,1,1,1,1,1,covered_defect,Valid Claim,2024-07-20,420,0
CLM-01058,PRD-01058,Home Appliances,AeroBreeze,KitchenPro 30L,SN-AER-1341743,Brand Flagship Store,INV-2025-85557,Water pump leakage,Water pump leakage: the problem developed gradually with regular use.,Normal Wear and Tear,2025-08-14,2027-08-15,2026-02-15,2026-02-18,24,0,610.35,188,543,3,0.241,0,0,1,0,0,1,1,1,1,0,covered_defect,Valid Claim,2025-08-14,543,0
CLM-01059,PRD-01059,Home Appliances,KitchenPro,KitchenPro 30L,SN-KIT-1540829,National Appliance Depot,INV-2022-94607,Compressor failure,Compressor failure: the problem started without any external cause during normal use.,Manufacturing Defect,2022-09-04,2025-09-04,2026-05-29,2026-05-29,36,0,582.65,1363,-267,0,0.77,0,0,1,0,0,0,1,1,1,0,expired,Invalid Claim,2022-09-04,0,1
CLM-01060,PRD-01060,Industrial Tools,TorqueMax,TorqueMax HD Drill,SN-TOR-7511687,MegaMart Online,INV-2024-24994,Seal failure,Seal failure: the problem appeared under heavy load.,Mechanical Stress,2024-03-08,2026-03-09,2026-02-18,2026-02-18,24,0,633.13,712,19,0,0.752,1,0,1,0,0,0,1,1,1,1,missing_documents,Manual Review,2024-03-08,19,1
CLM-01061,PRD-01061,Consumer Electronics,VividDisplay,PixelWatch 3,SN-VIV-5583326,Industrial Supply Direct,INV-2024-81164,Battery not charging,Battery not charging: the problem appeared after the unit was dropped.,Accidental Drop,2024-06-15,2026-06-16,2026-06-16,2026-06-18,24,0,1060.28,733,-2,2,0.449,0,0,1,0,0,1,1,1,1,0,grace_boundary,Manual Review,2024-06-15,0,0
CLM-01062,PRD-01062,Consumer Electronics,PixelCraft,NovaPods Max,SN-PIX-8490302,National Appliance Depot,INV-2023-81178,Touch panel unresponsive,Touch panel unresponsive: the problem started without any external cause during normal use.,Manufacturing Defect,2023-05-14,2025-05-14,2026-05-26,2026-06-01,24,0,223.3,1114,-383,6,0.969,0,0,1,0,0,1,1,1,1,0,expired,Invalid Claim,2023-05-14,0,0
CLM-01063,PRD-01063,Consumer Electronics,ApexTech,VividTab 11,SN-APE-1752192,Metro Hardware Centre,INV-2024-90297,Screen flickering,Screen flickering: the problem appeared after the unit was dropped.,Accidental Drop,2024-03-04,2026-03-05,2026-08-01,2026-08-03,24,0,508.2,882,-151,2,0.57,0,0,1,0,0,1,1,1,1,0,expired,Invalid Claim,2024-03-04,0,0
CLM-01064,PRD-01064,Consumer Electronics,ApexTech,NovaPhone 12,SN-APE-6545680,Metro Hardware Centre,INV-2024-79644,Wi-Fi/Bluetooth failure,Wi-Fi/Bluetooth failure: the problem started without any external cause during normal use.,Manufacturing Defect,2024-11-27,2026-11-28,2026-02-08,2026-02-10,24,0,1148.04,440,291,2,0.536,0,0,1,0,0,1,1,1,1,0,covered_defect,Valid Claim,2024-11-27,291,0
CLM-01065,PRD-01065,Home Appliances,FrostGuard,FrostGuard 450L,SN-FRO-6121697,Metro Hardware Centre,INV-2025-32787,Drum spin malfunction,Drum spin malfunction: the problem started without any external cause during normal use.,Manufacturing Defect,2025-03-29,2028-03-29,2026-03-11,2026-03-14,36,0,867.23,350,746,3,0.724,2,1,1,0,0,1,1,1,0,1,unauthorized_repair,Invalid Claim,2025-03-29,746,1
CLM-01066,PRD-01066,Home Appliances,KitchenPro,AeroBreeze 1.5T,SN-KIT-6128743,National Appliance Depot,INV-2024-74989,Motor burnout,Motor burnout: the problem started without any external cause during normal use.,Manufacturing Defect,2024-02-12,2026-02-12,2026-01-25,2026-01-25,24,0,3312.16,713,18,0,0.72,1,0,1,0,0,1,0,1,0,0,missing_documents,Manual Review,2024-02-12,18,2
CLM-01067,PRD-01067,Industrial Tools,HydraPower,TorqueMax HD Drill,SN-HYD-8812282,MegaMart Online,INV-2023-93073,Armature burnout,Armature burnout: the problem developed gradually with regular use.,Normal Wear and Tear,2023-07-08,2026-07-08,2026-03-29,2026-04-11,36,0,591.57,1008,88,13,0.277,0,0,1,0,0,1,1,1,1,0,covered_defect,Valid Claim,2023-07-08,88,0
CLM-01068,PRD-01068,Consumer Electronics,VividDisplay,PixelWatch 3,SN-VIV-3658120,National Appliance Depot,INV-2026-81525,Wi-Fi/Bluetooth failure,Wi-Fi/Bluetooth failure: the problem started without any external cause during normal use.,Manufacturing Defect,2026-07-01,2028-07-01,2026-08-01,2026-08-01,24,1,984.46,31,700,0,0.574,0,0,1,0,0,1,1,1,0,0,covered_defect,Valid Claim,2026-07-01,700,1
CLM-01069,PRD-01069,Consumer Electronics,PixelCraft,NovaPods Max,SN-PIX-5321647,MegaMart Online,INV-2024-22383,Touch panel unresponsive,Touch panel unresponsive: the problem appeared after a power fluctuation.,Electrical Surge,2024-07-18,2026-07-19,2026-09-14,2026-09-19,24,0,437.93,793,-62,5,0.398,0,0,1,0,0,1,1,1,0,0,expired+noise,Manual Review,2024-07-18,0,1
CLM-01070,PRD-01070,Industrial Tools,VoltEdge,TorqueMax HD Drill,SN-VOL-1196899,City Electronics Mall,INV-2025-28093,Chuck bearing failure,Chuck bearing failure: the problem appeared under heavy load.,Mechanical Stress,2025-01-16,2028-01-17,2026-08-12,2026-08-13,36,0,337.44,574,522,1,0.857,0,0,1,1,0,1,1,1,1,0,possible_duplicate,Manual Review,2025-01-16,522,0
CLM-01071,PRD-01071,Home Appliances,FrostGuard,KitchenPro 30L,SN-FRO-1825513,National Appliance Depot,INV-2022-70073,Motor burnout,Motor burnout: the problem developed gradually with regular use.,Normal Wear and Tear,2022-10-03,2025-10-03,2026-02-09,2026-02-15,36,0,489.72,1231,-135,6,0.534,0,0,1,1,0,1,1,1,1,0,expired,Invalid Claim,2022-10-03,0,0
CLM-01072,PRD-01072,Home Appliances,CleanCycle,CleanCycle 8kg,SN-CLE-3748434,National Appliance Depot,INV-2025-51559,Water pump leakage,Water pump leakage: the problem developed gradually with regular use.,Normal Wear and Tear,2025-11-21,2028-11-21,2026-06-04,2026-06-11,36,0,553.06,202,894,7,0.712,4,0,1,0,0,1,1,1,1,1,repeat_repairs,Manual Review,2025-11-21,894,0
CLM-01073,PRD-01073,Consumer Electronics,ApexTech,VividTab 11,SN-APE-6266104,Metro Hardware Centre,INV-2024-80215,Touch panel unresponsive,Touch panel unresponsive: the problem appeared after a power fluctuation.,Electrical Surge,2024-08-08,2025-08-08,2026-04-14,2026-04-19,12,0,929.65,619,-254,5,0.34,0,0,1,0,0,0,1,1,1,0,expired,Invalid Claim,2024-08-08,0,1
CLM-01074,PRD-01074,Home Appliances,KitchenPro,CleanCycle 8kg,SN-KIT-4360740,National Appliance Depot,INV-2024-75783,Compressor failure,Compressor failure: the problem appeared after a power fluctuation.,Electrical Surge,2024-08-13,2026-08-14,2026-08-13,2026-08-28,24,0,200.12,745,-14,15,0.641,0,0,1,0,0,1,1,1,1,0,grace_boundary,Manual Review,2024-08-13,0,0
CLM-01075,PRD-01075,Industrial Tools,VoltEdge,TorqueMax HD Drill,SN-VOL-8773746,MegaMart Online,INV-2025-65658,Armature burnout,Armature burnout: the problem appeared under heavy load.,Mechanical Stress,2025-04-02,2027-04-03,2026-07-21,2026-08-05,24,0,467.41,490,241,15,0.487,0,0,0,0,0,1,1,1,1,0,serial_mismatch,Invalid Claim,2025-04-02,241,0
CLM-01076,PRD-01076,Industrial Tools,IronForge,IronForge Grinder 9,SN-IRO-3574860,MegaMart Online,INV-2024-60676,Armature burnout,Armature burnout: the problem developed gradually with regular use.,Normal Wear and Tear,2024-09-17,2027-09-18,2026-05-17,2026-06-13,36,0,691.12,634,462,27,0.491,2,0,1,0,0,1,1,1,1,0,repeat_repairs,Manual Review,2024-09-17,462,0
CLM-01077,PRD-01077,Industrial Tools,TorqueMax,TorqueMax HD Drill,SN-TOR-6242681,MegaMart Online,INV-2023-99165,Chuck bearing failure,Chuck bearing failure: the problem developed gradually with regular use.,Normal Wear and Tear,2023-05-12,2027-05-12,2026-06-27,2026-06-27,48,1,535.08,1142,319,0,0.168,0,0,1,0,0,0,1,1,0,0,missing_documents+noise,Invalid Claim,2023-05-12,319,2
CLM-01078,PRD-01078,Industrial Tools,HydraPower,VoltEdge Saw 18V,SN-HYD-3133558,Brand Flagship Store,INV-2024-84676,Trigger switch failure,Trigger switch failure: the problem started without any external cause during normal use.,Manufacturing Defect,2024-08-05,2027-08-06,2026-03-25,2026-03-31,36,0,469.53,603,493,6,0.723,0,0,1,0,0,1,1,1,1,0,covered_defect,Valid Claim,2024-08-05,493,0
CLM-01079,PRD-01079,Industrial Tools,IronForge,IronForge Grinder 9,SN-IRO-4170414,Brand Flagship Store,INV-2025-34706,Seal failure,Seal failure: the problem developed gradually with regular use.,Normal Wear and Tear,2025-04-10,2027-04-11,2026-03-07,2026-03-14,24,0,149.76,338,393,7,0.494,1,0,1,0,0,1,1,1,0,1,covered_defect,Valid Claim,2025-04-10,393,1
CLM-01080,PRD-01080,Industrial Tools,TorqueMax,IronForge Grinder 9,SN-TOR-9058752,National Appliance Depot,INV-2023-72594,Chuck bearing failure,Chuck bearing failure: the problem appeared after the unit was dropped.,Accidental Drop,2023-12-24,2026-12-24,2026-05-11,2026-05-27,36,0,352.39,885,211,16,0.497,1,0,1,0,0,1,1,1,1,1,ambiguous_cause,Manual Review,2023-12-24,211,0
CLM-01081,PRD-01081,Industrial Tools,VoltEdge,IronForge Grinder 9,SN-VOL-9212286,MegaMart Online,INV-2025-48065,Trigger switch failure,Trigger switch failure: the problem developed gradually with regular use.,Normal Wear and Tear,2025-10-23,2027-10-24,2026-03-23,2026-04-16,24,0,524.48,175,556,24,0.423,0,0,1,0,0,1,1,1,1,0,covered_defect,Valid Claim,2025-10-23,556,0
CLM-01082,PRD-01082,Home Appliances,KitchenPro,KitchenPro 30L,SN-KIT-4284853,National Appliance Depot,INV-2024-46586,Compressor failure,Compressor failure: the problem developed gradually with regular use.,Normal Wear and Tear,2024-04-27,2026-04-28,2026-04-13,2026-04-28,24,0,779.93,731,0,15,0.272,0,0,1,0,0,1,0,1,1,0,covered_defect,Valid Claim,2024-04-27,0,1
CLM-01083,PRD-01083,Consumer Electronics,VividDisplay,NovaPhone 12,SN-VIV-8457911,Industrial Supply Direct,INV-2026-58972,Battery not charging,Battery not charging: the problem started without any external cause during normal use.,Manufacturing Defect,2026-07-14,2028-07-14,2026-08-20,2026-08-31,24,0,726.54,48,683,11,0.608,1,0,1,0,0,1,1,1,1,1,covered_defect,Valid Claim,2026-07-14,683,0
CLM-01084,PRD-01084,Industrial Tools,VoltEdge,TorqueMax HD Drill,SN-VOL-6934470,Metro Hardware Centre,INV-2023-70811,Seal failure,Seal failure: the problem developed gradually with regular use.,Normal Wear and Tear,2023-09-06,2026-09-06,2026-02-09,2026-02-14,36,1,728.31,892,204,5,0.649,0,0,1,0,0,1,1,1,1,0,covered_defect,Valid Claim,2023-09-06,204,0
CLM-01085,PRD-01085,Consumer Electronics,ApexTech,VividTab 11,SN-APE-1833943,National Appliance Depot,INV-2024-31532,Battery not charging,Battery not charging: the problem appeared after contact with water.,Water Ingress,2024-03-23,2026-03-24,2026-03-28,2026-04-02,24,0,902.88,740,-9,5,0.571,0,0,1,0,0,1,1,1,1,0,expired,Invalid Claim,2024-03-23,0,0
CLM-01086,PRD-01086,Industrial Tools,IronForge,VoltEdge Saw 18V,SN-IRO-4354499,National Appliance Depot,INV-2026-39426,Seal failure,Seal failure: the problem has no obvious cause.,Unknown / Not Sure,2026-03-30,2029-03-30,2026-07-30,2026-08-01,36,0,687.89,124,972,2,0.515,0,0,1,0,0,0,1,1,1,0,missing_documents,Manual Review,2026-03-30,972,1
CLM-01087,PRD-01087,Industrial Tools,VoltEdge,HydraPower Jack 5T,SN-VOL-8871175,Metro Hardware Centre,INV-2024-40538,Armature burnout,Armature burnout: the problem started without any external cause during normal use.,Manufacturing Defect,2024-01-19,2026-01-19,2026-01-27,2026-01-30,24,0,805.27,742,-11,3,0.705,0,0,1,0,0,1,1,1,1,0,grace_boundary,Manual Review,2024-01-19,0,0
CLM-01088,PRD-01088,Consumer Electronics,NovaSound,PixelWatch 3,SN-NOV-6082246,Industrial Supply Direct,INV-2024-17037,Speaker malfunction,Speaker malfunction: the problem appeared under heavy load.,Mechanical Stress,2024-06-18,2026-06-19,2026-06-07,2026-06-12,24,0,1527.77,724,7,5,0.878,0,0,1,0,0,1,0,0,1,0,missing_documents,Manual Review,2024-06-18,7,2
CLM-01089,PRD-01089,Consumer Electronics,NovaSound,VividTab 11,SN-NOV-6774532,Metro Hardware Centre,INV-2024-13912,Wi-Fi/Bluetooth failure,Wi-Fi/Bluetooth failure: the problem started without any external cause during normal use.,Manufacturing Defect,2024-09-26,2026-09-27,2026-04-01,2026-04-10,24,0,421.47,561,170,9,0.959,1,0,1,0,0,1,1,1,1,1,covered_defect,Valid Claim,2024-09-26,170,0
CLM-01090,PRD-01090,Consumer Electronics,VividDisplay,ApexBook Pro 16,SN-VIV-2556495,Metro Hardware Centre,INV-2026-55655,Touch panel unresponsive,Touch panel unresponsive: the problem started without any external cause during normal use.,Manufacturing Defect,2026-02-19,2027-02-19,2026-06-18,2026-06-18,12,0,293.99,119,246,0,0.42,0,0,1,1,0,1,1,1,1,0,possible_duplicate,Manual Review,2026-02-19,246,0
CLM-01091,PRD-01091,Home Appliances,CleanCycle,KitchenPro 30L,SN-CLE-6791159,MegaMart Online,INV-2025-84512,Compressor failure,Compressor failure: the problem started without any external cause during normal use.,Manufacturing Defect,2025-04-04,2027-04-05,2026-08-28,2026-08-31,24,0,1118.47,514,217,3,0.668,1,0,1,0,0,1,1,1,0,1,covered_defect+noise,Manual Review,2025-04-04,217,1
CLM-01092,PRD-01092,Home Appliances,AeroBreeze,AeroBreeze 1.5T,SN-AER-1007417,National Appliance Depot,INV-2023-56742,Drum spin malfunction,Drum spin malfunction: the problem appeared after the unit was dropped.,Accidental Drop,2023-04-06,2026-04-06,2026-04-19,2026-04-25,36,0,396.03,1115,-19,6,0.034,2,0,1,0,0,1,1,0,0,1,expired,Invalid Claim,2023-04-06,0,2
CLM-01093,PRD-01093,Consumer Electronics,ApexTech,ApexBook Pro 16,SN-APE-5728091,National Appliance Depot,INV-2024-21487,Wi-Fi/Bluetooth failure,Wi-Fi/Bluetooth failure: the problem has no obvious cause.,Unknown / Not Sure,2024-05-17,2026-05-18,2026-08-04,2026-08-19,24,0,767.06,824,-93,15,0.542,1,0,1,0,0,1,1,1,1,0,expired,Invalid Claim,2024-05-17,0,0
CLM-01094,PRD-01094,Consumer Electronics,NovaSound,VividTab 11,SN-NOV-1108770,Metro Hardware Centre,INV-2025-70192,Touch panel unresponsive,Touch panel unresponsive: the problem developed gradually with regular use.,Normal Wear and Tear,2025-08-07,2026-08-07,2026-02-21,2026-02-22,12,0,628.69,199,166,1,0.436,1,0,1,0,0,1,1,1,1,1,covered_defect,Valid Claim,2025-08-07,166,0
CLM-01095,PRD-01095,Industrial Tools,TorqueMax,IronForge Grinder 9,SN-TOR-9231000,MegaMart Online,INV-2025-51095,Armature burnout,Armature burnout: the problem appeared after the unit was dropped.,Accidental Drop,2025-02-26,2028-02-27,2026-01-22,2026-01-26,36,0,1074.95,334,762,4,0.158,0,0,1,0,0,1,1,1,0,0,ambiguous_cause,Manual Review,2025-02-26,762,1
CLM-01096,PRD-01096,Home Appliances,KitchenPro,AeroBreeze 1.5T,SN-KIT-3732500,MegaMart Online,INV-2024-58673,Drum spin malfunction,Drum spin malfunction: the problem started without any external cause during normal use.,Manufacturing Defect,2024-09-30,2026-10-01,2026-05-23,2026-05-30,24,0,843.3,607,124,7,0.802,0,0,1,0,0,0,1,1,1,0,missing_documents,Manual Review,2024-09-30,124,1
CLM-01097,PRD-01097,Home Appliances,KitchenPro,KitchenPro 30L,SN-KIT-3433106,National Appliance Depot,INV-2023-79132,Compressor failure,Compressor failure: the problem appeared after a power fluctuation.,Electrical Surge,2023-04-12,2026-04-12,2026-05-12,2026-05-29,36,0,477.75,1143,-47,17,0.741,0,0,1,0,0,1,1,1,1,0,expired,Invalid Claim,2023-04-12,0,0
CLM-01098,PRD-01098,Home Appliances,FrostGuard,CleanCycle 8kg,SN-FRO-5797491,Industrial Supply Direct,INV-2022-73190,Drum spin malfunction,Drum spin malfunction: the problem started without any external cause during normal use.,Manufacturing Defect,2022-09-14,2025-09-14,2026-05-03,2026-05-04,36,0,1592.4,1328,-232,1,0.78,0,0,1,0,0,1,1,1,0,0,expired,Invalid Claim,2022-09-14,0,1
CLM-01099,PRD-01099,Industrial Tools,VoltEdge,TorqueMax HD Drill,SN-VOL-5678874,MegaMart Online,INV-2026-52172,Trigger switch failure,Trigger switch failure: the problem started without any external cause during normal use.,Manufacturing Defect,2026-02-11,2028-02-12,2026-03-20,2026-03-28,24,0,893.68,45,686,8,0.625,1,0,0,0,0,1,1,1,1,0,serial_mismatch,Invalid Claim,2026-02-11,686,0
CLM-01100,PRD-01100,Industrial Tools,VoltEdge,IronForge Grinder 9,SN-VOL-8372607,National Appliance Depot,INV-2024-20087,Trigger switch failure,Trigger switch failure: the problem started without any external cause during normal use.,Manufacturing Defect,2024-11-14,2026-11-15,2024-10-09,2026-02-25,24,0,857.87,468,263,504,0.704,1,0,1,0,1,1,1,1,1,1,contradiction,Manual Review,2024-11-14,263,0
CLM-01101,PRD-01101,Industrial Tools,HydraPower,HydraPower Jack 5T,SN-HYD-9420078,Metro Hardware Centre,INV-2024-33569,Gearbox seizure,Gearbox seizure: the problem has no obvious cause.,Unknown / Not Sure,2024-12-05,2026-12-06,2026-01-04,2026-01-11,24,0,254.65,402,329,7,0.756,0,0,1,0,0,1,1,1,1,0,covered_defect,Valid Claim,2024-12-05,329,0
CLM-01102,PRD-01102,Consumer Electronics,NovaSound,VividTab 11,SN-NOV-9968546,MegaMart Online,INV-2025-23730,Battery not charging,Battery not charging: the problem appeared after a power fluctuation.,Electrical Surge,2025-04-30,2027-05-01,2026-04-18,2026-05-10,24,0,831.3,375,356,22,0.748,0,0,1,0,0,1,0,1,0,0,excluded_damage,Invalid Claim,2025-04-30,356,2
CLM-01103,PRD-01103,Consumer Electronics,PixelCraft,NovaPhone 12,SN-PIX-9049730,National Appliance Depot,INV-2025-90331,Battery not charging,Battery not charging: the problem started without any external cause during normal use.,Manufacturing Defect,2025-09-25,2026-09-25,2026-09-01,2026-09-09,12,0,432.94,349,16,8,0.725,1,1,1,0,0,0,1,1,1,1,unauthorized_repair,Invalid Claim,2025-09-25,16,1
CLM-01104,PRD-01104,Home Appliances,CleanCycle,AeroBreeze 1.5T,SN-CLE-6228903,Industrial Supply Direct,INV-2023-46822,Thermostat failure,Thermostat failure: the problem started without any external cause during normal use.,Manufacturing Defect,2023-02-27,2026-02-27,2026-04-24,2026-04-28,36,0,1025.51,1156,-60,4,0.87,0,0,0,0,0,1,0,1,1,0,expired,Invalid Claim,2023-02-27,0,1
CLM-01105,PRD-01105,Consumer Electronics,ApexTech,VividTab 11,SN-APE-4836763,City Electronics Mall,INV-2025-29044,Battery not charging,Battery not charging: the problem appeared after the unit was dropped.,Accidental Drop,2025-07-04,2026-07-04,2026-07-18,2026-07-19,12,0,648.67,380,-15,1,0.891,0,0,1,0,0,1,1,1,1,0,expired,Invalid Claim,2025-07-04,0,0
CLM-01106,PRD-01106,Consumer Electronics,NovaSound,NovaPods Max,SN-NOV-9285371,Brand Flagship Store,INV-2025-80467,Battery not charging,Battery not charging: the problem appeared after the unit was dropped.,Accidental Drop,2025-08-13,2028-08-13,2026-09-06,2026-09-11,36,1,533.99,394,702,5,0.234,0,0,1,0,0,1,0,1,1,0,ambiguous_cause,Manual Review,2025-08-13,702,1
CLM-01107,PRD-01107,Home Appliances,CleanCycle,AeroBreeze 1.5T,SN-CLE-2249444,National Appliance Depot,INV-2023-75888,Drum spin malfunction,Drum spin malfunction: the problem appeared after contact with water.,Water Ingress,2023-08-20,2026-08-20,2026-04-21,2026-04-21,36,0,347.61,975,121,0,0.317,1,0,1,0,0,0,0,1,1,0,missing_documents,Manual Review,2023-08-20,121,2
CLM-01108,PRD-01108,Industrial Tools,VoltEdge,IronForge Grinder 9,SN-VOL-2060365,Brand Flagship Store,INV-2024-21879,Seal failure,Seal failure: the problem appeared under heavy load.,Mechanical Stress,2024-01-06,2026-01-06,2026-05-30,2026-06-04,24,0,403.97,880,-149,5,0.605,1,0,1,0,0,1,1,1,1,1,expired,Invalid Claim,2024-01-06,0,0
CLM-01109,PRD-01109,Industrial Tools,IronForge,HydraPower Jack 5T,SN-IRO-4343244,Brand Flagship Store,INV-2024-48023,Trigger switch failure,Trigger switch failure: the problem started without any external cause during normal use.,Manufacturing Defect,2024-06-18,2026-06-19,2026-05-16,2026-06-09,24,0,2354.51,721,10,24,0.704,1,0,1,0,0,1,1,1,0,0,covered_defect,Valid Claim,2024-06-18,10,1
CLM-01110,PRD-01110,Industrial Tools,VoltEdge,IronForge Grinder 9,SN-VOL-1104010,City Electronics Mall,INV-2024-92404,Gearbox seizure,Gearbox seizure: the problem appeared after contact with water.,Water Ingress,2024-07-19,2026-07-20,2026-03-09,2026-03-17,24,0,664.29,606,125,8,0.77,1,0,1,0,0,1,1,1,1,1,excluded_damage,Invalid Claim,2024-07-19,125,0
CLM-01111,PRD-01111,Industrial Tools,TorqueMax,HydraPower Jack 5T,SN-TOR-9338876,City Electronics Mall,INV-2023-89051,Armature burnout,Armature burnout: the problem appeared under heavy load.,Mechanical Stress,2023-04-20,2026-04-20,2026-04-15,2026-04-24,36,0,926.18,1100,-4,9,0.39,0,0,1,0,0,1,1,1,1,0,grace_boundary,Manual Review,2023-04-20,0,0
CLM-01112,PRD-01112,Consumer Electronics,PixelCraft,ApexBook Pro 16,SN-PIX-6304637,National Appliance Depot,INV-2023-28968,Touch panel unresponsive,Touch panel unresponsive: the problem appeared under heavy load.,Mechanical Stress,2023-10-09,2025-10-09,2026-08-19,2026-08-23,24,0,588.86,1049,-318,4,0.756,0,0,1,0,0,1,1,1,1,0,expired,Invalid Claim,2023-10-09,0,0
CLM-01113,PRD-01113,Home Appliances,KitchenPro,CleanCycle 8kg,SN-KIT-5745789,MegaMart Online,INV-2024-87414,Compressor failure,Compressor failure: the problem appeared under heavy load.,Mechanical Stress,2024-12-01,2027-12-02,2026-03-05,2026-03-12,36,0,435.98,466,630,7,0.567,0,0,1,0,0,1,1,1,0,0,covered_defect,Valid Claim,2024-12-01,630,1
CLM-01114,PRD-01114,Industrial Tools,HydraPower,IronForge Grinder 9,SN-HYD-1626217,Metro Hardware Centre,INV-2023-82355,Trigger switch failure,Trigger switch failure: the problem developed gradually with regular use.,Normal Wear and Tear,2023-09-11,2025-09-11,2026-05-16,2026-05-22,24,0,388.19,984,-253,6,0.298,0,0,1,0,0,1,1,1,1,0,expired,Invalid Claim,2023-09-11,0,0
CLM-01115,PRD-01115,Home Appliances,FrostGuard,AeroBreeze 1.5T,SN-FRO-5323482,National Appliance Depot,INV-2023-90648,Motor burnout,Motor burnout: the problem appeared under heavy load.,Mechanical Stress,2023-07-31,2026-07-31,2023-07-08,2026-07-25,36,0,373.75,1090,6,1113,0.474,1,1,0,0,1,1,1,0,0,0,unauthorized_repair,Invalid Claim,2023-07-31,6,2
CLM-01116,PRD-01116,Home Appliances,FrostGuard,KitchenPro 30L,SN-FRO-2819295,Metro Hardware Centre,INV-2023-11510,PCB failure,PCB failure: the problem developed gradually with regular use.,Normal Wear and Tear,2023-08-08,2026-08-08,2026-07-30,2026-08-01,36,0,767.24,1089,7,2,0.275,0,0,1,0,0,1,1,1,1,0,covered_defect,Valid Claim,2023-08-08,7,0
CLM-01117,PRD-01117,Industrial Tools,HydraPower,IronForge Grinder 9,SN-HYD-2912634,Metro Hardware Centre,INV-2024-30084,Chuck bearing failure,Chuck bearing failure: the problem started without any external cause during normal use.,Manufacturing Defect,2024-10-17,2027-10-18,2026-04-19,2026-04-28,36,1,1259.05,558,538,9,0.51,1,0,1,0,0,1,1,1,1,1,covered_defect,Valid Claim,2024-10-17,538,0
CLM-01118,PRD-01118,Industrial Tools,HydraPower,VoltEdge Saw 18V,SN-HYD-3662601,Brand Flagship Store,INV-2023-56644,Trigger switch failure,Trigger switch failure: the problem appeared under heavy load.,Mechanical Stress,2023-02-08,2026-02-08,2026-03-05,2026-04-01,36,0,1692.42,1148,-52,27,0.645,0,0,1,0,0,1,1,1,1,0,expired,Invalid Claim,2023-02-08,0,0
CLM-01119,PRD-01119,Consumer Electronics,NovaSound,NovaPhone 12,SN-NOV-4565092,MegaMart Online,INV-2025-59993,Battery not charging,Battery not charging: the problem appeared after a power fluctuation.,Electrical Surge,2025-12-23,2026-12-23,2026-03-02,2026-04-04,12,0,603.72,102,263,33,0.606,0,0,1,0,0,1,0,1,0,0,excluded_damage,Invalid Claim,2025-12-23,263,2
CLM-01120,PRD-01120,Home Appliances,AeroBreeze,KitchenPro 30L,SN-AER-3167570,Brand Flagship Store,INV-2024-17782,Compressor failure,Compressor failure: the problem developed gradually with regular use.,Normal Wear and Tear,2024-02-24,2027-02-24,2026-01-30,2026-01-31,36,1,631.6,707,389,1,0.563,2,1,1,0,0,1,1,1,1,1,unauthorized_repair,Invalid Claim,2024-02-24,389,0
CLM-01121,PRD-01121,Consumer Electronics,PixelCraft,NovaPhone 12,SN-PIX-9447275,Brand Flagship Store,INV-2024-55314,Speaker malfunction,Speaker malfunction: the problem started without any external cause during normal use.,Manufacturing Defect,2024-12-24,2027-12-25,2026-03-05,2026-04-28,36,1,162.6,490,606,54,0.486,0,0,1,0,0,1,1,1,0,0,late_reporting,Invalid Claim,2024-12-24,606,1
CLM-01122,PRD-01122,Home Appliances,CleanCycle,FrostGuard 450L,SN-CLE-9891449,National Appliance Depot,INV-2024-97412,Drum spin malfunction,Drum spin malfunction: the problem developed gradually with regular use.,Normal Wear and Tear,2024-04-20,2027-04-21,2026-07-11,2026-07-18,36,0,498.95,819,277,7,0.358,0,0,1,0,0,1,1,1,0,0,covered_defect,Valid Claim,2024-04-20,277,1
CLM-01123,PRD-01123,Home Appliances,KitchenPro,FrostGuard 450L,SN-KIT-6674602,MegaMart Online,INV-2025-29583,Motor burnout,Motor burnout: the problem started without any external cause during normal use.,Manufacturing Defect,2025-01-11,2027-01-12,2026-01-23,2026-01-24,24,0,668.61,378,353,1,0.779,0,0,1,1,0,1,1,1,1,0,possible_duplicate,Manual Review,2025-01-11,353,0
CLM-01124,PRD-01124,Industrial Tools,TorqueMax,TorqueMax HD Drill,SN-TOR-1935443,MegaMart Online,INV-2025-36993,Chuck bearing failure,Chuck bearing failure: the problem started without any external cause during normal use.,Manufacturing Defect,2025-05-13,2028-05-13,2026-08-14,2026-08-17,36,0,674.67,461,635,3,0.184,2,1,1,0,0,1,1,1,1,1,unauthorized_repair,Invalid Claim,2025-05-13,635,0
CLM-01125,PRD-01125,Industrial Tools,HydraPower,IronForge Grinder 9,SN-HYD-1862575,Metro Hardware Centre,INV-2024-30994,Armature burnout,Armature burnout: the problem appeared after the unit was dropped.,Accidental Drop,2024-12-04,2027-12-05,2026-06-14,2026-06-15,36,0,513.56,558,538,1,0.695,0,0,1,0,0,1,1,1,1,0,excluded_damage,Invalid Claim,2024-12-04,538,0
CLM-01126,PRD-01126,Home Appliances,FrostGuard,CleanCycle 8kg,SN-FRO-7943999,National Appliance Depot,INV-2022-80027,Thermostat failure,Thermostat failure: the problem appeared under heavy load.,Mechanical Stress,2022-09-05,2025-09-05,2026-06-30,2026-07-04,36,0,315.77,1398,-302,4,0.773,0,0,1,0,0,1,1,1,0,0,expired,Invalid Claim,2022-09-05,0,1
CLM-01127,PRD-01127,Home Appliances,KitchenPro,CleanCycle 8kg,SN-KIT-8156167,Industrial Supply Direct,INV-2023-48113,Drum spin malfunction,Drum spin malfunction: the problem started without any external cause during normal use.,Manufacturing Defect,2023-12-25,2026-12-25,2023-11-29,2026-02-03,36,0,1565.55,771,325,797,0.945,0,0,1,0,1,1,1,1,0,0,contradiction,Manual Review,2023-12-25,325,1
CLM-01128,PRD-01128,Industrial Tools,VoltEdge,TorqueMax HD Drill,SN-VOL-8207956,Industrial Supply Direct,INV-2025-63430,Trigger switch failure,Trigger switch failure: the problem appeared under heavy load.,Mechanical Stress,2025-01-15,2027-01-16,2026-09-04,2026-09-12,24,0,854.61,605,126,8,0.59,1,0,1,0,0,1,1,1,0,1,covered_defect,Valid Claim,2025-01-15,126,1
CLM-01129,PRD-01129,Home Appliances,CleanCycle,FrostGuard 450L,SN-CLE-2097294,Industrial Supply Direct,INV-2025-62942,Water pump leakage,Water pump leakage: the problem developed gradually with regular use.,Normal Wear and Tear,2025-10-01,2027-10-02,2026-05-21,2026-05-22,24,0,467.91,233,498,1,0.603,1,0,1,0,0,0,1,0,1,0,missing_documents,Manual Review,2025-10-01,498,2
CLM-01130,PRD-01130,Consumer Electronics,ApexTech,NovaPods Max,SN-APE-5436504,MegaMart Online,INV-2026-38000,Wi-Fi/Bluetooth failure,Wi-Fi/Bluetooth failure: the problem appeared after the unit was dropped.,Accidental Drop,2026-01-15,2027-01-15,2025-12-15,2026-05-03,12,0,364.47,108,257,139,0.425,0,0,1,0,1,1,1,1,1,0,contradiction,Manual Review,2026-01-15,257,0
CLM-01131,PRD-01131,Home Appliances,AeroBreeze,KitchenPro 30L,SN-AER-8858248,Metro Hardware Centre,INV-2024-52968,Water pump leakage,Water pump leakage: the problem started without any external cause during normal use.,Manufacturing Defect,2024-02-08,2027-02-08,2026-08-22,2026-08-27,36,0,1213.33,931,165,5,0.48,0,0,1,0,0,1,1,0,1,0,covered_defect,Valid Claim,2024-02-08,165,1
CLM-01132,PRD-01132,Industrial Tools,TorqueMax,HydraPower Jack 5T,SN-TOR-2564911,City Electronics Mall,INV-2023-31985,Trigger switch failure,Trigger switch failure: the problem appeared after the unit was dropped.,Accidental Drop,2023-10-16,2026-10-16,2026-03-09,2026-03-10,36,1,499.02,876,220,1,0.274,1,0,1,0,0,1,1,1,1,0,ambiguous_cause,Manual Review,2023-10-16,220,0
CLM-01133,PRD-01133,Consumer Electronics,NovaSound,PixelWatch 3,SN-NOV-9269890,Brand Flagship Store,INV-2025-94188,Wi-Fi/Bluetooth failure,Wi-Fi/Bluetooth failure: the problem developed gradually with regular use.,Normal Wear and Tear,2025-05-05,2027-05-06,2026-06-02,2026-06-24,24,0,645.86,415,316,22,0.467,0,0,0,0,0,1,0,1,0,0,missing_documents,Manual Review,2025-05-05,316,2
CLM-01134,PRD-01134,Home Appliances,FrostGuard,AeroBreeze 1.5T,SN-FRO-4135285,MegaMart Online,INV-2025-77446,Motor burnout,Motor burnout: the problem started without any external cause during normal use.,Manufacturing Defect,2025-06-16,2027-06-17,2026-09-18,2026-09-21,24,0,536.72,462,269,3,0.717,0,0,1,0,0,1,1,1,1,0,covered_defect,Valid Claim,2025-06-16,269,0
CLM-01135,PRD-01135,Industrial Tools,HydraPower,HydraPower Jack 5T,SN-HYD-4767474,Brand Flagship Store,INV-2023-79688,Gearbox seizure,Gearbox seizure: the problem developed gradually with regular use.,Normal Wear and Tear,2023-12-07,2027-12-07,2026-05-16,2026-05-18,48,1,941.59,893,568,2,0.484,0,0,1,0,0,0,1,1,1,0,missing_documents,Manual Review,2023-12-07,568,1
CLM-01136,PRD-01136,Consumer Electronics,ApexTech,ApexBook Pro 16,SN-APE-1571800,MegaMart Online,INV-2024-71677,Battery not charging,Battery not charging: the problem appeared after a power fluctuation.,Electrical Surge,2024-05-02,2026-05-03,2026-03-09,2026-03-16,24,0,335.93,683,48,7,0.194,0,0,1,0,0,0,1,1,1,0,missing_documents,Manual Review,2024-05-02,48,1
CLM-01137,PRD-01137,Industrial Tools,HydraPower,TorqueMax HD Drill,SN-HYD-7199642,Brand Flagship Store,INV-2024-70069,Gearbox seizure,Gearbox seizure: the problem appeared under heavy load.,Mechanical Stress,2024-09-02,2026-09-03,2026-08-22,2026-08-31,24,0,795.99,728,3,9,0.492,1,1,1,0,0,1,1,1,1,1,unauthorized_repair,Invalid Claim,2024-09-02,3,0
CLM-01138,PRD-01138,Consumer Electronics,VividDisplay,PixelWatch 3,SN-VIV-1584683,MegaMart Online,INV-2026-95751,Motherboard failure,Motherboard failure: the problem appeared after a power fluctuation.,Electrical Surge,2026-01-09,2028-01-10,2025-12-15,2026-06-15,24,0,562.07,157,574,182,0.311,0,0,1,1,1,1,1,1,1,0,contradiction,Manual Review,2026-01-09,574,0
CLM-01139,PRD-01139,Home Appliances,AeroBreeze,KitchenPro 30L,SN-AER-3370666,Industrial Supply Direct,INV-2024-17217,Compressor failure,Compressor failure: the problem developed gradually with regular use.,Normal Wear and Tear,2024-10-08,2026-10-09,2026-04-17,2026-04-18,24,0,1274.69,557,174,1,0.429,0,0,1,0,0,1,1,1,1,0,covered_defect,Valid Claim,2024-10-08,174,0
CLM-01140,PRD-01140,Industrial Tools,TorqueMax,VoltEdge Saw 18V,SN-TOR-1214560,City Electronics Mall,INV-2024-37018,Chuck bearing failure,Chuck bearing failure: the problem appeared under heavy load.,Mechanical Stress,2024-06-02,2026-06-03,2026-06-05,2026-06-16,24,0,241.06,744,-13,11,0.25,0,0,1,0,0,1,1,1,1,0,grace_boundary,Manual Review,2024-06-02,0,0
CLM-01141,PRD-01141,Home Appliances,KitchenPro,FrostGuard 450L,SN-KIT-8030295,City Electronics Mall,INV-2024-59639,Drum spin malfunction,Drum spin malfunction: the problem started without any external cause during normal use.,Manufacturing Defect,2024-02-12,2027-02-12,2026-07-09,2026-07-12,36,0,1073.81,881,215,3,0.881,1,0,1,0,0,1,1,1,1,1,covered_defect,Valid Claim,2024-02-12,215,0
CLM-01142,PRD-01142,Home Appliances,KitchenPro,KitchenPro 30L,SN-KIT-7658803,MegaMart Online,INV-2024-43405,Motor burnout,Motor burnout: the problem started without any external cause during normal use.,Manufacturing Defect,2024-12-07,2026-12-08,2026-07-19,2026-08-07,24,0,642.78,608,123,19,0.478,0,0,1,0,0,1,1,1,1,0,covered_defect,Valid Claim,2024-12-07,123,0
CLM-01143,PRD-01143,Industrial Tools,TorqueMax,VoltEdge Saw 18V,SN-TOR-7827407,MegaMart Online,INV-2025-58267,Trigger switch failure,Trigger switch failure: the problem appeared under heavy load.,Mechanical Stress,2025-10-12,2027-10-13,2026-08-15,2026-08-15,24,0,968.28,307,424,0,0.453,2,1,1,0,0,0,1,1,1,1,unauthorized_repair,Invalid Claim,2025-10-12,424,1
CLM-01144,PRD-01144,Consumer Electronics,ApexTech,NovaPods Max,SN-APE-5696983,Metro Hardware Centre,INV-2024-27727,Speaker malfunction,Speaker malfunction: the problem started without any external cause during normal use.,Manufacturing Defect,2024-04-02,2026-04-03,2026-01-30,2026-02-05,24,0,719.13,674,57,6,0.837,0,0,1,0,0,1,1,1,0,0,covered_defect,Valid Claim,2024-04-02,57,1
CLM-01145,PRD-01145,Consumer Electronics,NovaSound,NovaPods Max,SN-NOV-2613357,MegaMart Online,INV-2024-81673,Screen flickering,Screen flickering: the problem appeared under heavy load.,Mechanical Stress,2024-08-25,2026-08-26,2026-08-19,2026-08-19,24,1,1236.51,724,7,0,0.551,1,0,1,0,0,0,1,1,1,1,missing_documents,Manual Review,2024-08-25,7,1
CLM-01146,PRD-01146,Consumer Electronics,NovaSound,NovaPhone 12,SN-NOV-6998070,City Electronics Mall,INV-2024-92664,Motherboard failure,Motherboard failure: the problem started without any external cause during normal use.,Manufacturing Defect,2024-10-05,2026-10-06,2026-07-30,2026-08-08,24,1,980.41,672,59,9,0.894,1,0,0,0,0,1,1,1,1,1,serial_mismatch,Invalid Claim,2024-10-05,59,0
CLM-01147,PRD-01147,Home Appliances,CleanCycle,AeroBreeze 1.5T,SN-CLE-9147940,Metro Hardware Centre,INV-2022-86871,PCB failure,PCB failure: the problem developed gradually with regular use.,Normal Wear and Tear,2022-12-30,2025-12-30,2026-08-21,2026-08-23,36,0,646.75,1332,-236,2,0.439,0,0,1,0,0,1,0,1,1,0,expired,Invalid Claim,2022-12-30,0,1
CLM-01148,PRD-01148,Consumer Electronics,VividDisplay,NovaPhone 12,SN-VIV-7292635,Industrial Supply Direct,INV-2026-12351,Screen flickering,Screen flickering: the problem has no obvious cause.,Unknown / Not Sure,2026-01-15,2027-01-15,2026-03-04,2026-03-04,12,0,550.49,48,317,0,0.281,0,0,1,0,0,0,1,1,1,0,missing_documents,Manual Review,2026-01-15,317,1
CLM-01149,PRD-01149,Industrial Tools,TorqueMax,VoltEdge Saw 18V,SN-TOR-6987211,National Appliance Depot,INV-2025-61745,Chuck bearing failure,Chuck bearing failure: the problem developed gradually with regular use.,Normal Wear and Tear,2025-04-26,2028-04-26,2026-04-08,2026-04-15,36,1,750.5,354,742,7,0.569,1,0,1,0,0,1,1,1,0,1,covered_defect,Valid Claim,2025-04-26,742,1
CLM-01150,PRD-01150,Consumer Electronics,ApexTech,NovaPods Max,SN-APE-8022478,City Electronics Mall,INV-2025-64612,Screen flickering,Screen flickering: the problem appeared after a power fluctuation.,Electrical Surge,2025-09-20,2026-09-20,2026-05-26,2026-06-02,12,0,485.89,255,110,7,0.818,0,0,0,0,0,1,1,0,1,0,excluded_damage,Invalid Claim,2025-09-20,110,1
CLM-01151,PRD-01151,Consumer Electronics,NovaSound,PixelWatch 3,SN-NOV-7833804,City Electronics Mall,INV-2022-87386,Speaker malfunction,Speaker malfunction: the problem developed gradually with regular use.,Normal Wear and Tear,2022-03-28,2025-03-28,2026-01-23,2026-03-01,36,1,993.39,1434,-338,37,0.386,0,0,1,0,0,1,0,1,1,0,expired,Invalid Claim,2022-03-28,0,1
CLM-01152,PRD-01152,Home Appliances,CleanCycle,KitchenPro 30L,SN-CLE-7129260,Industrial Supply Direct,INV-2025-68207,Motor burnout,Motor burnout: the problem appeared under heavy load.,Mechanical Stress,2025-06-21,2029-06-21,2026-04-24,2026-05-08,48,1,2044.09,321,1140,14,0.402,0,0,1,0,0,1,1,1,1,0,covered_defect,Valid Claim,2025-06-21,1140,0
CLM-01153,PRD-01153,Home Appliances,AeroBreeze,KitchenPro 30L,SN-AER-7098586,MegaMart Online,INV-2021-75318,Drum spin malfunction,Drum spin malfunction: the problem started without any external cause during normal use.,Manufacturing Defect,2021-06-05,2025-06-05,2026-05-22,2026-06-01,48,1,1102.12,1822,-361,10,0.572,1,0,1,0,0,1,0,1,1,1,expired,Invalid Claim,2021-06-05,0,1
CLM-01154,PRD-01154,Industrial Tools,IronForge,IronForge Grinder 9,SN-IRO-3772566,Brand Flagship Store,INV-2025-31574,Trigger switch failure,Trigger switch failure: the problem started without any external cause during normal use.,Manufacturing Defect,2025-01-21,2029-01-21,2026-09-18,2026-09-22,48,1,536.11,609,852,4,0.729,0,0,1,0,0,1,1,1,1,0,covered_defect,Valid Claim,2025-01-21,852,0
CLM-01155,PRD-01155,Consumer Electronics,PixelCraft,NovaPods Max,SN-PIX-1347798,National Appliance Depot,INV-2025-28719,Battery not charging,Battery not charging: the problem developed gradually with regular use.,Normal Wear and Tear,2025-10-26,2027-10-27,2026-04-10,2026-04-22,24,0,553.26,178,553,12,0.262,0,0,1,0,0,1,1,1,1,0,covered_defect,Valid Claim,2025-10-26,553,0
CLM-01156,PRD-01156,Home Appliances,FrostGuard,AeroBreeze 1.5T,SN-FRO-7675366,Brand Flagship Store,INV-2026-57886,Compressor failure,Compressor failure: the problem appeared after a power fluctuation.,Electrical Surge,2026-02-27,2029-02-27,2026-09-10,2026-09-20,36,0,2006.31,205,891,10,0.659,0,0,0,0,0,1,1,1,1,0,serial_mismatch,Invalid Claim,2026-02-27,891,0
CLM-01157,PRD-01157,Industrial Tools,HydraPower,IronForge Grinder 9,SN-HYD-2819434,Metro Hardware Centre,INV-2026-78246,Trigger switch failure,Trigger switch failure: the problem started without any external cause during normal use.,Manufacturing Defect,2026-01-29,2029-01-29,2026-06-08,2026-06-08,36,0,526.17,130,966,0,0.757,0,0,1,0,0,1,1,1,1,0,covered_defect,Valid Claim,2026-01-29,966,0
CLM-01158,PRD-01158,Industrial Tools,TorqueMax,IronForge Grinder 9,SN-TOR-3793771,City Electronics Mall,INV-2024-48871,Chuck bearing failure,Chuck bearing failure: the problem started without any external cause during normal use.,Manufacturing Defect,2024-08-30,2026-08-31,2026-01-02,2026-01-17,24,0,680.33,505,226,15,0.625,1,1,1,0,0,1,1,1,1,1,unauthorized_repair,Invalid Claim,2024-08-30,226,0
CLM-01159,PRD-01159,Home Appliances,KitchenPro,FrostGuard 450L,SN-KIT-6051917,National Appliance Depot,INV-2022-45111,Motor burnout,Motor burnout: the problem has no obvious cause.,Unknown / Not Sure,2022-09-20,2025-09-20,2026-03-17,2026-03-25,36,0,1014.24,1282,-186,8,0.515,2,0,1,0,0,1,1,1,1,1,expired,Invalid Claim,2022-09-20,0,0
CLM-01160,PRD-01160,Consumer Electronics,NovaSound,ApexBook Pro 16,SN-NOV-6810461,National Appliance Depot,INV-2025-18054,Screen flickering,Screen flickering: the problem started without any external cause during normal use.,Manufacturing Defect,2025-07-16,2026-07-16,2026-03-07,2026-03-14,12,0,322.0,241,124,7,0.789,1,0,0,0,0,0,1,1,1,1,missing_documents,Manual Review,2025-07-16,124,1
CLM-01161,PRD-01161,Industrial Tools,VoltEdge,IronForge Grinder 9,SN-VOL-5838960,Brand Flagship Store,INV-2025-92019,Chuck bearing failure,Chuck bearing failure: the problem started without any external cause during normal use.,Manufacturing Defect,2025-04-16,2028-04-16,2026-04-25,2026-04-25,36,0,453.0,374,722,0,0.732,0,0,1,0,0,1,0,1,1,0,covered_defect,Valid Claim,2025-04-16,722,1
CLM-01162,PRD-01162,Industrial Tools,IronForge,TorqueMax HD Drill,SN-IRO-5664510,City Electronics Mall,INV-2021-75550,Chuck bearing failure,Chuck bearing failure: the problem appeared after a power fluctuation.,Electrical Surge,2021-04-01,2025-04-01,2026-01-22,2026-01-28,48,1,586.7,1763,-302,6,0.343,1,0,1,0,0,1,1,1,1,1,expired,Invalid Claim,2021-04-01,0,0
CLM-01163,PRD-01163,Industrial Tools,VoltEdge,HydraPower Jack 5T,SN-VOL-5435539,National Appliance Depot,INV-2021-79559,Trigger switch failure,Trigger switch failure: the problem appeared under heavy load.,Mechanical Stress,2021-10-16,2025-10-16,2026-03-26,2026-04-09,48,1,488.32,1636,-175,14,0.682,0,0,1,0,0,1,1,1,0,0,expired,Invalid Claim,2021-10-16,0,1
CLM-01164,PRD-01164,Industrial Tools,TorqueMax,IronForge Grinder 9,SN-TOR-8708865,Industrial Supply Direct,INV-2026-44506,Trigger switch failure,Trigger switch failure: the problem started without any external cause during normal use.,Manufacturing Defect,2026-08-02,2030-08-02,2026-08-12,2026-09-06,48,1,380.16,35,1426,25,0.747,2,1,1,0,0,1,1,0,1,1,unauthorized_repair,Invalid Claim,2026-08-02,1426,1
CLM-01165,PRD-01165,Consumer Electronics,VividDisplay,VividTab 11,SN-VIV-8304369,Brand Flagship Store,INV-2025-21468,Touch panel unresponsive,Touch panel unresponsive: the problem appeared after contact with water.,Water Ingress,2025-12-20,2028-12-20,2026-08-05,2026-08-05,36,1,377.4,228,868,0,0.526,0,0,1,0,0,1,1,1,1,0,ambiguous_cause,Manual Review,2025-12-20,868,0
CLM-01166,PRD-01166,Consumer Electronics,VividDisplay,VividTab 11,SN-VIV-4424927,Industrial Supply Direct,INV-2025-24976,Wi-Fi/Bluetooth failure,Wi-Fi/Bluetooth failure: the problem has no obvious cause.,Unknown / Not Sure,2025-09-27,2026-09-27,2026-08-12,2026-08-19,12,0,565.44,326,39,7,0.844,1,0,1,0,0,1,1,1,0,0,covered_defect,Valid Claim,2025-09-27,39,1
CLM-01167,PRD-01167,Industrial Tools,VoltEdge,VoltEdge Saw 18V,SN-VOL-5667901,National Appliance Depot,INV-2025-33512,Armature burnout,Armature burnout: the problem started without any external cause during normal use.,Manufacturing Defect,2025-03-14,2027-03-15,2026-03-07,2026-03-07,24,0,759.11,358,373,0,0.859,1,0,1,0,0,0,1,1,1,0,missing_documents,Manual Review,2025-03-14,373,1
CLM-01168,PRD-01168,Consumer Electronics,VividDisplay,VividTab 11,SN-VIV-6712471,City Electronics Mall,INV-2024-44850,Speaker malfunction,Speaker malfunction: the problem started without any external cause during normal use.,Manufacturing Defect,2024-12-10,2027-12-11,2026-05-22,2026-05-28,36,1,445.11,534,562,6,0.781,1,0,0,0,0,0,1,1,1,1,missing_documents+noise,Invalid Claim,2024-12-10,562,1
CLM-01169,PRD-01169,Industrial Tools,TorqueMax,VoltEdge Saw 18V,SN-TOR-7855501,Brand Flagship Store,INV-2025-24466,Seal failure,Seal failure: the problem developed gradually with regular use.,Normal Wear and Tear,2025-08-28,2028-08-28,2026-04-28,2026-04-28,36,1,291.3,243,853,0,0.526,0,0,1,0,0,1,1,1,1,0,covered_defect,Valid Claim,2025-08-28,853,0
CLM-01170,PRD-01170,Home Appliances,CleanCycle,AeroBreeze 1.5T,SN-CLE-4809753,Industrial Supply Direct,INV-2023-46059,Drum spin malfunction,Drum spin malfunction: the problem developed gradually with regular use.,Normal Wear and Tear,2023-06-15,2026-06-15,2026-05-23,2026-05-28,36,0,950.63,1078,18,5,0.6,0,0,1,0,0,1,1,0,1,0,covered_defect,Valid Claim,2023-06-15,18,1
CLM-01171,PRD-01171,Industrial Tools,VoltEdge,HydraPower Jack 5T,SN-VOL-2585095,City Electronics Mall,INV-2023-75461,Seal failure,Seal failure: the problem started without any external cause during normal use.,Manufacturing Defect,2023-09-20,2025-09-20,2026-03-10,2026-04-02,24,0,326.55,925,-194,23,0.45,1,0,1,0,0,1,1,1,0,1,expired,Invalid Claim,2023-09-20,0,1
CLM-01172,PRD-01172,Consumer Electronics,PixelCraft,PixelWatch 3,SN-PIX-3077389,Metro Hardware Centre,INV-2025-12768,Touch panel unresponsive,Touch panel unresponsive: the problem appeared under heavy load.,Mechanical Stress,2025-07-22,2026-07-22,2026-02-16,2026-03-03,12,0,765.66,224,141,15,0.623,1,1,1,0,0,1,0,1,1,1,unauthorized_repair,Invalid Claim,2025-07-22,141,1
CLM-01173,PRD-01173,Consumer Electronics,PixelCraft,ApexBook Pro 16,SN-PIX-5236024,Brand Flagship Store,INV-2023-75299,Wi-Fi/Bluetooth failure,Wi-Fi/Bluetooth failure: the problem started without any external cause during normal use.,Manufacturing Defect,2023-08-16,2025-08-16,2026-02-28,2026-03-15,24,0,1654.18,942,-211,15,0.746,0,0,1,0,0,1,0,1,1,0,expired,Invalid Claim,2023-08-16,0,1
CLM-01174,PRD-01174,Industrial Tools,VoltEdge,VoltEdge Saw 18V,SN-VOL-8633893,City Electronics Mall,INV-2024-18844,Seal failure,Seal failure: the problem appeared after the unit was dropped.,Accidental Drop,2024-04-14,2028-04-14,2026-07-11,2026-07-30,48,1,1318.14,837,624,19,0.715,1,0,1,0,0,1,1,1,0,1,excluded_damage,Invalid Claim,2024-04-14,624,1
CLM-01175,PRD-01175,Industrial Tools,VoltEdge,VoltEdge Saw 18V,SN-VOL-2432059,MegaMart Online,INV-2022-98221,Trigger switch failure,Trigger switch failure: the problem appeared after a power fluctuation.,Electrical Surge,2022-02-19,2026-02-19,2026-01-30,2026-01-30,48,1,1076.14,1441,20,0,0.877,1,1,1,0,0,1,1,1,0,1,unauthorized_repair,Invalid Claim,2022-02-19,20,1
CLM-01176,PRD-01176,Industrial Tools,VoltEdge,IronForge Grinder 9,SN-VOL-3543137,City Electronics Mall,INV-2025-75718,Chuck bearing failure,Chuck bearing failure: the problem developed gradually with regular use.,Normal Wear and Tear,2025-09-10,2027-09-11,2026-05-02,2026-05-11,24,0,674.64,243,488,9,0.664,0,0,1,0,0,0,1,1,1,0,missing_documents,Manual Review,2025-09-10,488,1
CLM-01177,PRD-01177,Consumer Electronics,VividDisplay,NovaPods Max,SN-VIV-2576624,Metro Hardware Centre,INV-2024-42191,Motherboard failure,Motherboard failure: the problem appeared under heavy load.,Mechanical Stress,2024-06-02,2026-06-03,2026-05-22,2026-05-22,24,0,282.83,719,12,0,0.723,0,0,1,0,0,1,1,1,1,0,covered_defect,Valid Claim,2024-06-02,12,0
CLM-01178,PRD-01178,Industrial Tools,IronForge,IronForge Grinder 9,SN-IRO-2919174,Industrial Supply Direct,INV-2025-94323,Seal failure,Seal failure: the problem developed gradually with regular use.,Normal Wear and Tear,2025-04-24,2027-04-25,2026-01-24,2026-01-30,24,0,193.09,281,450,6,0.774,0,0,1,0,0,1,0,1,1,0,covered_defect,Valid Claim,2025-04-24,450,1
CLM-01179,PRD-01179,Home Appliances,AeroBreeze,AeroBreeze 1.5T,SN-AER-1556554,Metro Hardware Centre,INV-2023-10622,Water pump leakage,Water pump leakage: the problem developed gradually with regular use.,Normal Wear and Tear,2023-03-16,2026-03-16,2026-03-20,2026-03-31,36,1,251.82,1111,-15,11,0.755,0,0,1,0,0,1,1,1,1,0,expired,Invalid Claim,2023-03-16,0,0
CLM-01180,PRD-01180,Consumer Electronics,NovaSound,VividTab 11,SN-NOV-9415240,Metro Hardware Centre,INV-2025-69533,Speaker malfunction,Speaker malfunction: the problem appeared after contact with water.,Water Ingress,2025-04-06,2027-04-07,2025-03-10,2026-04-30,24,0,415.09,389,342,416,0.633,0,0,1,0,1,1,1,0,1,0,excluded_damage,Invalid Claim,2025-04-06,342,1
CLM-01181,PRD-01181,Industrial Tools,IronForge,IronForge Grinder 9,SN-IRO-9783091,Industrial Supply Direct,INV-2025-59384,Armature burnout,Armature burnout: the problem developed gradually with regular use.,Normal Wear and Tear,2025-06-27,2028-06-27,2026-01-29,2026-02-01,36,1,527.83,219,877,3,0.651,0,0,1,0,0,0,1,1,1,0,missing_documents,Manual Review,2025-06-27,877,1
CLM-01182,PRD-01182,Industrial Tools,IronForge,TorqueMax HD Drill,SN-IRO-3379475,Industrial Supply Direct,INV-2025-46589,Trigger switch failure,Trigger switch failure: the problem developed gradually with regular use.,Normal Wear and Tear,2025-02-25,2027-02-26,2026-01-14,2026-01-16,24,0,351.08,325,406,2,0.438,0,0,1,0,0,1,1,1,0,0,covered_defect,Valid Claim,2025-02-25,406,1
CLM-01183,PRD-01183,Industrial Tools,VoltEdge,VoltEdge Saw 18V,SN-VOL-2255561,Industrial Supply Direct,INV-2023-30930,Trigger switch failure,Trigger switch failure: the problem appeared after the unit was dropped.,Accidental Drop,2023-03-25,2026-03-25,2026-01-13,2026-01-18,36,1,1214.87,1030,66,5,0.381,0,0,1,0,0,1,0,1,1,0,ambiguous_cause,Manual Review,2023-03-25,66,1
CLM-01184,PRD-01184,Home Appliances,AeroBreeze,FrostGuard 450L,SN-AER-9012583,MegaMart Online,INV-2022-12080,Thermostat failure,Thermostat failure: the problem appeared after contact with water.,Water Ingress,2022-08-10,2025-08-10,2026-01-28,2026-02-08,36,0,676.2,1278,-182,11,0.399,0,0,1,1,0,1,1,1,1,0,expired,Invalid Claim,2022-08-10,0,0
CLM-01185,PRD-01185,Industrial Tools,TorqueMax,IronForge Grinder 9,SN-TOR-5925505,Brand Flagship Store,INV-2023-38691,Armature burnout,Armature burnout: the problem developed gradually with regular use.,Normal Wear and Tear,2023-03-20,2026-03-20,2026-03-30,2026-04-01,36,0,390.28,1108,-12,2,0.263,2,0,1,1,0,1,1,1,1,0,grace_boundary,Manual Review,2023-03-20,0,0
CLM-01186,PRD-01186,Consumer Electronics,ApexTech,PixelWatch 3,SN-APE-3791955,Industrial Supply Direct,INV-2025-94293,Battery not charging,Battery not charging: the problem appeared after a power fluctuation.,Electrical Surge,2025-03-10,2027-03-11,2026-01-04,2026-01-06,24,1,483.79,302,429,2,0.388,0,0,1,0,0,1,0,1,1,0,ambiguous_cause,Manual Review,2025-03-10,429,1
CLM-01187,PRD-01187,Industrial Tools,TorqueMax,TorqueMax HD Drill,SN-TOR-5897471,Brand Flagship Store,INV-2023-15703,Trigger switch failure,Trigger switch failure: the problem appeared after the unit was dropped.,Accidental Drop,2023-08-04,2027-08-04,2026-04-11,2026-05-01,48,1,388.66,1001,460,20,0.727,0,0,1,0,0,0,0,1,1,0,excluded_damage,Invalid Claim,2023-08-04,460,2
CLM-01188,PRD-01188,Consumer Electronics,PixelCraft,NovaPhone 12,SN-PIX-5430733,City Electronics Mall,INV-2023-98166,Speaker malfunction,Speaker malfunction: the problem developed gradually with regular use.,Normal Wear and Tear,2023-06-13,2026-06-13,2026-06-01,2026-06-08,36,1,1618.81,1091,5,7,0.779,0,0,1,0,0,1,1,1,0,0,covered_defect,Valid Claim,2023-06-13,5,1
CLM-01189,PRD-01189,Industrial Tools,IronForge,VoltEdge Saw 18V,SN-IRO-2194536,Brand Flagship Store,INV-2024-49993,Chuck bearing failure,Chuck bearing failure: the problem appeared after a power fluctuation.,Electrical Surge,2024-10-01,2026-10-02,2026-09-19,2026-09-20,24,0,552.63,719,12,1,0.546,0,0,1,0,0,1,1,1,1,0,covered_defect,Valid Claim,2024-10-01,12,0
CLM-01190,PRD-01190,Consumer Electronics,ApexTech,PixelWatch 3,SN-APE-2040384,Metro Hardware Centre,INV-2025-71176,Touch panel unresponsive,Touch panel unresponsive: the problem developed gradually with regular use.,Normal Wear and Tear,2025-07-30,2027-07-31,2026-05-11,2026-05-21,24,0,627.0,295,436,10,0.444,0,0,1,0,0,1,1,1,0,0,covered_defect,Valid Claim,2025-07-30,436,1
CLM-01191,PRD-01191,Industrial Tools,IronForge,HydraPower Jack 5T,SN-IRO-1259747,City Electronics Mall,INV-2025-35353,Trigger switch failure,Trigger switch failure: the problem developed gradually with regular use.,Normal Wear and Tear,2025-03-26,2028-03-26,2025-12-30,2026-01-06,36,1,469.3,286,810,7,0.58,1,0,1,0,0,1,1,1,1,0,covered_defect+noise,Manual Review,2025-03-26,810,0
CLM-01192,PRD-01192,Consumer Electronics,NovaSound,PixelWatch 3,SN-NOV-7741694,City Electronics Mall,INV-2025-30185,Motherboard failure,Motherboard failure: the problem appeared after contact with water.,Water Ingress,2025-05-25,2027-05-26,2026-01-29,2026-02-24,24,0,646.84,275,456,26,0.499,1,0,1,0,0,1,1,1,1,0,ambiguous_cause,Manual Review,2025-05-25,456,0
CLM-01193,PRD-01193,Industrial Tools,IronForge,IronForge Grinder 9,SN-IRO-3667582,City Electronics Mall,INV-2024-46745,Armature burnout,Armature burnout: the problem appeared after the unit was dropped.,Accidental Drop,2024-05-16,2026-05-17,2026-01-03,2026-01-10,24,0,468.79,604,127,7,0.325,0,0,1,0,0,1,0,1,1,0,ambiguous_cause,Manual Review,2024-05-16,127,1
CLM-01194,PRD-01194,Industrial Tools,IronForge,TorqueMax HD Drill,SN-IRO-3710484,Metro Hardware Centre,INV-2024-12428,Armature burnout,Armature burnout: the problem appeared after the unit was dropped.,Accidental Drop,2024-10-05,2026-10-06,2026-05-30,2026-05-30,24,0,336.28,602,129,0,0.575,0,0,1,0,0,0,1,1,1,0,excluded_damage,Invalid Claim,2024-10-05,129,1
CLM-01195,PRD-01195,Consumer Electronics,PixelCraft,VividTab 11,SN-PIX-8912020,Industrial Supply Direct,INV-2026-66655,Battery not charging,Battery not charging: the problem appeared after the unit was dropped.,Accidental Drop,2026-07-07,2029-07-07,2026-08-27,2026-09-06,36,1,665.55,61,1035,10,0.394,1,0,1,0,0,1,1,1,1,0,ambiguous_cause,Manual Review,2026-07-07,1035,0
CLM-01196,PRD-01196,Home Appliances,KitchenPro,FrostGuard 450L,SN-KIT-3210131,Brand Flagship Store,INV-2024-21725,Drum spin malfunction,Drum spin malfunction: the problem developed gradually with regular use.,Normal Wear and Tear,2024-04-07,2026-04-08,2026-01-01,2026-01-15,24,0,278.45,648,83,14,0.492,0,0,1,0,0,1,1,1,1,0,covered_defect,Valid Claim,2024-04-07,83,0
CLM-01197,PRD-01197,Home Appliances,FrostGuard,KitchenPro 30L,SN-FRO-1006378,MegaMart Online,INV-2023-24614,Motor burnout,Motor burnout: the problem appeared under heavy load.,Mechanical Stress,2023-10-22,2026-10-22,2026-06-01,2026-06-03,36,0,866.77,955,141,2,0.125,0,0,1,0,0,1,1,1,1,0,covered_defect,Valid Claim,2023-10-22,141,0
CLM-01198,PRD-01198,Home Appliances,FrostGuard,KitchenPro 30L,SN-FRO-9941330,Brand Flagship Store,INV-2023-39900,Compressor failure,Compressor failure: the problem appeared after contact with water.,Water Ingress,2023-12-12,2026-12-12,2026-01-27,2026-01-29,36,0,1470.04,779,317,2,0.435,0,0,1,0,0,1,1,1,1,0,ambiguous_cause,Manual Review,2023-12-12,317,0
CLM-01199,PRD-01199,Industrial Tools,HydraPower,VoltEdge Saw 18V,SN-HYD-7046687,Brand Flagship Store,INV-2024-96451,Gearbox seizure,Gearbox seizure: the problem has no obvious cause.,Unknown / Not Sure,2024-10-08,2027-10-09,2026-06-20,2026-07-14,36,1,376.32,644,452,24,0.768,1,0,1,0,0,1,1,1,1,1,covered_defect,Valid Claim,2024-10-08,452,0
CLM-01200,PRD-01200,Consumer Electronics,ApexTech,NovaPods Max,SN-APE-7043625,Industrial Supply Direct,INV-2025-34155,Screen flickering,Screen flickering: the problem appeared after contact with water.,Water Ingress,2025-11-27,2026-11-27,2026-06-19,2026-06-24,12,0,614.91,209,156,5,0.414,0,0,1,0,0,1,1,1,0,0,ambiguous_cause,Manual Review,2025-11-27,156,1
CLM-01201,PRD-01201,Consumer Electronics,VividDisplay,VividTab 11,SN-VIV-3141412,Industrial Supply Direct,INV-2025-10908,Speaker malfunction,Speaker malfunction: the problem appeared after the unit was dropped.,Accidental Drop,2025-10-06,2027-10-07,2026-07-28,2026-08-06,24,0,630.78,304,427,9,0.429,1,0,1,0,0,1,1,1,1,1,ambiguous_cause+noise,Invalid Claim,2025-10-06,427,0
CLM-01202,PRD-01202,Home Appliances,KitchenPro,FrostGuard 450L,SN-KIT-8435705,Metro Hardware Centre,INV-2021-78835,Thermostat failure,Thermostat failure: the problem appeared after a power fluctuation.,Electrical Surge,2021-06-22,2025-06-22,2026-06-28,2026-07-07,48,1,643.25,1841,-380,9,0.283,0,0,1,0,0,1,0,1,1,0,expired,Invalid Claim,2021-06-22,0,1
CLM-01203,PRD-01203,Home Appliances,KitchenPro,AeroBreeze 1.5T,SN-KIT-8821684,Industrial Supply Direct,INV-2024-80874,Drum spin malfunction,Drum spin malfunction: the problem appeared after contact with water.,Water Ingress,2024-08-15,2026-08-16,2026-05-20,2026-05-22,24,0,905.83,645,86,2,0.446,1,0,1,0,0,1,1,1,1,1,ambiguous_cause,Manual Review,2024-08-15,86,0
CLM-01204,PRD-01204,Home Appliances,AeroBreeze,CleanCycle 8kg,SN-AER-5107634,Brand Flagship Store,INV-2024-44770,PCB failure,PCB failure: the problem has no obvious cause.,Unknown / Not Sure,2024-03-10,2026-03-11,2026-02-20,2026-02-22,24,0,229.6,714,17,2,0.563,0,0,1,0,0,1,0,0,1,0,missing_documents,Manual Review,2024-03-10,17,2
CLM-01205,PRD-01205,Consumer Electronics,VividDisplay,PixelWatch 3,SN-VIV-7294459,Brand Flagship Store,INV-2024-69550,Touch panel unresponsive,Touch panel unresponsive: the problem appeared after a power fluctuation.,Electrical Surge,2024-12-28,2027-12-29,2026-01-07,2026-01-07,36,1,485.18,375,721,0,0.055,0,0,1,0,0,1,1,0,1,0,ambiguous_cause,Manual Review,2024-12-28,721,1
CLM-01206,PRD-01206,Consumer Electronics,PixelCraft,ApexBook Pro 16,SN-PIX-2004050,Metro Hardware Centre,INV-2025-89688,Speaker malfunction,Speaker malfunction: the problem appeared after the unit was dropped.,Accidental Drop,2025-02-12,2027-02-13,2026-07-31,2026-08-05,24,0,502.97,539,192,5,0.434,2,1,1,0,0,1,1,1,1,0,unauthorized_repair,Invalid Claim,2025-02-12,192,0
CLM-01207,PRD-01207,Consumer Electronics,NovaSound,NovaPods Max,SN-NOV-4341227,Industrial Supply Direct,INV-2025-26566,Screen flickering,Screen flickering: the problem appeared after the unit was dropped.,Accidental Drop,2025-12-02,2027-12-03,2026-06-29,2026-07-08,24,1,549.17,218,513,9,0.518,0,0,1,0,0,1,1,1,1,0,ambiguous_cause,Manual Review,2025-12-02,513,0
CLM-01208,PRD-01208,Industrial Tools,TorqueMax,TorqueMax HD Drill,SN-TOR-3384072,Metro Hardware Centre,INV-2023-97460,Gearbox seizure,Gearbox seizure: the problem started without any external cause during normal use.,Manufacturing Defect,2023-11-11,2026-11-11,2026-05-17,2026-05-20,36,0,885.84,921,175,3,0.725,0,0,1,0,0,1,1,1,1,0,covered_defect,Valid Claim,2023-11-11,175,0
CLM-01209,PRD-01209,Home Appliances,AeroBreeze,FrostGuard 450L,SN-AER-7522539,Brand Flagship Store,INV-2022-89059,Drum spin malfunction,Drum spin malfunction: the problem developed gradually with regular use.,Normal Wear and Tear,2022-12-22,2025-12-22,2026-06-27,2026-09-04,36,0,828.09,1352,-256,69,0.225,0,0,1,0,0,1,1,1,1,0,expired,Invalid Claim,2022-12-22,0,0
CLM-01210,PRD-01210,Industrial Tools,VoltEdge,VoltEdge Saw 18V,SN-VOL-1772156,National Appliance Depot,INV-2024-78971,Chuck bearing failure,Chuck bearing failure: the problem started without any external cause during normal use.,Manufacturing Defect,2024-05-09,2028-05-09,2026-01-10,2026-01-16,48,1,587.85,617,844,6,0.808,0,0,1,0,0,1,1,1,1,0,covered_defect,Valid Claim,2024-05-09,844,0
CLM-01211,PRD-01211,Consumer Electronics,VividDisplay,NovaPhone 12,SN-VIV-3371278,MegaMart Online,INV-2024-41969,Speaker malfunction,Speaker malfunction: the problem developed gradually with regular use.,Normal Wear and Tear,2024-10-29,2026-10-30,2026-09-16,2026-09-19,24,0,865.25,690,41,3,0.551,1,0,1,0,0,1,1,1,1,1,covered_defect,Valid Claim,2024-10-29,41,0
CLM-01212,PRD-01212,Home Appliances,AeroBreeze,CleanCycle 8kg,SN-AER-9934181,Brand Flagship Store,INV-2023-96434,Thermostat failure,Thermostat failure: the problem has no obvious cause.,Unknown / Not Sure,2023-02-13,2027-02-13,2026-07-17,2026-07-17,48,1,572.68,1250,211,0,0.504,1,0,1,0,0,1,1,1,0,1,covered_defect,Valid Claim,2023-02-13,211,1
CLM-01213,PRD-01213,Home Appliances,CleanCycle,FrostGuard 450L,SN-CLE-9731621,National Appliance Depot,INV-2025-29193,Motor burnout,Motor burnout: the problem appeared under heavy load.,Mechanical Stress,2025-08-17,2027-08-18,2026-01-01,2026-01-10,24,0,522.84,146,585,9,0.16,0,0,1,0,0,0,1,1,1,0,missing_documents,Manual Review,2025-08-17,585,1
CLM-01214,PRD-01214,Industrial Tools,TorqueMax,IronForge Grinder 9,SN-TOR-8359402,MegaMart Online,INV-2025-52021,Armature burnout,Armature burnout: the problem started without any external cause during normal use.,Manufacturing Defect,2025-07-10,2028-07-10,2026-08-24,2026-08-25,36,1,223.64,411,685,1,0.684,0,0,1,0,0,1,1,1,1,0,covered_defect,Valid Claim,2025-07-10,685,0
CLM-01215,PRD-01215,Home Appliances,CleanCycle,FrostGuard 450L,SN-CLE-2123849,City Electronics Mall,INV-2023-27524,Thermostat failure,Thermostat failure: the problem started without any external cause during normal use.,Manufacturing Defect,2023-10-24,2026-10-24,2026-04-13,2026-04-20,36,1,924.2,909,187,7,0.822,0,0,1,0,0,1,1,1,1,0,covered_defect,Valid Claim,2023-10-24,187,0
CLM-01216,PRD-01216,Industrial Tools,TorqueMax,TorqueMax HD Drill,SN-TOR-4879797,Industrial Supply Direct,INV-2024-13591,Chuck bearing failure,Chuck bearing failure: the problem appeared under heavy load.,Mechanical Stress,2024-10-04,2027-10-05,2026-09-06,2026-09-10,36,0,1047.81,706,390,4,0.818,0,0,1,0,0,1,1,1,1,0,covered_defect+noise,Invalid Claim,2024-10-04,390,0
CLM-01217,PRD-01217,Consumer Electronics,ApexTech,ApexBook Pro 16,SN-APE-8938468,MegaMart Online,INV-2025-36670,Speaker malfunction,Speaker malfunction: the problem started without any external cause during normal use.,Manufacturing Defect,2025-11-21,2027-11-22,2026-06-24,2026-06-29,24,0,1029.85,220,511,5,0.818,1,0,1,0,0,1,0,1,0,1,missing_documents,Manual Review,2025-11-21,511,2
CLM-01218,PRD-01218,Industrial Tools,TorqueMax,HydraPower Jack 5T,SN-TOR-6408986,MegaMart Online,INV-2025-72282,Chuck bearing failure,Chuck bearing failure: the problem has no obvious cause.,Unknown / Not Sure,2025-02-15,2028-02-16,2026-02-07,2026-02-14,36,0,479.59,364,732,7,0.567,0,0,1,0,0,1,1,0,1,0,covered_defect,Valid Claim,2025-02-15,732,1
CLM-01219,PRD-01219,Home Appliances,KitchenPro,KitchenPro 30L,SN-KIT-7404198,MegaMart Online,INV-2025-79658,Water pump leakage,Water pump leakage: the problem started without any external cause during normal use.,Manufacturing Defect,2025-03-09,2028-03-09,2026-03-03,2026-03-03,36,0,1006.13,359,737,0,0.943,0,0,1,0,0,1,0,1,0,0,missing_documents,Manual Review,2025-03-09,737,2
CLM-01220,PRD-01220,Home Appliances,AeroBreeze,AeroBreeze 1.5T,SN-AER-6879131,Brand Flagship Store,INV-2023-82638,Water pump leakage,Water pump leakage: the problem started without any external cause during normal use.,Manufacturing Defect,2023-06-24,2026-06-24,2023-06-15,2026-06-18,36,1,339.2,1090,6,1099,0.75,0,0,1,0,1,1,1,1,0,0,contradiction,Manual Review,2023-06-24,6,1
CLM-01221,PRD-01221,Consumer Electronics,ApexTech,PixelWatch 3,SN-APE-9169045,Industrial Supply Direct,INV-2023-96513,Battery not charging,Battery not charging: the problem appeared after contact with water.,Water Ingress,2023-04-02,2026-04-02,2026-03-21,2026-03-22,36,1,563.79,1085,11,1,0.674,0,0,1,0,0,1,1,1,1,0,excluded_damage,Invalid Claim,2023-04-02,11,0
CLM-01222,PRD-01222,Home Appliances,CleanCycle,AeroBreeze 1.5T,SN-CLE-9386111,City Electronics Mall,INV-2023-55736,PCB failure,PCB failure: the problem started without any external cause during normal use.,Manufacturing Defect,2023-03-28,2026-03-28,2026-04-01,2026-04-09,36,0,1018.88,1108,-12,8,0.694,0,0,1,0,0,1,1,1,1,0,grace_boundary,Manual Review,2023-03-28,0,0
CLM-01223,PRD-01223,Industrial Tools,VoltEdge,HydraPower Jack 5T,SN-VOL-9340481,Brand Flagship Store,INV-2023-22985,Gearbox seizure,Gearbox seizure: the problem developed gradually with regular use.,Normal Wear and Tear,2023-01-30,2026-01-30,2026-03-29,2026-03-30,36,1,347.2,1155,-59,1,0.078,0,0,1,0,0,1,1,0,1,0,expired,Invalid Claim,2023-01-30,0,1
CLM-01224,PRD-01224,Industrial Tools,VoltEdge,VoltEdge Saw 18V,SN-VOL-9829250,City Electronics Mall,INV-2024-47936,Chuck bearing failure,Chuck bearing failure: the problem started without any external cause during normal use.,Manufacturing Defect,2024-01-06,2026-01-06,2026-06-22,2026-06-27,24,0,439.2,903,-172,5,0.904,1,1,1,0,0,1,1,1,1,1,expired+noise,Manual Review,2024-01-06,0,0
CLM-01225,PRD-01225,Home Appliances,KitchenPro,AeroBreeze 1.5T,SN-KIT-1794664,City Electronics Mall,INV-2024-76882,Thermostat failure,Thermostat failure: the problem started without any external cause during normal use.,Manufacturing Defect,2024-08-17,2026-08-18,2026-08-26,2026-09-01,24,0,415.23,745,-14,6,0.751,0,0,1,0,0,1,1,1,1,0,grace_boundary,Manual Review,2024-08-17,0,0
CLM-01226,PRD-01226,Home Appliances,KitchenPro,KitchenPro 30L,SN-KIT-1682408,National Appliance Depot,INV-2025-75124,Compressor failure,Compressor failure: the problem started without any external cause during normal use.,Manufacturing Defect,2025-10-25,2027-10-26,2026-06-09,2026-06-09,24,0,681.41,227,504,0,0.613,0,0,1,0,0,1,0,1,0,0,missing_documents,Manual Review,2025-10-25,504,2
CLM-01227,PRD-01227,Home Appliances,FrostGuard,FrostGuard 450L,SN-FRO-9610153,MegaMart Online,INV-2025-87892,Thermostat failure,Thermostat failure: the problem appeared after contact with water.,Water Ingress,2025-11-14,2028-11-14,2025-11-05,2026-06-03,36,1,1780.25,201,895,210,0.487,0,0,1,0,1,1,1,1,0,0,contradiction,Manual Review,2025-11-14,895,1
CLM-01228,PRD-01228,Industrial Tools,HydraPower,TorqueMax HD Drill,SN-HYD-6588720,Brand Flagship Store,INV-2025-99542,Armature burnout,Armature burnout: the problem appeared under heavy load.,Mechanical Stress,2025-09-29,2028-09-29,2026-01-07,2026-02-04,36,1,472.75,128,968,28,0.536,0,0,1,0,0,0,1,1,1,0,missing_documents,Manual Review,2025-09-29,968,1
CLM-01229,PRD-01229,Consumer Electronics,VividDisplay,NovaPhone 12,SN-VIV-8500474,National Appliance Depot,INV-2026-55715,Touch panel unresponsive,Touch panel unresponsive: the problem has no obvious cause.,Unknown / Not Sure,2026-02-01,2029-02-01,2026-03-26,2026-03-30,36,1,588.97,57,1039,4,0.35,1,1,1,0,0,1,1,1,1,1,unauthorized_repair,Invalid Claim,2026-02-01,1039,0
CLM-01230,PRD-01230,Home Appliances,AeroBreeze,FrostGuard 450L,SN-AER-3424930,Metro Hardware Centre,INV-2024-60456,Compressor failure,Compressor failure: the problem started without any external cause during normal use.,Manufacturing Defect,2024-03-28,2027-03-29,2026-08-27,2026-08-31,36,0,630.38,886,210,4,0.667,0,0,1,0,0,1,1,1,1,0,covered_defect,Valid Claim,2024-03-28,210,0
CLM-01231,PRD-01231,Home Appliances,KitchenPro,FrostGuard 450L,SN-KIT-9229784,City Electronics Mall,INV-2024-56501,PCB failure,PCB failure: the problem started without any external cause during normal use.,Manufacturing Defect,2024-07-28,2026-07-29,2026-06-28,2026-07-06,24,0,389.41,708,23,8,0.516,0,0,0,0,0,1,1,1,1,0,serial_mismatch,Invalid Claim,2024-07-28,23,0
CLM-01232,PRD-01232,Industrial Tools,IronForge,HydraPower Jack 5T,SN-IRO-2505461,Brand Flagship Store,INV-2024-38621,Seal failure,Seal failure: the problem developed gradually with regular use.,Normal Wear and Tear,2024-06-22,2027-06-23,2026-04-07,2026-04-12,36,0,903.95,659,437,5,0.262,0,0,0,0,0,1,0,0,0,0,missing_documents,Manual Review,2024-06-22,437,3
CLM-01233,PRD-01233,Home Appliances,AeroBreeze,CleanCycle 8kg,SN-AER-5079156,MegaMart Online,INV-2023-14006,Water pump leakage,Water pump leakage: the problem developed gradually with regular use.,Normal Wear and Tear,2023-11-11,2026-11-11,2026-04-24,2026-04-25,36,0,671.83,896,200,1,0.342,1,1,1,0,0,1,1,1,1,1,unauthorized_repair,Invalid Claim,2023-11-11,200,0
CLM-01234,PRD-01234,Home Appliances,AeroBreeze,KitchenPro 30L,SN-AER-5681774,Metro Hardware Centre,INV-2026-43299,Drum spin malfunction,Drum spin malfunction: the problem appeared after the unit was dropped.,Accidental Drop,2026-01-29,2029-01-29,2026-04-26,2026-04-26,36,0,147.6,87,1009,0,0.372,0,0,1,0,0,1,1,1,1,0,ambiguous_cause,Manual Review,2026-01-29,1009,0
CLM-01235,PRD-01235,Home Appliances,CleanCycle,AeroBreeze 1.5T,SN-CLE-8678713,City Electronics Mall,INV-2026-49787,Drum spin malfunction,Drum spin malfunction: the problem developed gradually with regular use.,Normal Wear and Tear,2026-02-17,2029-02-17,2026-01-09,2026-09-12,36,0,388.72,207,889,246,0.078,0,0,0,0,1,1,0,1,1,0,serial_mismatch,Invalid Claim,2026-02-17,889,1
CLM-01236,PRD-01236,Industrial Tools,HydraPower,VoltEdge Saw 18V,SN-HYD-5831677,Brand Flagship Store,INV-2024-54573,Gearbox seizure,Gearbox seizure: the problem developed gradually with regular use.,Normal Wear and Tear,2024-10-21,2027-10-22,2026-08-25,2026-09-03,36,0,663.75,682,414,9,0.408,1,1,1,0,0,1,1,1,1,0,unauthorized_repair,Invalid Claim,2024-10-21,414,0
CLM-01237,PRD-01237,Consumer Electronics,VividDisplay,ApexBook Pro 16,SN-VIV-7270833,Brand Flagship Store,INV-2024-92645,Speaker malfunction,Speaker malfunction: the problem started without any external cause during normal use.,Manufacturing Defect,2024-11-01,2026-11-02,2026-05-31,2026-06-11,24,0,387.16,587,144,11,0.7,0,0,1,0,0,1,0,1,1,0,covered_defect,Valid Claim,2024-11-01,144,1
CLM-01238,PRD-01238,Industrial Tools,HydraPower,TorqueMax HD Drill,SN-HYD-5404023,MegaMart Online,INV-2023-20875,Seal failure,Seal failure: the problem appeared after a power fluctuation.,Electrical Surge,2023-09-02,2026-09-02,2026-02-16,2026-03-09,36,1,589.96,919,177,21,0.43,0,0,1,0,0,0,1,1,0,0,missing_documents,Manual Review,2023-09-02,177,2
CLM-01239,PRD-01239,Industrial Tools,TorqueMax,TorqueMax HD Drill,SN-TOR-8667872,City Electronics Mall,INV-2023-67200,Armature burnout,Armature burnout: the problem appeared under heavy load.,Mechanical Stress,2023-08-29,2026-08-29,2026-08-23,2026-08-28,36,0,1071.75,1095,1,5,0.471,1,1,1,0,0,1,1,1,1,1,unauthorized_repair,Invalid Claim,2023-08-29,1,0
CLM-01240,PRD-01240,Consumer Electronics,VividDisplay,NovaPods Max,SN-VIV-6710683,MegaMart Online,INV-2025-81264,Touch panel unresponsive,Touch panel unresponsive: the problem appeared after the unit was dropped.,Accidental Drop,2025-01-27,2027-01-28,2026-07-04,2026-07-11,24,0,381.94,530,201,7,0.491,1,0,1,0,0,1,1,1,1,1,ambiguous_cause,Manual Review,2025-01-27,201,0
CLM-01241,PRD-01241,Home Appliances,AeroBreeze,AeroBreeze 1.5T,SN-AER-3052184,City Electronics Mall,INV-2024-12094,Motor burnout,Motor burnout: the problem started without any external cause during normal use.,Manufacturing Defect,2024-12-04,2027-12-05,2026-07-26,2026-07-31,36,0,330.58,604,492,5,0.61,1,0,0,0,0,0,1,1,1,0,missing_documents,Manual Review,2024-12-04,492,1
CLM-01242,PRD-01242,Industrial Tools,HydraPower,HydraPower Jack 5T,SN-HYD-1425917,City Electronics Mall,INV-2025-90717,Gearbox seizure,Gearbox seizure: the problem developed gradually with regular use.,Normal Wear and Tear,2025-05-31,2027-06-01,2026-02-13,2026-02-13,24,0,1516.51,258,473,0,0.557,1,0,1,0,0,1,1,0,1,1,covered_defect,Valid Claim,2025-05-31,473,1
CLM-01243,PRD-01243,Home Appliances,AeroBreeze,FrostGuard 450L,SN-AER-7868403,City Electronics Mall,INV-2023-96373,Drum spin malfunction,Drum spin malfunction: the problem appeared after the unit was dropped.,Accidental Drop,2023-04-01,2026-04-01,2026-03-02,2026-03-14,36,1,228.63,1078,18,12,0.738,0,0,1,0,0,1,1,1,1,0,excluded_damage,Invalid Claim,2023-04-01,18,0
CLM-01244,PRD-01244,Consumer Electronics,ApexTech,ApexBook Pro 16,SN-APE-8103971,City Electronics Mall,INV-2025-50363,Battery not charging,Battery not charging: the problem developed gradually with regular use.,Normal Wear and Tear,2025-08-23,2026-08-23,2026-08-26,2026-08-26,12,0,291.37,368,-3,0,0.659,1,0,1,0,0,1,1,0,1,1,grace_boundary,Manual Review,2025-08-23,0,1
CLM-01245,PRD-01245,Consumer Electronics,ApexTech,ApexBook Pro 16,SN-APE-7987586,MegaMart Online,INV-2025-20003,Touch panel unresponsive,Touch panel unresponsive: the problem appeared after contact with water.,Water Ingress,2025-01-29,2028-01-30,2026-05-03,2026-05-13,36,1,892.66,469,627,10,0.267,0,0,1,0,0,0,0,1,1,0,missing_documents,Manual Review,2025-01-29,627,2
CLM-01246,PRD-01246,Home Appliances,FrostGuard,AeroBreeze 1.5T,SN-FRO-8073803,Industrial Supply Direct,INV-2024-16967,Drum spin malfunction,Drum spin malfunction: the problem appeared after the unit was dropped.,Accidental Drop,2024-10-03,2027-10-04,2024-09-28,2026-01-14,36,0,968.94,468,628,473,0.365,0,0,1,0,1,1,1,1,1,0,contradiction+noise,Valid Claim,2024-10-03,628,0
CLM-01247,PRD-01247,Industrial Tools,HydraPower,TorqueMax HD Drill,SN-HYD-1452457,Industrial Supply Direct,INV-2023-61895,Chuck bearing failure,Chuck bearing failure: the problem started without any external cause during normal use.,Manufacturing Defect,2023-08-17,2026-08-17,2026-07-24,2026-07-27,36,1,1084.14,1075,21,3,0.797,0,0,1,0,0,1,1,1,1,0,covered_defect,Valid Claim,2023-08-17,21,0
CLM-01248,PRD-01248,Consumer Electronics,VividDisplay,NovaPhone 12,SN-VIV-4428648,National Appliance Depot,INV-2025-82751,Speaker malfunction,Speaker malfunction: the problem started without any external cause during normal use.,Manufacturing Defect,2025-10-06,2026-10-06,2026-02-28,2026-03-27,12,0,576.7,172,193,27,0.806,0,0,1,0,0,1,1,0,1,0,covered_defect,Valid Claim,2025-10-06,193,1
CLM-01249,PRD-01249,Home Appliances,FrostGuard,FrostGuard 450L,SN-FRO-3696575,National Appliance Depot,INV-2023-70015,Drum spin malfunction,Drum spin malfunction: the problem developed gradually with regular use.,Normal Wear and Tear,2023-10-26,2025-10-26,2026-04-04,2026-04-30,24,0,685.45,917,-186,26,0.423,3,1,1,0,0,0,1,1,1,1,expired+noise,Manual Review,2023-10-26,0,1
CLM-01250,PRD-01250,Consumer Electronics,PixelCraft,NovaPods Max,SN-PIX-7792819,MegaMart Online,INV-2025-54362,Screen flickering,Screen flickering: the problem started without any external cause during normal use.,Manufacturing Defect,2025-03-31,2026-03-31,2026-03-01,2026-03-25,12,0,667.16,359,6,24,0.904,0,0,1,0,0,1,1,1,1,0,covered_defect,Valid Claim,2025-03-31,6,0
CLM-01251,PRD-01251,Home Appliances,FrostGuard,FrostGuard 450L,SN-FRO-2350742,Metro Hardware Centre,INV-2025-72312,Compressor failure,Compressor failure: the problem started without any external cause during normal use.,Manufacturing Defect,2025-08-17,2028-08-17,2026-06-22,2026-06-28,36,1,401.44,315,781,6,0.915,1,0,1,0,0,0,1,1,1,1,missing_documents,Manual Review,2025-08-17,781,1
CLM-01252,PRD-01252,Industrial Tools,TorqueMax,IronForge Grinder 9,SN-TOR-7626228,Brand Flagship Store,INV-2022-54194,Seal failure,Seal failure: the problem has no obvious cause.,Unknown / Not Sure,2022-06-15,2026-06-15,2026-06-04,2026-06-08,48,1,556.16,1454,7,4,0.333,1,0,1,0,0,0,1,1,1,1,missing_documents,Manual Review,2022-06-15,7,1
CLM-01253,PRD-01253,Home Appliances,AeroBreeze,FrostGuard 450L,SN-AER-2042710,City Electronics Mall,INV-2023-16485,Thermostat failure,Thermostat failure: the problem developed gradually with regular use.,Normal Wear and Tear,2023-11-08,2026-11-08,2026-03-01,2026-03-07,36,0,1093.25,850,246,6,0.52,0,0,1,0,0,1,1,1,1,0,covered_defect,Valid Claim,2023-11-08,246,0
CLM-01254,PRD-01254,Industrial Tools,IronForge,IronForge Grinder 9,SN-IRO-6629302,City Electronics Mall,INV-2025-38843,Chuck bearing failure,Chuck bearing failure: the problem started without any external cause during normal use.,Manufacturing Defect,2025-01-02,2027-01-03,2026-09-02,2026-09-07,24,0,1156.55,613,118,5,0.65,0,0,1,0,0,1,1,0,1,0,covered_defect+noise,Manual Review,2025-01-02,118,1
CLM-01255,PRD-01255,Home Appliances,CleanCycle,KitchenPro 30L,SN-CLE-6813435,Metro Hardware Centre,INV-2023-24625,Motor burnout,Motor burnout: the problem started without any external cause during normal use.,Manufacturing Defect,2023-05-23,2026-05-23,2026-06-02,2026-06-03,36,0,364.26,1107,-11,1,0.891,0,0,1,0,0,1,1,1,1,0,grace_boundary,Manual Review,2023-05-23,0,0
CLM-01256,PRD-01256,Home Appliances,FrostGuard,FrostGuard 450L,SN-FRO-7860077,MegaMart Online,INV-2024-56609,PCB failure,PCB failure: the problem appeared after a power fluctuation.,Electrical Surge,2024-11-16,2027-11-17,2026-08-16,2026-08-16,36,0,703.32,638,458,0,0.437,0,0,1,0,0,0,1,1,1,0,missing_documents,Manual Review,2024-11-16,458,1
CLM-01257,PRD-01257,Industrial Tools,TorqueMax,TorqueMax HD Drill,SN-TOR-4133442,Industrial Supply Direct,INV-2024-28907,Gearbox seizure,Gearbox seizure: the problem developed gradually with regular use.,Normal Wear and Tear,2024-07-13,2027-07-14,2026-05-29,2026-06-06,36,0,757.93,693,403,8,0.722,0,0,1,0,0,1,1,1,1,0,covered_defect,Valid Claim,2024-07-13,403,0
CLM-01258,PRD-01258,Industrial Tools,TorqueMax,HydraPower Jack 5T,SN-TOR-5303198,Metro Hardware Centre,INV-2024-22456,Seal failure,Seal failure: the problem appeared after a power fluctuation.,Electrical Surge,2024-11-26,2026-11-27,2026-08-02,2026-08-07,24,0,620.82,619,112,5,0.67,0,0,1,0,0,1,1,1,1,0,covered_defect,Valid Claim,2024-11-26,112,0
CLM-01259,PRD-01259,Consumer Electronics,NovaSound,VividTab 11,SN-NOV-4860425,Brand Flagship Store,INV-2024-23186,Touch panel unresponsive,Touch panel unresponsive: the problem started without any external cause during normal use.,Manufacturing Defect,2024-02-17,2026-02-17,2026-02-18,2026-03-08,24,0,1140.96,750,-19,18,0.687,0,0,0,0,0,1,1,1,1,0,expired,Invalid Claim,2024-02-17,0,0
CLM-01260,PRD-01260,Home Appliances,KitchenPro,FrostGuard 450L,SN-KIT-7104924,Industrial Supply Direct,INV-2026-71380,Drum spin malfunction,Drum spin malfunction: the problem has no obvious cause.,Unknown / Not Sure,2026-05-26,2028-05-26,2026-09-01,2026-09-11,24,0,1121.33,108,623,10,0.377,0,0,1,0,0,1,0,1,1,0,ambiguous_cause,Manual Review,2026-05-26,623,1
CLM-01261,PRD-01261,Industrial Tools,IronForge,IronForge Grinder 9,SN-IRO-6714269,Brand Flagship Store,INV-2023-28178,Chuck bearing failure,Chuck bearing failure: the problem appeared after the unit was dropped.,Accidental Drop,2023-10-03,2027-10-03,2026-03-04,2026-03-10,48,1,1102.62,889,572,6,0.798,1,0,1,0,0,1,1,1,1,0,excluded_damage,Invalid Claim,2023-10-03,572,0
CLM-01262,PRD-01262,Industrial Tools,VoltEdge,HydraPower Jack 5T,SN-VOL-3805349,Metro Hardware Centre,INV-2026-46177,Gearbox seizure,Gearbox seizure: the problem appeared after the unit was dropped.,Accidental Drop,2026-05-21,2028-05-21,2026-08-25,2026-09-19,24,0,524.92,121,610,25,0.479,1,0,1,0,0,1,0,1,1,0,ambiguous_cause,Manual Review,2026-05-21,610,1
CLM-01263,PRD-01263,Industrial Tools,TorqueMax,VoltEdge Saw 18V,SN-TOR-4647165,City Electronics Mall,INV-2022-87956,Armature burnout,Armature burnout: the problem appeared after the unit was dropped.,Accidental Drop,2022-05-22,2026-05-22,2022-04-27,2026-07-20,48,1,413.41,1520,-59,1545,0.28,1,1,1,0,1,1,1,1,1,1,expired,Invalid Claim,2022-05-22,0,0
CLM-01264,PRD-01264,Industrial Tools,VoltEdge,VoltEdge Saw 18V,SN-VOL-2998400,Industrial Supply Direct,INV-2024-40388,Chuck bearing failure,Chuck bearing failure: the problem started without any external cause during normal use.,Manufacturing Defect,2024-08-27,2027-08-28,2026-07-12,2026-07-16,36,0,766.42,688,408,4,0.87,0,0,1,0,0,1,1,1,1,0,covered_defect,Valid Claim,2024-08-27,408,0
CLM-01265,PRD-01265,Consumer Electronics,VividDisplay,NovaPods Max,SN-VIV-3281054,City Electronics Mall,INV-2025-19707,Screen flickering,Screen flickering: the problem developed gradually with regular use.,Normal Wear and Tear,2025-08-23,2026-08-23,2026-03-23,2026-03-29,12,0,1138.83,218,147,6,0.517,0,0,1,0,0,1,1,1,1,0,covered_defect+noise,Manual Review,2025-08-23,147,0
CLM-01266,PRD-01266,Home Appliances,CleanCycle,FrostGuard 450L,SN-CLE-4680740,MegaMart Online,INV-2023-70940,Thermostat failure,Thermostat failure: the problem started without any external cause during normal use.,Manufacturing Defect,2023-09-04,2026-09-04,2026-05-29,2026-05-31,36,0,298.51,1000,96,2,0.875,1,0,1,0,0,1,1,1,1,0,covered_defect,Valid Claim,2023-09-04,96,0
CLM-01267,PRD-01267,Consumer Electronics,VividDisplay,NovaPods Max,SN-VIV-7313871,Metro Hardware Centre,INV-2023-62029,Motherboard failure,Motherboard failure: the problem started without any external cause during normal use.,Manufacturing Defect,2023-08-23,2026-08-23,2026-07-27,2026-08-05,36,1,405.5,1078,18,9,0.629,0,0,1,0,0,1,1,1,1,0,covered_defect,Valid Claim,2023-08-23,18,0
CLM-01268,PRD-01268,Consumer Electronics,NovaSound,NovaPods Max,SN-NOV-3522467,Metro Hardware Centre,INV-2026-54619,Touch panel unresponsive,Touch panel unresponsive: the problem started without any external cause during normal use.,Manufacturing Defect,2026-02-09,2028-02-10,2026-07-18,2026-07-27,24,0,225.07,168,563,9,0.672,1,0,1,0,0,1,1,1,0,1,covered_defect,Valid Claim,2026-02-09,563,1
CLM-01269,PRD-01269,Industrial Tools,IronForge,HydraPower Jack 5T,SN-IRO-2142149,National Appliance Depot,INV-2025-79607,Chuck bearing failure,Chuck bearing failure: the problem appeared after a power fluctuation.,Electrical Surge,2025-06-29,2029-06-29,2026-04-14,2026-04-24,48,1,1221.83,299,1162,10,0.559,1,1,1,0,0,1,1,1,1,0,unauthorized_repair,Invalid Claim,2025-06-29,1162,0
CLM-01270,PRD-01270,Home Appliances,KitchenPro,CleanCycle 8kg,SN-KIT-2237319,City Electronics Mall,INV-2025-44745,Drum spin malfunction,Drum spin malfunction: the problem developed gradually with regular use.,Normal Wear and Tear,2025-01-22,2027-01-23,2026-02-25,2026-02-27,24,0,463.1,401,330,2,0.631,1,0,1,0,0,0,1,1,1,1,missing_documents,Manual Review,2025-01-22,330,1
CLM-01271,PRD-01271,Consumer Electronics,NovaSound,VividTab 11,SN-NOV-8650765,Brand Flagship Store,INV-2025-79877,Wi-Fi/Bluetooth failure,Wi-Fi/Bluetooth failure: the problem has no obvious cause.,Unknown / Not Sure,2025-11-22,2026-11-22,2026-08-06,2026-08-15,12,0,401.2,266,99,9,0.199,0,0,1,0,0,0,1,1,1,0,missing_documents,Manual Review,2025-11-22,99,1
CLM-01272,PRD-01272,Home Appliances,AeroBreeze,FrostGuard 450L,SN-AER-2660244,Metro Hardware Centre,INV-2025-18509,PCB failure,PCB failure: the problem started without any external cause during normal use.,Manufacturing Defect,2025-10-21,2027-10-22,2026-03-17,2026-04-01,24,0,2275.13,162,569,15,0.77,1,0,0,0,0,1,1,1,1,1,serial_mismatch,Invalid Claim,2025-10-21,569,0
CLM-01273,PRD-01273,Industrial Tools,HydraPower,IronForge Grinder 9,SN-HYD-2015138,Industrial Supply Direct,INV-2023-72617,Armature burnout,Armature burnout: the problem appeared under heavy load.,Mechanical Stress,2023-06-01,2026-06-01,2026-04-11,2026-04-22,36,0,414.98,1056,40,11,0.354,1,1,1,0,0,1,1,1,1,0,unauthorized_repair,Invalid Claim,2023-06-01,40,0
CLM-01274,PRD-01274,Industrial Tools,TorqueMax,VoltEdge Saw 18V,SN-TOR-9969394,Brand Flagship Store,INV-2025-72867,Chuck bearing failure,Chuck bearing failure: the problem appeared under heavy load.,Mechanical Stress,2025-01-11,2027-01-12,2026-04-09,2026-05-01,24,0,700.45,475,256,22,0.395,1,0,1,0,0,1,1,1,1,1,covered_defect,Valid Claim,2025-01-11,256,0
CLM-01275,PRD-01275,Consumer Electronics,PixelCraft,ApexBook Pro 16,SN-PIX-2520690,Metro Hardware Centre,INV-2025-71291,Battery not charging,Battery not charging: the problem appeared after the unit was dropped.,Accidental Drop,2025-08-25,2026-08-25,2026-08-13,2026-08-17,12,0,672.79,357,8,4,0.415,1,0,1,0,0,1,1,1,1,1,ambiguous_cause,Manual Review,2025-08-25,8,0
CLM-01276,PRD-01276,Industrial Tools,TorqueMax,TorqueMax HD Drill,SN-TOR-9364839,Metro Hardware Centre,INV-2023-61777,Trigger switch failure,Trigger switch failure: the problem appeared under heavy load.,Mechanical Stress,2023-11-23,2026-11-23,2026-07-14,2026-07-24,36,0,543.36,974,122,10,0.686,0,0,1,0,0,1,0,0,1,0,missing_documents,Manual Review,2023-11-23,122,2
CLM-01277,PRD-01277,Home Appliances,CleanCycle,KitchenPro 30L,SN-CLE-1997437,Brand Flagship Store,INV-2024-20430,Thermostat failure,Thermostat failure: the problem appeared under heavy load.,Mechanical Stress,2024-02-02,2027-02-02,2026-07-28,2026-07-28,36,0,250.81,907,189,0,0.274,0,0,1,0,0,1,1,1,0,0,covered_defect,Valid Claim,2024-02-02,189,1
CLM-01278,PRD-01278,Home Appliances,FrostGuard,CleanCycle 8kg,SN-FRO-9914269,National Appliance Depot,INV-2025-27525,PCB failure,PCB failure: the problem started without any external cause during normal use.,Manufacturing Defect,2025-12-20,2027-12-21,2026-07-20,2026-08-04,24,0,756.33,227,504,15,0.822,0,0,1,0,0,1,1,1,1,0,covered_defect,Valid Claim,2025-12-20,504,0
CLM-01279,PRD-01279,Home Appliances,KitchenPro,FrostGuard 450L,SN-KIT-9316115,Brand Flagship Store,INV-2023-44395,Drum spin malfunction,Drum spin malfunction: the problem started without any external cause during normal use.,Manufacturing Defect,2023-09-17,2025-09-17,2026-01-03,2026-01-06,24,0,1050.98,842,-111,3,0.8,2,0,1,0,0,1,1,1,1,1,expired,Invalid Claim,2023-09-17,0,0
CLM-01280,PRD-01280,Consumer Electronics,ApexTech,PixelWatch 3,SN-APE-4926047,MegaMart Online,INV-2026-86881,Wi-Fi/Bluetooth failure,Wi-Fi/Bluetooth failure: the problem appeared after a power fluctuation.,Electrical Surge,2026-02-10,2027-02-10,2026-09-15,2026-09-18,12,0,660.52,220,145,3,0.11,0,0,1,0,0,1,0,1,1,0,ambiguous_cause,Manual Review,2026-02-10,145,1
CLM-01281,PRD-01281,Industrial Tools,TorqueMax,HydraPower Jack 5T,SN-TOR-1671438,National Appliance Depot,INV-2024-92556,Chuck bearing failure,Chuck bearing failure: the problem appeared under heavy load.,Mechanical Stress,2024-03-03,2026-03-04,2026-03-23,2026-03-24,24,0,755.68,751,-20,1,0.366,0,0,1,0,0,1,1,1,0,0,expired,Invalid Claim,2024-03-03,0,1
CLM-01282,PRD-01282,Home Appliances,AeroBreeze,CleanCycle 8kg,SN-AER-5447553,Industrial Supply Direct,INV-2024-65352,Thermostat failure,Thermostat failure: the problem developed gradually with regular use.,Normal Wear and Tear,2024-03-05,2027-03-06,2026-01-05,2026-01-05,36,0,720.53,671,425,0,0.549,0,0,1,0,0,1,1,1,1,0,covered_defect,Valid Claim,2024-03-05,425,0
CLM-01283,PRD-01283,Home Appliances,AeroBreeze,CleanCycle 8kg,SN-AER-1140176,National Appliance Depot,INV-2025-52218,Water pump leakage,Water pump leakage: the problem started without any external cause during normal use.,Manufacturing Defect,2025-04-15,2027-04-16,2026-05-04,2026-05-27,24,0,532.08,407,324,23,0.819,0,0,1,0,0,1,1,1,1,0,covered_defect,Valid Claim,2025-04-15,324,0
CLM-01284,PRD-01284,Consumer Electronics,VividDisplay,ApexBook Pro 16,SN-VIV-6787859,Metro Hardware Centre,INV-2025-11396,Speaker malfunction,Speaker malfunction: the problem appeared after a power fluctuation.,Electrical Surge,2025-12-16,2026-12-16,2026-01-27,2026-01-27,12,0,547.71,42,323,0,0.327,0,0,1,0,0,1,1,1,1,0,ambiguous_cause,Manual Review,2025-12-16,323,0
CLM-01285,PRD-01285,Consumer Electronics,ApexTech,NovaPhone 12,SN-APE-2907300,MegaMart Online,INV-2026-47903,Touch panel unresponsive,Touch panel unresponsive: the problem appeared after a power fluctuation.,Electrical Surge,2026-01-30,2027-01-30,2026-03-02,2026-03-05,12,0,689.81,34,331,3,0.242,1,0,1,0,0,1,1,1,1,1,ambiguous_cause,Manual Review,2026-01-30,331,0
CLM-01286,PRD-01286,Consumer Electronics,ApexTech,VividTab 11,SN-APE-6595171,Metro Hardware Centre,INV-2024-36665,Screen flickering,Screen flickering: the problem appeared after contact with water.,Water Ingress,2024-02-09,2026-02-09,2024-01-31,2026-05-29,24,0,358.21,840,-109,849,0.562,2,0,0,0,1,1,1,1,0,1,expired,Invalid Claim,2024-02-09,0,1
CLM-01287,PRD-01287,Industrial Tools,TorqueMax,HydraPower Jack 5T,SN-TOR-3020378,National Appliance Depot,INV-2023-18141,Armature burnout,Armature burnout: the problem developed gradually with regular use.,Normal Wear and Tear,2023-03-01,2026-03-01,2026-07-11,2026-07-23,36,0,606.23,1240,-144,12,0.16,0,0,1,0,0,0,1,1,1,0,expired+noise,Valid Claim,2023-03-01,0,1
CLM-01288,PRD-01288,Home Appliances,FrostGuard,CleanCycle 8kg,SN-FRO-6018149,Brand Flagship Store,INV-2025-33698,Thermostat failure,Thermostat failure: the problem appeared after contact with water.,Water Ingress,2025-04-19,2027-04-20,2026-07-09,2026-07-18,24,0,591.0,455,276,9,0.568,1,1,0,0,0,1,1,1,1,1,unauthorized_repair,Invalid Claim,2025-04-19,276,0
CLM-01289,PRD-01289,Home Appliances,AeroBreeze,CleanCycle 8kg,SN-AER-4670200,MegaMart Online,INV-2024-87271,Thermostat failure,Thermostat failure: the problem started without any external cause during normal use.,Manufacturing Defect,2024-01-05,2026-01-05,2026-01-13,2026-01-23,24,0,463.27,749,-18,10,0.436,0,0,1,0,0,1,1,1,1,0,expired,Invalid Claim,2024-01-05,0,0
CLM-01290,PRD-01290,Home Appliances,KitchenPro,KitchenPro 30L,SN-KIT-6483879,MegaMart Online,INV-2024-42471,Motor burnout,Motor burnout: the problem developed gradually with regular use.,Normal Wear and Tear,2024-07-24,2026-07-25,2025-12-31,2026-01-01,24,0,525.38,526,205,1,0.542,0,0,1,0,0,1,1,1,1,0,covered_defect,Valid Claim,2024-07-24,205,0
CLM-01291,PRD-01291,Home Appliances,FrostGuard,FrostGuard 450L,SN-FRO-8946913,National Appliance Depot,INV-2025-18348,Water pump leakage,Water pump leakage: the problem started without any external cause during normal use.,Manufacturing Defect,2025-01-24,2027-01-25,2026-04-22,2026-05-08,24,0,770.72,469,262,16,0.513,0,0,0,0,0,1,0,1,1,0,serial_mismatch,Invalid Claim,2025-01-24,262,1
CLM-01292,PRD-01292,Industrial Tools,TorqueMax,VoltEdge Saw 18V,SN-TOR-5759641,Brand Flagship Store,INV-2025-16543,Gearbox seizure,Gearbox seizure: the problem started without any external cause during normal use.,Manufacturing Defect,2025-06-30,2029-06-30,2026-05-23,2026-05-25,48,1,369.67,329,1132,2,0.906,0,0,1,0,0,1,1,1,1,0,covered_defect,Valid Claim,2025-06-30,1132,0
CLM-01293,PRD-01293,Home Appliances,CleanCycle,KitchenPro 30L,SN-CLE-3045110,MegaMart Online,INV-2024-26600,Motor burnout,Motor burnout: the problem appeared after a power fluctuation.,Electrical Surge,2024-08-29,2026-08-30,2026-06-11,2026-06-21,24,0,566.89,661,70,10,0.674,0,0,1,0,0,1,1,1,1,0,covered_defect,Valid Claim,2024-08-29,70,0
CLM-01294,PRD-01294,Industrial Tools,VoltEdge,TorqueMax HD Drill,SN-VOL-2959808,Brand Flagship Store,INV-2022-66908,Gearbox seizure,Gearbox seizure: the problem started without any external cause during normal use.,Manufacturing Defect,2022-07-28,2026-07-28,2026-08-05,2026-08-08,48,1,290.96,1472,-11,3,0.563,0,0,1,0,0,1,1,1,1,0,grace_boundary,Manual Review,2022-07-28,0,0
CLM-01295,PRD-01295,Home Appliances,KitchenPro,CleanCycle 8kg,SN-KIT-8255351,National Appliance Depot,INV-2025-74099,Thermostat failure,Thermostat failure: the problem developed gradually with regular use.,Normal Wear and Tear,2025-10-16,2027-10-17,2026-02-13,2026-02-13,24,0,850.88,120,611,0,0.58,0,0,1,0,0,1,1,1,1,0,covered_defect,Valid Claim,2025-10-16,611,0
CLM-01296,PRD-01296,Industrial Tools,HydraPower,TorqueMax HD Drill,SN-HYD-9564828,City Electronics Mall,INV-2025-34185,Seal failure,Seal failure: the problem started without any external cause during normal use.,Manufacturing Defect,2025-09-03,2027-09-04,2026-02-06,2026-02-06,24,0,644.38,156,575,0,0.868,0,0,1,0,0,1,1,0,1,0,covered_defect,Valid Claim,2025-09-03,575,1
CLM-01297,PRD-01297,Consumer Electronics,ApexTech,NovaPhone 12,SN-APE-6281407,City Electronics Mall,INV-2025-54539,Speaker malfunction,Speaker malfunction: the problem appeared after contact with water.,Water Ingress,2025-03-10,2027-03-11,2025-02-22,2026-04-13,24,0,1282.0,399,332,415,0.486,1,0,1,1,1,1,1,0,1,1,contradiction,Manual Review,2025-03-10,332,1
CLM-01298,PRD-01298,Consumer Electronics,ApexTech,NovaPhone 12,SN-APE-3325160,National Appliance Depot,INV-2026-93241,Battery not charging,Battery not charging: the problem started without any external cause during normal use.,Manufacturing Defect,2026-08-08,2029-08-08,2026-08-29,2026-08-30,36,1,743.97,22,1074,1,0.48,0,0,1,0,0,1,1,0,1,0,covered_defect,Valid Claim,2026-08-08,1074,1
CLM-01299,PRD-01299,Consumer Electronics,PixelCraft,NovaPhone 12,SN-PIX-4942854,MegaMart Online,INV-2024-87180,Screen flickering,Screen flickering: the problem appeared after the unit was dropped.,Accidental Drop,2024-08-06,2026-08-07,2026-05-03,2026-06-03,24,1,532.53,666,65,31,0.602,0,0,1,0,0,1,1,0,1,0,excluded_damage,Invalid Claim,2024-08-06,65,1
CLM-01300,PRD-01300,Consumer Electronics,VividDisplay,ApexBook Pro 16,SN-VIV-2600420,Metro Hardware Centre,INV-2024-61130,Motherboard failure,Motherboard failure: the problem developed gradually with regular use.,Normal Wear and Tear,2024-04-26,2026-04-27,2026-01-22,2026-01-28,24,1,324.97,642,89,6,0.747,0,0,1,0,0,1,1,1,1,0,covered_defect,Valid Claim,2024-04-26,89,0
CLM-01301,PRD-01301,Consumer Electronics,VividDisplay,ApexBook Pro 16,SN-VIV-5106477,City Electronics Mall,INV-2026-72045,Speaker malfunction,Speaker malfunction: the problem appeared after the unit was dropped.,Accidental Drop,2026-01-14,2027-01-14,2026-07-25,2026-07-30,12,0,331.24,197,168,5,0.531,1,0,1,0,0,1,1,1,0,1,ambiguous_cause,Manual Review,2026-01-14,168,1
CLM-01302,PRD-01302,Consumer Electronics,PixelCraft,ApexBook Pro 16,SN-PIX-6825845,Industrial Supply Direct,INV-2025-49521,Screen flickering,Screen flickering: the problem appeared after contact with water.,Water Ingress,2025-09-04,2026-09-04,2026-09-11,2026-09-11,12,0,804.64,372,-7,0,0.304,0,0,1,0,0,1,1,1,0,0,grace_boundary,Manual Review,2025-09-04,0,1
CLM-01303,PRD-01303,Industrial Tools,VoltEdge,IronForge Grinder 9,SN-VOL-5515092,MegaMart Online,INV-2024-29859,Seal failure,Seal failure: the problem appeared under heavy load.,Mechanical Stress,2024-01-29,2026-01-29,2026-02-07,2026-02-07,24,0,1287.2,740,-9,0,0.668,2,0,1,0,0,1,1,1,1,1,grace_boundary,Manual Review,2024-01-29,0,0
CLM-01304,PRD-01304,Industrial Tools,HydraPower,VoltEdge Saw 18V,SN-HYD-7196279,Metro Hardware Centre,INV-2024-38229,Gearbox seizure,Gearbox seizure: the problem started without any external cause during normal use.,Manufacturing Defect,2024-10-23,2027-10-24,2026-04-07,2026-04-20,36,0,327.52,544,552,13,0.656,0,0,1,0,0,1,1,1,1,0,covered_defect,Valid Claim,2024-10-23,552,0
CLM-01305,PRD-01305,Industrial Tools,TorqueMax,IronForge Grinder 9,SN-TOR-9644924,National Appliance Depot,INV-2024-76083,Seal failure,Seal failure: the problem appeared after a power fluctuation.,Electrical Surge,2024-09-23,2026-09-24,2024-09-10,2026-06-29,24,0,629.37,644,87,657,0.438,1,0,1,0,1,1,1,1,0,1,contradiction,Manual Review,2024-09-23,87,1
CLM-01306,PRD-01306,Industrial Tools,HydraPower,IronForge Grinder 9,SN-HYD-5062205,Industrial Supply Direct,INV-2024-86091,Trigger switch failure,Trigger switch failure: the problem developed gradually with regular use.,Normal Wear and Tear,2024-01-30,2026-01-30,2026-08-01,2026-08-08,24,0,1565.65,921,-190,7,0.898,1,1,1,0,0,1,1,1,1,0,expired,Invalid Claim,2024-01-30,0,0
CLM-01307,PRD-01307,Industrial Tools,VoltEdge,HydraPower Jack 5T,SN-VOL-3859640,Industrial Supply Direct,INV-2022-87389,Seal failure,Seal failure: the problem appeared under heavy load.,Mechanical Stress,2022-09-17,2026-09-17,2026-02-11,2026-02-14,48,1,1130.88,1246,215,3,0.447,0,0,1,0,0,1,1,1,1,0,covered_defect,Valid Claim,2022-09-17,215,0
CLM-01308,PRD-01308,Consumer Electronics,ApexTech,NovaPhone 12,SN-APE-7676402,Brand Flagship Store,INV-2024-17315,Wi-Fi/Bluetooth failure,Wi-Fi/Bluetooth failure: the problem developed gradually with regular use.,Normal Wear and Tear,2024-10-01,2027-10-02,2026-08-03,2026-08-05,36,1,689.87,673,423,2,0.798,2,0,0,0,0,1,1,1,1,1,serial_mismatch,Invalid Claim,2024-10-01,423,0
CLM-01309,PRD-01309,Home Appliances,FrostGuard,CleanCycle 8kg,SN-FRO-4930456,Brand Flagship Store,INV-2023-29312,Drum spin malfunction,Drum spin malfunction: the problem appeared under heavy load.,Mechanical Stress,2023-08-22,2026-08-22,2026-07-22,2026-08-02,36,1,541.74,1076,20,11,0.468,1,0,1,0,0,1,1,1,1,1,covered_defect,Valid Claim,2023-08-22,20,0
CLM-01310,PRD-01310,Industrial Tools,TorqueMax,HydraPower Jack 5T,SN-TOR-5127810,Brand Flagship Store,INV-2025-48112,Chuck bearing failure,Chuck bearing failure: the problem started without any external cause during normal use.,Manufacturing Defect,2025-11-27,2028-11-27,2026-01-25,2026-02-02,36,0,509.76,67,1029,8,0.569,0,0,1,0,0,1,1,1,1,0,covered_defect,Valid Claim,2025-11-27,1029,0
CLM-01311,PRD-01311,Industrial Tools,IronForge,VoltEdge Saw 18V,SN-IRO-8902627,Industrial Supply Direct,INV-2023-74665,Gearbox seizure,Gearbox seizure: the problem developed gradually with regular use.,Normal Wear and Tear,2023-02-20,2026-02-20,2026-07-14,2026-07-14,36,0,411.37,1240,-144,0,0.446,0,0,1,0,0,1,1,1,1,0,expired,Invalid Claim,2023-02-20,0,0
CLM-01312,PRD-01312,Industrial Tools,HydraPower,IronForge Grinder 9,SN-HYD-5381234,Metro Hardware Centre,INV-2026-92210,Seal failure,Seal failure: the problem has no obvious cause.,Unknown / Not Sure,2026-04-02,2028-04-02,2026-04-16,2026-04-18,24,0,483.43,16,715,2,0.474,0,0,1,0,0,1,1,0,1,0,ambiguous_cause,Manual Review,2026-04-02,715,1
CLM-01313,PRD-01313,Industrial Tools,VoltEdge,VoltEdge Saw 18V,SN-VOL-9352385,MegaMart Online,INV-2023-25476,Seal failure,Seal failure: the problem appeared after the unit was dropped.,Accidental Drop,2023-04-16,2026-04-16,2026-03-02,2026-04-20,36,1,618.53,1100,-4,49,0.48,0,0,1,0,0,1,1,1,1,0,late_reporting,Invalid Claim,2023-04-16,0,0
CLM-01314,PRD-01314,Consumer Electronics,ApexTech,NovaPhone 12,SN-APE-8502768,City Electronics Mall,INV-2025-76754,Motherboard failure,Motherboard failure: the problem has no obvious cause.,Unknown / Not Sure,2025-03-20,2027-03-21,2025-03-11,2026-08-25,24,0,531.63,523,208,532,0.661,0,0,1,0,1,1,1,0,1,0,contradiction,Manual Review,2025-03-20,208,1
CLM-01315,PRD-01315,Home Appliances,CleanCycle,KitchenPro 30L,SN-CLE-5151214,Industrial Supply Direct,INV-2024-34895,Water pump leakage,Water pump leakage: the problem developed gradually with regular use.,Normal Wear and Tear,2024-07-17,2027-07-18,2026-05-21,2026-05-25,36,1,406.14,677,419,4,0.381,2,0,1,0,0,1,1,1,0,0,repeat_repairs,Manual Review,2024-07-17,419,1
CLM-01316,PRD-01316,Industrial Tools,VoltEdge,IronForge Grinder 9,SN-VOL-2200723,MegaMart Online,INV-2025-64887,Trigger switch failure,Trigger switch failure: the problem appeared under heavy load.,Mechanical Stress,2025-06-09,2028-06-09,2026-05-15,2026-05-19,36,1,789.37,344,752,4,0.274,3,0,1,0,0,1,1,1,1,1,repeat_repairs,Manual Review,2025-06-09,752,0
CLM-01317,PRD-01317,Consumer Electronics,ApexTech,NovaPhone 12,SN-APE-9118872,MegaMart Online,INV-2025-47546,Touch panel unresponsive,Touch panel unresponsive: the problem developed gradually with regular use.,Normal Wear and Tear,2025-07-21,2027-07-22,2026-03-13,2026-03-24,24,0,771.79,246,485,11,0.186,0,0,1,0,0,1,1,1,1,0,covered_defect,Valid Claim,2025-07-21,485,0
CLM-01318,PRD-01318,Consumer Electronics,VividDisplay,NovaPhone 12,SN-VIV-4666961,Brand Flagship Store,INV-2026-57583,Speaker malfunction,Speaker malfunction: the problem appeared after contact with water.,Water Ingress,2026-04-07,2028-04-07,2026-05-11,2026-05-12,24,0,297.93,35,696,1,0.502,0,0,0,0,0,0,1,1,1,0,missing_documents,Manual Review,2026-04-07,696,1
CLM-01319,PRD-01319,Industrial Tools,TorqueMax,TorqueMax HD Drill,SN-TOR-7848239,Industrial Supply Direct,INV-2023-39522,Chuck bearing failure,Chuck bearing failure: the problem appeared under heavy load.,Mechanical Stress,2023-08-06,2026-08-06,2026-08-07,2026-08-09,36,1,1609.57,1099,-3,2,0.239,0,0,1,0,0,1,1,1,1,0,grace_boundary,Manual Review,2023-08-06,0,0
CLM-01320,PRD-01320,Consumer Electronics,ApexTech,ApexBook Pro 16,SN-APE-1846462,MegaMart Online,INV-2025-36836,Wi-Fi/Bluetooth failure,Wi-Fi/Bluetooth failure: the problem appeared after contact with water.,Water Ingress,2025-07-14,2027-07-15,2026-04-20,2026-04-22,24,1,643.07,282,449,2,0.849,0,0,1,0,0,0,1,1,1,0,excluded_damage,Invalid Claim,2025-07-14,449,1
CLM-01321,PRD-01321,Industrial Tools,TorqueMax,TorqueMax HD Drill,SN-TOR-1791378,MegaMart Online,INV-2024-31171,Chuck bearing failure,Chuck bearing failure: the problem appeared after contact with water.,Water Ingress,2024-07-13,2026-07-14,2026-06-25,2026-07-03,24,0,362.79,720,11,8,0.307,0,0,1,0,0,1,1,1,0,0,ambiguous_cause,Manual Review,2024-07-13,11,1
CLM-01322,PRD-01322,Consumer Electronics,VividDisplay,NovaPhone 12,SN-VIV-2254882,Metro Hardware Centre,INV-2024-77479,Battery not charging,Battery not charging: the problem developed gradually with regular use.,Normal Wear and Tear,2024-10-01,2026-10-02,2026-03-31,2026-03-31,24,0,554.21,546,185,0,0.327,0,0,1,0,0,0,1,1,1,0,missing_documents,Manual Review,2024-10-01,185,1
CLM-01323,PRD-01323,Industrial Tools,TorqueMax,IronForge Grinder 9,SN-TOR-3660969,City Electronics Mall,INV-2025-74680,Gearbox seizure,Gearbox seizure: the problem appeared after the unit was dropped.,Accidental Drop,2025-06-04,2028-06-04,2026-04-19,2026-04-29,36,0,972.99,329,767,10,0.393,0,0,1,0,0,1,0,1,1,0,ambiguous_cause,Manual Review,2025-06-04,767,1
CLM-01324,PRD-01324,Industrial Tools,VoltEdge,HydraPower Jack 5T,SN-VOL-8823952,Brand Flagship Store,INV-2024-88528,Trigger switch failure,Trigger switch failure: the problem developed gradually with regular use.,Normal Wear and Tear,2024-09-05,2028-09-05,2026-05-20,2026-05-21,48,1,859.27,623,838,1,0.316,0,0,1,0,0,1,0,1,1,0,covered_defect,Valid Claim,2024-09-05,838,1
CLM-01325,PRD-01325,Industrial Tools,HydraPower,HydraPower Jack 5T,SN-HYD-5679737,Brand Flagship Store,INV-2024-52320,Chuck bearing failure,Chuck bearing failure: the problem started without any external cause during normal use.,Manufacturing Defect,2024-01-02,2026-01-02,2026-01-16,2026-01-21,24,0,220.94,750,-19,5,0.709,0,0,1,0,0,1,0,1,1,0,expired,Invalid Claim,2024-01-02,0,1
CLM-01326,PRD-01326,Consumer Electronics,ApexTech,VividTab 11,SN-APE-5407701,National Appliance Depot,INV-2025-96671,Screen flickering,Screen flickering: the problem appeared after contact with water.,Water Ingress,2025-11-06,2028-11-06,2026-01-17,2026-01-24,36,1,983.17,79,1017,7,0.615,1,1,1,0,0,0,1,1,0,0,unauthorized_repair,Invalid Claim,2025-11-06,1017,2
CLM-01327,PRD-01327,Home Appliances,CleanCycle,CleanCycle 8kg,SN-CLE-3457862,MegaMart Online,INV-2024-36491,Thermostat failure,Thermostat failure: the problem started without any external cause during normal use.,Manufacturing Defect,2024-08-07,2026-08-08,2026-07-20,2026-08-12,24,0,1213.65,735,-4,23,0.721,1,0,1,0,0,1,1,0,1,0,grace_boundary,Manual Review,2024-08-07,0,1
CLM-01328,PRD-01328,Industrial Tools,VoltEdge,HydraPower Jack 5T,SN-VOL-6163815,Industrial Supply Direct,INV-2023-66700,Gearbox seizure,Gearbox seizure: the problem appeared after contact with water.,Water Ingress,2023-08-22,2025-08-22,2026-05-12,2026-05-15,24,0,465.27,997,-266,3,0.242,0,0,1,0,0,1,1,1,1,0,expired,Invalid Claim,2023-08-22,0,0
CLM-01329,PRD-01329,Home Appliances,AeroBreeze,KitchenPro 30L,SN-AER-3137422,Metro Hardware Centre,INV-2023-21037,Motor burnout,Motor burnout: the problem appeared under heavy load.,Mechanical Stress,2023-04-02,2025-04-02,2023-03-30,2026-01-16,24,0,689.53,1020,-289,1023,0.307,0,0,1,0,1,1,1,1,1,0,expired,Invalid Claim,2023-04-02,0,0
CLM-01330,PRD-01330,Consumer Electronics,VividDisplay,NovaPods Max,SN-VIV-6425582,National Appliance Depot,INV-2025-39740,Touch panel unresponsive,Touch panel unresponsive: the problem developed gradually with regular use.,Normal Wear and Tear,2025-03-02,2027-03-03,2026-06-20,2026-07-29,24,0,568.89,514,217,39,0.206,0,0,1,0,0,0,1,1,1,0,late_reporting,Invalid Claim,2025-03-02,217,1
CLM-01331,PRD-01331,Industrial Tools,IronForge,VoltEdge Saw 18V,SN-IRO-1574517,City Electronics Mall,INV-2023-65941,Seal failure,Seal failure: the problem appeared under heavy load.,Mechanical Stress,2023-02-01,2026-02-01,2026-01-15,2026-01-18,36,0,227.58,1082,14,3,0.537,1,0,1,0,0,1,0,0,1,1,missing_documents,Manual Review,2023-02-01,14,2
CLM-01332,PRD-01332,Consumer Electronics,NovaSound,ApexBook Pro 16,SN-NOV-5081376,Metro Hardware Centre,INV-2025-47073,Battery not charging,Battery not charging: the problem developed gradually with regular use.,Normal Wear and Tear,2025-06-06,2026-06-06,2026-06-12,2026-06-12,12,0,350.16,371,-6,0,0.309,0,0,1,0,0,1,1,1,1,0,grace_boundary,Manual Review,2025-06-06,0,0
CLM-01333,PRD-01333,Industrial Tools,IronForge,HydraPower Jack 5T,SN-IRO-1494646,Metro Hardware Centre,INV-2023-36661,Trigger switch failure,Trigger switch failure: the problem started without any external cause during normal use.,Manufacturing Defect,2023-03-06,2026-03-06,2026-02-28,2026-03-07,36,0,215.62,1097,-1,7,0.448,0,0,1,0,0,1,1,1,1,0,grace_boundary,Manual Review,2023-03-06,0,0
CLM-01334,PRD-01334,Home Appliances,CleanCycle,AeroBreeze 1.5T,SN-CLE-7176477,Brand Flagship Store,INV-2025-10946,Drum spin malfunction,Drum spin malfunction: the problem started without any external cause during normal use.,Manufacturing Defect,2025-12-02,2028-12-02,2026-01-03,2026-01-03,36,0,500.38,32,1064,0,0.305,0,0,1,0,0,0,1,1,1,0,missing_documents,Manual Review,2025-12-02,1064,1
CLM-01335,PRD-01335,Consumer Electronics,VividDisplay,VividTab 11,SN-VIV-4007247,Metro Hardware Centre,INV-2025-40852,Motherboard failure,Motherboard failure: the problem developed gradually with regular use.,Normal Wear and Tear,2025-10-26,2026-10-26,2026-04-07,2026-04-09,12,0,557.95,165,200,2,0.45,0,0,1,0,0,0,1,1,1,0,missing_documents,Manual Review,2025-10-26,200,1
CLM-01336,PRD-01336,Home Appliances,KitchenPro,CleanCycle 8kg,SN-KIT-5471380,Brand Flagship Store,INV-2024-32316,Thermostat failure,Thermostat failure: the problem started without any external cause during normal use.,Manufacturing Defect,2024-07-11,2026-07-12,2026-05-17,2026-05-18,24,0,869.9,676,55,1,0.804,1,1,1,1,0,1,1,1,1,1,unauthorized_repair,Invalid Claim,2024-07-11,55,0
CLM-01337,PRD-01337,Industrial Tools,VoltEdge,VoltEdge Saw 18V,SN-VOL-4884285,National Appliance Depot,INV-2024-47604,Seal failure,Seal failure: the problem started without any external cause during normal use.,Manufacturing Defect,2024-06-19,2026-06-20,2026-02-26,2026-03-02,24,0,555.98,621,110,4,0.813,0,0,0,0,0,1,1,1,1,0,serial_mismatch,Invalid Claim,2024-06-19,110,0
CLM-01338,PRD-01338,Consumer Electronics,NovaSound,NovaPods Max,SN-NOV-1270491,Industrial Supply Direct,INV-2024-20705,Screen flickering,Screen flickering: the problem appeared after a power fluctuation.,Electrical Surge,2024-06-24,2026-06-25,2025-12-30,2026-01-01,24,0,676.13,556,175,2,0.463,0,0,1,0,0,0,1,1,1,0,missing_documents,Manual Review,2024-06-24,175,1
CLM-01339,PRD-01339,Home Appliances,FrostGuard,CleanCycle 8kg,SN-FRO-3833905,Industrial Supply Direct,INV-2026-91212,Water pump leakage,Water pump leakage: the problem started without any external cause during normal use.,Manufacturing Defect,2026-04-01,2028-04-01,2026-07-20,2026-07-31,24,0,730.13,121,610,11,0.898,0,0,0,0,0,1,1,1,1,0,serial_mismatch,Invalid Claim,2026-04-01,610,0
CLM-01340,PRD-01340,Industrial Tools,TorqueMax,IronForge Grinder 9,SN-TOR-8024607,City Electronics Mall,INV-2022-20846,Gearbox seizure,Gearbox seizure: the problem started without any external cause during normal use.,Manufacturing Defect,2022-06-27,2026-06-27,2026-07-13,2026-07-17,48,1,410.29,1481,-20,4,0.632,0,0,1,0,0,1,1,1,1,0,expired,Invalid Claim,2022-06-27,0,0
CLM-01341,PRD-01341,Home Appliances,CleanCycle,CleanCycle 8kg,SN-CLE-7515344,Brand Flagship Store,INV-2023-17885,PCB failure,PCB failure: the problem developed gradually with regular use.,Normal Wear and Tear,2023-05-10,2026-05-10,2026-06-12,2026-06-30,36,1,1575.56,1147,-51,18,0.876,1,0,0,0,0,1,1,1,1,0,expired,Invalid Claim,2023-05-10,0,0
CLM-01342,PRD-01342,Consumer Electronics,VividDisplay,VividTab 11,SN-VIV-9386887,National Appliance Depot,INV-2025-48910,Wi-Fi/Bluetooth failure,Wi-Fi/Bluetooth failure: the problem appeared after a power fluctuation.,Electrical Surge,2025-12-19,2027-12-20,2026-07-26,2026-07-26,24,0,1616.23,219,512,0,0.323,0,0,1,0,0,1,0,1,1,0,ambiguous_cause,Manual Review,2025-12-19,512,1
CLM-01343,PRD-01343,Home Appliances,CleanCycle,CleanCycle 8kg,SN-CLE-9547073,Metro Hardware Centre,INV-2024-79297,PCB failure,PCB failure: the problem developed gradually with regular use.,Normal Wear and Tear,2024-06-01,2028-06-01,2026-09-12,2026-09-14,48,1,596.47,835,626,2,0.219,3,0,1,0,0,1,0,1,1,0,repeat_repairs,Manual Review,2024-06-01,626,1
CLM-01344,PRD-01344,Industrial Tools,HydraPower,VoltEdge Saw 18V,SN-HYD-6004021,Brand Flagship Store,INV-2024-47788,Seal failure,Seal failure: the problem appeared under heavy load.,Mechanical Stress,2024-05-01,2026-05-02,2026-02-26,2026-03-15,24,0,1081.2,683,48,17,0.405,0,0,1,0,0,0,0,1,1,0,missing_documents,Manual Review,2024-05-01,48,2
CLM-01345,PRD-01345,Consumer Electronics,NovaSound,VividTab 11,SN-NOV-5675945,City Electronics Mall,INV-2025-55736,Speaker malfunction,Speaker malfunction: the problem appeared after the unit was dropped.,Accidental Drop,2025-11-15,2027-11-16,2026-05-03,2026-05-06,24,1,472.49,172,559,3,0.292,1,0,0,0,0,1,1,0,1,1,serial_mismatch,Invalid Claim,2025-11-15,559,1
CLM-01346,PRD-01346,Consumer Electronics,ApexTech,PixelWatch 3,SN-APE-5563604,Brand Flagship Store,INV-2026-52454,Motherboard failure,Motherboard failure: the problem started without any external cause during normal use.,Manufacturing Defect,2026-01-26,2027-01-26,2026-03-27,2026-04-01,12,0,399.25,65,300,5,0.924,2,0,1,0,0,1,1,1,1,0,repeat_repairs,Manual Review,2026-01-26,300,0
CLM-01347,PRD-01347,Industrial Tools,TorqueMax,HydraPower Jack 5T,SN-TOR-7421248,MegaMart Online,INV-2023-62054,Armature burnout,Armature burnout: the problem appeared under heavy load.,Mechanical Stress,2023-05-13,2026-05-13,2026-07-25,2026-07-31,36,1,548.26,1175,-79,6,0.486,0,0,1,0,0,1,1,1,1,0,expired,Invalid Claim,2023-05-13,0,0
CLM-01348,PRD-01348,Home Appliances,CleanCycle,CleanCycle 8kg,SN-CLE-7626128,Metro Hardware Centre,INV-2023-97848,Motor burnout,Motor burnout: the problem started without any external cause during normal use.,Manufacturing Defect,2023-06-24,2026-06-24,2026-02-28,2026-03-06,36,0,565.83,986,110,6,0.501,0,0,1,0,0,0,0,1,1,0,missing_documents,Manual Review,2023-06-24,110,2
CLM-01349,PRD-01349,Industrial Tools,TorqueMax,VoltEdge Saw 18V,SN-TOR-3671832,Metro Hardware Centre,INV-2021-96742,Armature burnout,Armature burnout: the problem started without any external cause during normal use.,Manufacturing Defect,2021-06-09,2025-06-09,2026-04-03,2026-04-26,48,1,178.52,1782,-321,23,0.958,0,0,1,0,0,1,1,1,1,0,expired,Invalid Claim,2021-06-09,0,0
CLM-01350,PRD-01350,Home Appliances,FrostGuard,KitchenPro 30L,SN-FRO-7909608,City Electronics Mall,INV-2023-95324,Compressor failure,Compressor failure: the problem started without any external cause during normal use.,Manufacturing Defect,2023-09-03,2026-09-03,2026-09-04,2026-09-10,36,0,740.58,1103,-7,6,0.629,0,0,1,0,0,0,1,1,1,0,grace_boundary,Manual Review,2023-09-03,0,1
CLM-01351,PRD-01351,Consumer Electronics,ApexTech,VividTab 11,SN-APE-3903252,Brand Flagship Store,INV-2024-96443,Motherboard failure,Motherboard failure: the problem started without any external cause during normal use.,Manufacturing Defect,2024-05-26,2026-05-27,2025-12-06,2026-01-01,24,1,739.35,585,146,26,0.696,0,0,1,0,0,1,1,1,1,0,covered_defect,Valid Claim,2024-05-26,146,0
CLM-01352,PRD-01352,Consumer Electronics,PixelCraft,PixelWatch 3,SN-PIX-1216650,Metro Hardware Centre,INV-2025-42369,Touch panel unresponsive,Touch panel unresponsive: the problem started without any external cause during normal use.,Manufacturing Defect,2025-12-12,2026-12-12,2025-12-25,2026-01-05,12,0,978.33,24,341,11,0.606,0,0,1,0,0,1,0,1,1,0,covered_defect,Valid Claim,2025-12-12,341,1
CLM-01353,PRD-01353,Industrial Tools,HydraPower,HydraPower Jack 5T,SN-HYD-8529516,Brand Flagship Store,INV-2024-19779,Chuck bearing failure,Chuck bearing failure: the problem has no obvious cause.,Unknown / Not Sure,2024-03-25,2026-03-26,2026-01-11,2026-01-16,24,0,355.07,662,69,5,0.329,0,0,1,0,0,1,1,1,1,0,ambiguous_cause,Manual Review,2024-03-25,69,0
CLM-01354,PRD-01354,Consumer Electronics,PixelCraft,NovaPods Max,SN-PIX-7703052,Brand Flagship Store,INV-2025-70708,Speaker malfunction,Speaker malfunction: the problem appeared after a power fluctuation.,Electrical Surge,2025-11-21,2026-11-21,2025-10-27,2026-01-27,12,0,677.65,67,298,92,0.625,1,0,1,0,1,1,1,1,1,0,excluded_damage,Invalid Claim,2025-11-21,298,0
CLM-01355,PRD-01355,Home Appliances,AeroBreeze,CleanCycle 8kg,SN-AER-3929467,Metro Hardware Centre,INV-2023-65682,Thermostat failure,Thermostat failure: the problem started without any external cause during normal use.,Manufacturing Defect,2023-07-27,2026-07-27,2026-07-24,2026-07-27,36,0,1334.23,1096,0,3,0.822,1,0,1,0,0,0,1,1,1,1,missing_documents,Manual Review,2023-07-27,0,1
CLM-01356,PRD-01356,Home Appliances,KitchenPro,CleanCycle 8kg,SN-KIT-8643576,Brand Flagship Store,INV-2023-35271,Motor burnout,Motor burnout: the problem appeared after the unit was dropped.,Accidental Drop,2023-08-10,2026-08-10,2026-07-23,2026-07-27,36,0,698.6,1082,14,4,0.72,0,0,0,0,0,1,1,1,1,0,excluded_damage,Invalid Claim,2023-08-10,14,0
CLM-01357,PRD-01357,Industrial Tools,IronForge,HydraPower Jack 5T,SN-IRO-1580707,MegaMart Online,INV-2024-84010,Armature burnout,Armature burnout: the problem started without any external cause during normal use.,Manufacturing Defect,2024-06-03,2026-06-04,2026-06-18,2026-06-24,24,0,658.1,751,-20,6,0.831,0,0,1,0,0,1,1,1,1,0,expired,Invalid Claim,2024-06-03,0,0
CLM-01358,PRD-01358,Consumer Electronics,PixelCraft,NovaPhone 12,SN-PIX-1162165,Brand Flagship Store,INV-2024-31714,Speaker malfunction,Speaker malfunction: the problem started without any external cause during normal use.,Manufacturing Defect,2024-06-16,2026-06-17,2024-05-24,2026-07-04,24,0,1018.27,748,-17,771,0.735,0,0,1,0,1,1,1,1,1,0,expired,Invalid Claim,2024-06-16,0,0
CLM-01359,PRD-01359,Industrial Tools,HydraPower,IronForge Grinder 9,SN-HYD-1241318,City Electronics Mall,INV-2023-63216,Seal failure,Seal failure: the problem started without any external cause during normal use.,Manufacturing Defect,2023-04-19,2026-04-19,2026-04-04,2026-04-06,36,0,675.85,1083,13,2,0.941,2,0,1,0,0,1,1,1,0,1,repeat_repairs,Manual Review,2023-04-19,13,1
CLM-01360,PRD-01360,Home Appliances,CleanCycle,CleanCycle 8kg,SN-CLE-3530672,MegaMart Online,INV-2025-35902,Thermostat failure,Thermostat failure: the problem appeared after a power fluctuation.,Electrical Surge,2025-11-14,2028-11-14,2026-07-29,2026-08-21,36,0,645.55,280,816,23,0.389,1,0,1,0,0,1,1,1,1,0,covered_defect,Valid Claim,2025-11-14,816,0
CLM-01361,PRD-01361,Industrial Tools,VoltEdge,TorqueMax HD Drill,SN-VOL-8993147,City Electronics Mall,INV-2023-83182,Armature burnout,Armature burnout: the problem developed gradually with regular use.,Normal Wear and Tear,2023-09-08,2026-09-08,2026-08-07,2026-08-21,36,0,638.14,1078,18,14,0.461,0,0,1,0,0,1,1,1,1,0,covered_defect,Valid Claim,2023-09-08,18,0
CLM-01362,PRD-01362,Consumer Electronics,ApexTech,NovaPhone 12,SN-APE-1061103,MegaMart Online,INV-2025-34712,Motherboard failure,Motherboard failure: the problem has no obvious cause.,Unknown / Not Sure,2025-12-28,2026-12-28,2026-01-09,2026-03-09,12,0,493.0,71,294,59,0.931,0,0,1,0,0,1,0,1,1,0,late_reporting,Invalid Claim,2025-12-28,294,1
CLM-01363,PRD-01363,Industrial Tools,HydraPower,IronForge Grinder 9,SN-HYD-4498837,Industrial Supply Direct,INV-2022-97230,Gearbox seizure,Gearbox seizure: the problem appeared under heavy load.,Mechanical Stress,2022-11-26,2025-11-26,2026-05-28,2026-06-19,36,0,509.63,1301,-205,22,0.71,2,1,1,0,0,1,1,1,1,0,expired,Invalid Claim,2022-11-26,0,0
CLM-01364,PRD-01364,Home Appliances,CleanCycle,AeroBreeze 1.5T,SN-CLE-5442257,National Appliance Depot,INV-2026-71893,Compressor failure,Compressor failure: the problem started without any external cause during normal use.,Manufacturing Defect,2026-05-06,2029-05-06,2026-06-25,2026-06-25,36,1,780.52,50,1046,0,0.565,0,0,1,0,0,1,1,1,1,0,covered_defect,Valid Claim,2026-05-06,1046,0
CLM-01365,PRD-01365,Home Appliances,KitchenPro,FrostGuard 450L,SN-KIT-5428286,Brand Flagship Store,INV-2024-16964,Motor burnout,Motor burnout: the problem appeared after a power fluctuation.,Electrical Surge,2024-01-03,2028-01-03,2025-12-26,2026-01-22,48,1,213.3,750,711,27,0.363,2,0,1,0,0,1,1,1,1,1,repeat_repairs+noise,Invalid Claim,2024-01-03,711,0
CLM-01366,PRD-01366,Consumer Electronics,PixelCraft,PixelWatch 3,SN-PIX-2744968,Industrial Supply Direct,INV-2024-87193,Speaker malfunction,Speaker malfunction: the problem appeared after a power fluctuation.,Electrical Surge,2024-06-15,2026-06-16,2026-03-22,2026-03-26,24,1,401.09,649,82,4,0.52,0,0,1,0,0,1,1,1,1,0,ambiguous_cause,Manual Review,2024-06-15,82,0
CLM-01367,PRD-01367,Industrial Tools,IronForge,IronForge Grinder 9,SN-IRO-8032015,City Electronics Mall,INV-2025-53637,Armature burnout,Armature burnout: the problem developed gradually with regular use.,Normal Wear and Tear,2025-10-19,2028-10-19,2026-01-05,2026-01-06,36,0,556.22,79,1017,1,0.463,2,0,1,0,0,1,1,1,1,1,repeat_repairs,Manual Review,2025-10-19,1017,0
CLM-01368,PRD-01368,Industrial Tools,HydraPower,VoltEdge Saw 18V,SN-HYD-5786414,Brand Flagship Store,INV-2025-38312,Armature burnout,Armature burnout: the problem developed gradually with regular use.,Normal Wear and Tear,2025-05-29,2028-05-29,2026-03-24,2026-03-30,36,1,778.45,305,791,6,0.658,0,0,1,0,0,1,1,0,0,0,missing_documents,Manual Review,2025-05-29,791,2
CLM-01369,PRD-01369,Home Appliances,AeroBreeze,KitchenPro 30L,SN-AER-3583954,Brand Flagship Store,INV-2023-68537,Water pump leakage,Water pump leakage: the problem appeared under heavy load.,Mechanical Stress,2023-01-17,2026-01-17,2026-05-26,2026-05-28,36,1,429.76,1227,-131,2,0.685,1,0,1,0,0,0,1,0,1,1,expired,Invalid Claim,2023-01-17,0,2
CLM-01370,PRD-01370,Industrial Tools,IronForge,HydraPower Jack 5T,SN-IRO-5275949,Industrial Supply Direct,INV-2024-62714,Seal failure,Seal failure: the problem has no obvious cause.,Unknown / Not Sure,2024-08-19,2026-08-20,2026-06-29,2026-07-31,24,0,628.34,711,20,32,0.297,1,0,1,0,0,1,1,1,1,1,late_reporting,Invalid Claim,2024-08-19,20,0
CLM-01371,PRD-01371,Home Appliances,KitchenPro,KitchenPro 30L,SN-KIT-3091153,City Electronics Mall,INV-2023-83807,Motor burnout,Motor burnout: the problem developed gradually with regular use.,Normal Wear and Tear,2023-12-22,2026-12-22,2026-07-28,2026-09-07,36,0,617.56,990,106,41,0.365,1,1,1,0,0,0,1,1,1,1,unauthorized_repair,Invalid Claim,2023-12-22,106,1
CLM-01372,PRD-01372,Home Appliances,AeroBreeze,CleanCycle 8kg,SN-AER-8504647,Metro Hardware Centre,INV-2022-88636,Compressor failure,Compressor failure: the problem appeared after a power fluctuation.,Electrical Surge,2022-03-23,2026-03-23,2026-04-15,2026-05-01,48,1,1118.13,1500,-39,16,0.326,1,0,1,0,0,1,1,1,1,1,expired,Invalid Claim,2022-03-23,0,0
CLM-01373,PRD-01373,Industrial Tools,TorqueMax,HydraPower Jack 5T,SN-TOR-3907770,Industrial Supply Direct,INV-2025-63980,Chuck bearing failure,Chuck bearing failure: the problem started without any external cause during normal use.,Manufacturing Defect,2025-05-14,2027-05-15,2026-01-07,2026-01-12,24,0,404.54,243,488,5,0.774,1,1,1,0,0,1,1,1,1,0,unauthorized_repair,Invalid Claim,2025-05-14,488,0
CLM-01374,PRD-01374,Home Appliances,AeroBreeze,FrostGuard 450L,SN-AER-9182115,National Appliance Depot,INV-2023-42110,Compressor failure,Compressor failure: the problem appeared under heavy load.,Mechanical Stress,2023-09-17,2026-09-17,2026-09-03,2026-09-12,36,0,427.28,1091,5,9,0.292,0,0,1,0,0,1,1,1,1,0,covered_defect,Valid Claim,2023-09-17,5,0
CLM-01375,PRD-01375,Industrial Tools,TorqueMax,HydraPower Jack 5T,SN-TOR-1076456,Brand Flagship Store,INV-2025-70812,Armature burnout,Armature burnout: the problem appeared after the unit was dropped.,Accidental Drop,2025-02-20,2027-02-21,2026-07-06,2026-07-25,24,0,597.34,520,211,19,0.457,0,0,0,0,0,1,1,1,1,0,serial_mismatch,Invalid Claim,2025-02-20,211,0
CLM-01376,PRD-01376,Industrial Tools,VoltEdge,TorqueMax HD Drill,SN-VOL-9163772,National Appliance Depot,INV-2024-67168,Armature burnout,Armature burnout: the problem developed gradually with regular use.,Normal Wear and Tear,2024-11-07,2027-11-08,2026-04-04,2026-04-10,36,0,605.77,519,577,6,0.683,0,0,1,0,0,1,1,1,0,0,covered_defect,Valid Claim,2024-11-07,577,1
CLM-01377,PRD-01377,Home Appliances,CleanCycle,AeroBreeze 1.5T,SN-CLE-4888836,National Appliance Depot,INV-2023-66457,Thermostat failure,Thermostat failure: the problem started without any external cause during normal use.,Manufacturing Defect,2023-07-03,2026-07-03,2026-07-16,2026-07-22,36,0,1452.41,1115,-19,6,0.491,0,0,1,0,0,1,1,1,1,0,expired,Invalid Claim,2023-07-03,0,0
CLM-01378,PRD-01378,Industrial Tools,HydraPower,VoltEdge Saw 18V,SN-HYD-9490258,City Electronics Mall,INV-2024-76892,Seal failure,Seal failure: the problem developed gradually with regular use.,Normal Wear and Tear,2024-10-14,2027-10-15,2026-01-04,2026-01-17,36,1,1099.2,460,636,13,0.225,1,0,1,1,0,1,1,1,1,1,possible_duplicate,Manual Review,2024-10-14,636,0
CLM-01379,PRD-01379,Industrial Tools,TorqueMax,VoltEdge Saw 18V,SN-TOR-4767274,Industrial Supply Direct,INV-2023-74572,Armature burnout,Armature burnout: the problem appeared under heavy load.,Mechanical Stress,2023-05-13,2026-05-13,2026-02-20,2026-02-28,36,0,489.74,1022,74,8,0.704,0,0,1,0,0,0,1,1,0,0,missing_documents,Manual Review,2023-05-13,74,2
CLM-01380,PRD-01380,Consumer Electronics,NovaSound,ApexBook Pro 16,SN-NOV-2971191,City Electronics Mall,INV-2024-25631,Touch panel unresponsive,Touch panel unresponsive: the problem started without any external cause during normal use.,Manufacturing Defect,2024-06-26,2026-06-27,2026-07-10,2026-07-17,24,1,937.58,751,-20,7,0.615,0,0,1,0,0,1,1,1,1,0,expired,Invalid Claim,2024-06-26,0,0
CLM-01381,PRD-01381,Industrial Tools,VoltEdge,VoltEdge Saw 18V,SN-VOL-1847993,Industrial Supply Direct,INV-2024-75843,Seal failure,Seal failure: the problem appeared after the unit was dropped.,Accidental Drop,2024-08-27,2026-08-28,2026-08-04,2026-09-17,24,0,226.12,751,-20,44,0.566,2,0,1,0,0,1,1,1,1,0,expired,Invalid Claim,2024-08-27,0,0
CLM-01382,PRD-01382,Industrial Tools,VoltEdge,VoltEdge Saw 18V,SN-VOL-3808242,National Appliance Depot,INV-2024-22117,Seal failure,Seal failure: the problem started without any external cause during normal use.,Manufacturing Defect,2024-09-23,2028-09-23,2026-08-13,2026-08-31,48,1,467.3,707,754,18,0.908,0,0,1,0,0,1,1,1,1,0,covered_defect,Valid Claim,2024-09-23,754,0
CLM-01383,PRD-01383,Consumer Electronics,PixelCraft,NovaPhone 12,SN-PIX-8687130,City Electronics Mall,INV-2026-39348,Wi-Fi/Bluetooth failure,Wi-Fi/Bluetooth failure: the problem started without any external cause during normal use.,Manufacturing Defect,2026-05-02,2027-05-02,2026-06-23,2026-06-25,12,0,542.28,54,311,2,0.779,0,0,1,0,0,1,1,1,1,0,covered_defect,Valid Claim,2026-05-02,311,0
CLM-01384,PRD-01384,Industrial Tools,VoltEdge,HydraPower Jack 5T,SN-VOL-6604221,Industrial Supply Direct,INV-2025-56288,Gearbox seizure,Gearbox seizure: the problem has no obvious cause.,Unknown / Not Sure,2025-08-19,2028-08-19,2026-04-23,2026-04-29,36,0,1125.38,253,843,6,0.493,0,0,1,0,0,1,1,1,1,0,ambiguous_cause,Manual Review,2025-08-19,843,0
CLM-01385,PRD-01385,Industrial Tools,VoltEdge,TorqueMax HD Drill,SN-VOL-8341871,MegaMart Online,INV-2024-75119,Gearbox seizure,Gearbox seizure: the problem started without any external cause during normal use.,Manufacturing Defect,2024-08-12,2027-08-13,2026-06-04,2026-06-10,36,0,256.9,667,429,6,0.662,1,0,1,0,0,1,1,1,1,1,covered_defect,Valid Claim,2024-08-12,429,0
CLM-01386,PRD-01386,Consumer Electronics,NovaSound,VividTab 11,SN-NOV-3327149,Metro Hardware Centre,INV-2025-19343,Motherboard failure,Motherboard failure: the problem appeared after the unit was dropped.,Accidental Drop,2025-06-02,2027-06-03,2026-07-26,2026-08-20,24,0,395.8,444,287,25,0.131,0,0,1,0,0,1,1,1,1,0,ambiguous_cause,Manual Review,2025-06-02,287,0
CLM-01387,PRD-01387,Industrial Tools,HydraPower,VoltEdge Saw 18V,SN-HYD-7447265,City Electronics Mall,INV-2024-68090,Chuck bearing failure,Chuck bearing failure: the problem started without any external cause during normal use.,Manufacturing Defect,2024-09-04,2026-09-05,2026-08-21,2026-08-27,24,0,470.18,722,9,6,0.327,0,0,1,0,0,1,1,1,1,0,covered_defect,Valid Claim,2024-09-04,9,0
CLM-01388,PRD-01388,Home Appliances,AeroBreeze,FrostGuard 450L,SN-AER-9522526,Brand Flagship Store,INV-2025-79844,Drum spin malfunction,Drum spin malfunction: the problem started without any external cause during normal use.,Manufacturing Defect,2025-01-19,2027-01-20,2026-05-11,2026-06-08,24,0,379.48,505,226,28,0.593,1,0,1,0,0,1,1,1,0,1,covered_defect,Valid Claim,2025-01-19,226,1
CLM-01389,PRD-01389,Consumer Electronics,ApexTech,NovaPods Max,SN-APE-4137290,City Electronics Mall,INV-2025-97817,Speaker malfunction,Speaker malfunction: the problem started without any external cause during normal use.,Manufacturing Defect,2025-10-03,2027-10-04,2026-01-25,2026-02-01,24,1,533.43,121,610,7,0.781,0,0,1,0,0,1,0,1,1,0,covered_defect,Valid Claim,2025-10-03,610,1
CLM-01390,PRD-01390,Industrial Tools,VoltEdge,HydraPower Jack 5T,SN-VOL-3884993,National Appliance Depot,INV-2023-21455,Trigger switch failure,Trigger switch failure: the problem appeared after a power fluctuation.,Electrical Surge,2023-02-07,2026-02-07,2026-01-30,2026-02-04,36,1,1275.37,1093,3,5,0.526,1,0,1,0,0,1,1,1,1,1,covered_defect,Valid Claim,2023-02-07,3,0
CLM-01391,PRD-01391,Home Appliances,KitchenPro,FrostGuard 450L,SN-KIT-3482581,MegaMart Online,INV-2026-42920,Thermostat failure,Thermostat failure: the problem developed gradually with regular use.,Normal Wear and Tear,2026-02-02,2029-02-02,2026-07-02,2026-07-10,36,1,1280.22,158,938,8,0.142,0,0,1,0,0,1,1,1,1,0,covered_defect,Valid Claim,2026-02-02,938,0
CLM-01392,PRD-01392,Home Appliances,KitchenPro,KitchenPro 30L,SN-KIT-2284999,Metro Hardware Centre,INV-2025-43956,PCB failure,PCB failure: the problem appeared after the unit was dropped.,Accidental Drop,2025-02-04,2028-02-05,2026-02-03,2026-02-11,36,0,1458.69,372,724,8,0.745,0,0,1,0,0,1,1,0,1,0,excluded_damage,Invalid Claim,2025-02-04,724,1
CLM-01393,PRD-01393,Industrial Tools,IronForge,HydraPower Jack 5T,SN-IRO-5339573,Metro Hardware Centre,INV-2025-79229,Gearbox seizure,Gearbox seizure: the problem started without any external cause during normal use.,Manufacturing Defect,2025-08-16,2028-08-16,2025-12-26,2026-01-12,36,1,673.16,149,947,17,0.504,0,0,1,0,0,0,1,1,1,0,missing_documents,Manual Review,2025-08-16,947,1
CLM-01394,PRD-01394,Home Appliances,AeroBreeze,CleanCycle 8kg,SN-AER-7002528,City Electronics Mall,INV-2023-57987,Water pump leakage,Water pump leakage: the problem has no obvious cause.,Unknown / Not Sure,2023-03-03,2026-03-03,2026-02-17,2026-02-22,36,0,603.07,1087,9,5,0.33,0,0,1,0,0,1,0,1,1,0,ambiguous_cause,Manual Review,2023-03-03,9,1
CLM-01395,PRD-01395,Consumer Electronics,ApexTech,PixelWatch 3,SN-APE-8978705,MegaMart Online,INV-2024-21898,Motherboard failure,Motherboard failure: the problem appeared after the unit was dropped.,Accidental Drop,2024-03-10,2026-03-11,2026-02-03,2026-02-22,24,1,508.15,714,17,19,0.708,1,0,1,0,0,1,1,1,1,1,excluded_damage,Invalid Claim,2024-03-10,17,0
CLM-01396,PRD-01396,Home Appliances,KitchenPro,AeroBreeze 1.5T,SN-KIT-9156670,Industrial Supply Direct,INV-2024-53112,PCB failure,PCB failure: the problem started without any external cause during normal use.,Manufacturing Defect,2024-03-25,2027-03-26,2026-03-07,2026-03-27,36,0,464.42,732,364,20,0.853,0,0,1,0,0,1,0,1,0,0,missing_documents,Manual Review,2024-03-25,364,2
CLM-01397,PRD-01397,Home Appliances,KitchenPro,FrostGuard 450L,SN-KIT-3419241,Metro Hardware Centre,INV-2026-72812,Water pump leakage,Water pump leakage: the problem has no obvious cause.,Unknown / Not Sure,2026-03-06,2028-03-06,2026-07-15,2026-07-23,24,0,1092.18,139,592,8,0.442,0,0,1,0,0,0,1,1,1,0,missing_documents,Manual Review,2026-03-06,592,1
CLM-01398,PRD-01398,Consumer Electronics,VividDisplay,ApexBook Pro 16,SN-VIV-4912587,Metro Hardware Centre,INV-2022-23478,Speaker malfunction,Speaker malfunction: the problem appeared after contact with water.,Water Ingress,2022-12-25,2025-12-25,2026-01-11,2026-01-11,36,1,693.47,1113,-17,0,0.164,0,0,0,0,0,1,1,1,1,0,expired,Invalid Claim,2022-12-25,0,0
CLM-01399,PRD-01399,Industrial Tools,TorqueMax,HydraPower Jack 5T,SN-TOR-7123878,National Appliance Depot,INV-2023-44874,Chuck bearing failure,Chuck bearing failure: the problem started without any external cause during normal use.,Manufacturing Defect,2023-03-26,2026-03-26,2026-03-05,2026-03-17,36,0,2897.52,1087,9,12,0.475,0,0,1,0,0,1,1,1,1,0,covered_defect,Valid Claim,2023-03-26,9,0
CLM-01400,PRD-01400,Industrial Tools,TorqueMax,IronForge Grinder 9,SN-TOR-7292462,Brand Flagship Store,INV-2025-86832,Chuck bearing failure,Chuck bearing failure: the problem developed gradually with regular use.,Normal Wear and Tear,2025-07-18,2028-07-18,2026-07-08,2026-07-15,36,0,441.94,362,734,7,0.172,0,0,1,0,0,1,1,1,1,0,covered_defect,Valid Claim,2025-07-18,734,0
CLM-01401,PRD-01401,Consumer Electronics,ApexTech,NovaPods Max,SN-APE-2712853,City Electronics Mall,INV-2026-39822,Speaker malfunction,Speaker malfunction: the problem appeared after the unit was dropped.,Accidental Drop,2026-04-02,2027-04-02,2026-03-26,2026-05-23,12,0,810.2,51,314,58,0.2,0,0,1,0,1,1,1,1,1,0,contradiction,Manual Review,2026-04-02,314,0
CLM-01402,PRD-01402,Consumer Electronics,ApexTech,VividTab 11,SN-APE-4341524,MegaMart Online,INV-2025-14705,Touch panel unresponsive,Touch panel unresponsive: the problem appeared after the unit was dropped.,Accidental Drop,2025-07-09,2027-07-10,2026-05-13,2026-05-25,24,0,162.73,320,411,12,0.422,0,0,1,0,0,1,0,1,0,0,missing_documents,Manual Review,2025-07-09,411,2
CLM-01403,PRD-01403,Consumer Electronics,ApexTech,VividTab 11,SN-APE-5674478,National Appliance Depot,INV-2025-64482,Screen flickering,Screen flickering: the problem has no obvious cause.,Unknown / Not Sure,2025-08-24,2026-08-24,2026-07-31,2026-08-12,12,0,343.39,353,12,12,0.378,0,0,0,0,0,1,1,1,1,0,serial_mismatch+noise,Valid Claim,2025-08-24,12,0
CLM-01404,PRD-01404,Home Appliances,AeroBreeze,AeroBreeze 1.5T,SN-AER-8802188,City Electronics Mall,INV-2024-32210,Motor burnout,Motor burnout: the problem developed gradually with regular use.,Normal Wear and Tear,2024-02-19,2027-02-19,2026-06-11,2026-06-14,36,0,416.17,846,250,3,0.501,1,0,1,0,0,1,0,1,1,0,covered_defect,Valid Claim,2024-02-19,250,1
CLM-01405,PRD-01405,Home Appliances,CleanCycle,CleanCycle 8kg,SN-CLE-9391517,National Appliance Depot,INV-2023-68962,Motor burnout,Motor burnout: the problem started without any external cause during normal use.,Manufacturing Defect,2023-06-15,2026-06-15,2026-05-19,2026-06-08,36,0,268.06,1089,7,20,0.924,0,0,1,0,0,1,0,1,1,0,covered_defect,Valid Claim,2023-06-15,7,1
CLM-01406,PRD-01406,Home Appliances,FrostGuard,AeroBreeze 1.5T,SN-FRO-3705180,City Electronics Mall,INV-2022-92403,Compressor failure,Compressor failure: the problem developed gradually with regular use.,Normal Wear and Tear,2022-07-06,2025-07-06,2026-07-16,2026-07-16,36,0,348.08,1471,-375,0,0.373,2,0,1,0,0,1,1,1,1,1,expired,Invalid Claim,2022-07-06,0,0
CLM-01407,PRD-01407,Industrial Tools,TorqueMax,IronForge Grinder 9,SN-TOR-4847403,Industrial Supply Direct,INV-2024-92361,Seal failure,Seal failure: the problem started without any external cause during normal use.,Manufacturing Defect,2024-11-27,2028-11-27,2026-09-11,2026-09-14,48,1,635.23,656,805,3,0.707,0,0,1,0,0,1,1,1,1,0,covered_defect,Valid Claim,2024-11-27,805,0
CLM-01408,PRD-01408,Consumer Electronics,PixelCraft,NovaPhone 12,SN-PIX-6849622,National Appliance Depot,INV-2025-85929,Wi-Fi/Bluetooth failure,Wi-Fi/Bluetooth failure: the problem appeared under heavy load.,Mechanical Stress,2025-01-10,2026-01-10,2025-12-21,2026-01-22,12,0,454.56,377,-12,32,0.172,1,0,1,0,0,1,1,1,1,1,expired,Invalid Claim,2025-01-10,0,0
CLM-01409,PRD-01409,Industrial Tools,VoltEdge,IronForge Grinder 9,SN-VOL-8960482,Industrial Supply Direct,INV-2023-95663,Chuck bearing failure,Chuck bearing failure: the problem appeared after contact with water.,Water Ingress,2023-06-26,2026-06-26,2026-06-18,2026-07-05,36,1,409.8,1105,-9,17,0.453,1,0,1,0,0,1,1,1,1,1,grace_boundary,Manual Review,2023-06-26,0,0
CLM-01410,PRD-01410,Industrial Tools,HydraPower,IronForge Grinder 9,SN-HYD-5449287,Industrial Supply Direct,INV-2022-90411,Trigger switch failure,Trigger switch failure: the problem appeared after the unit was dropped.,Accidental Drop,2022-07-06,2025-07-06,2026-06-20,2026-07-19,36,1,346.31,1474,-378,29,0.629,0,0,1,0,0,1,1,1,1,0,expired,Invalid Claim,2022-07-06,0,0
CLM-01411,PRD-01411,Home Appliances,AeroBreeze,CleanCycle 8kg,SN-AER-5090289,City Electronics Mall,INV-2024-27040,Thermostat failure,Thermostat failure: the problem appeared under heavy load.,Mechanical Stress,2024-02-22,2026-02-22,2026-02-06,2026-02-06,24,0,538.53,715,16,0,0.594,0,0,1,0,0,1,1,0,1,0,covered_defect,Valid Claim,2024-02-22,16,1
CLM-01412,PRD-01412,Industrial Tools,HydraPower,VoltEdge Saw 18V,SN-HYD-8956879,National Appliance Depot,INV-2023-57027,Seal failure,Seal failure: the problem has no obvious cause.,Unknown / Not Sure,2023-04-27,2026-04-27,2026-08-04,2026-08-16,36,0,737.01,1207,-111,12,0.659,0,0,1,0,0,1,1,1,1,0,expired,Invalid Claim,2023-04-27,0,0
CLM-01413,PRD-01413,Home Appliances,KitchenPro,FrostGuard 450L,SN-KIT-1486933,MegaMart Online,INV-2026-83179,Thermostat failure,Thermostat failure: the problem developed gradually with regular use.,Normal Wear and Tear,2026-01-27,2028-01-28,2026-01-31,2026-02-11,24,0,1036.44,15,716,11,0.345,1,0,1,0,0,1,1,1,1,1,covered_defect,Valid Claim,2026-01-27,716,0
CLM-01414,PRD-01414,Home Appliances,CleanCycle,FrostGuard 450L,SN-CLE-9446017,City Electronics Mall,INV-2024-62973,PCB failure,PCB failure: the problem appeared under heavy load.,Mechanical Stress,2024-08-23,2027-08-24,2025-12-18,2026-01-02,36,1,622.69,497,599,15,0.6,0,0,1,0,0,1,1,0,0,0,missing_documents,Manual Review,2024-08-23,599,2
CLM-01415,PRD-01415,Consumer Electronics,VividDisplay,NovaPods Max,SN-VIV-6104671,City Electronics Mall,INV-2025-83551,Screen flickering,Screen flickering: the problem appeared after the unit was dropped.,Accidental Drop,2025-08-04,2027-08-05,2026-08-10,2026-08-14,24,0,357.17,375,356,4,0.273,2,0,1,0,0,1,1,1,1,1,ambiguous_cause,Manual Review,2025-08-04,356,0
CLM-01416,PRD-01416,Industrial Tools,TorqueMax,IronForge Grinder 9,SN-TOR-2957018,MegaMart Online,INV-2025-37047,Chuck bearing failure,Chuck bearing failure: the problem developed gradually with regular use.,Normal Wear and Tear,2025-03-01,2028-03-01,2026-06-08,2026-06-08,36,1,512.35,464,632,0,0.456,0,0,1,0,0,1,1,1,1,0,covered_defect,Valid Claim,2025-03-01,632,0
CLM-01417,PRD-01417,Consumer Electronics,VividDisplay,VividTab 11,SN-VIV-1862650,Brand Flagship Store,INV-2025-10588,Wi-Fi/Bluetooth failure,Wi-Fi/Bluetooth failure: the problem appeared after contact with water.,Water Ingress,2025-05-13,2026-05-13,2026-02-14,2026-02-15,12,0,2024.83,278,87,1,0.518,0,0,1,0,0,1,1,1,1,0,ambiguous_cause,Manual Review,2025-05-13,87,0
CLM-01418,PRD-01418,Home Appliances,AeroBreeze,CleanCycle 8kg,SN-AER-3095722,MegaMart Online,INV-2025-28264,Water pump leakage,Water pump leakage: the problem developed gradually with regular use.,Normal Wear and Tear,2025-07-16,2028-07-16,2026-01-12,2026-01-31,36,1,1686.49,199,897,19,0.377,0,0,0,0,0,1,1,1,1,0,serial_mismatch,Invalid Claim,2025-07-16,897,0
CLM-01419,PRD-01419,Industrial Tools,VoltEdge,VoltEdge Saw 18V,SN-VOL-5597698,National Appliance Depot,INV-2023-65927,Seal failure,Seal failure: the problem developed gradually with regular use.,Normal Wear and Tear,2023-09-25,2026-09-25,2026-06-08,2026-06-09,36,0,353.69,988,108,1,0.354,1,0,1,0,0,1,1,1,0,1,covered_defect,Valid Claim,2023-09-25,108,1
CLM-01420,PRD-01420,Industrial Tools,VoltEdge,VoltEdge Saw 18V,SN-VOL-7612582,City Electronics Mall,INV-2025-31113,Gearbox seizure,Gearbox seizure: the problem started without any external cause during normal use.,Manufacturing Defect,2025-09-28,2028-09-28,2026-05-03,2026-05-11,36,1,541.96,225,871,8,0.737,0,0,0,0,0,1,1,1,1,0,serial_mismatch,Invalid Claim,2025-09-28,871,0
CLM-01421,PRD-01421,Home Appliances,FrostGuard,KitchenPro 30L,SN-FRO-4529201,Industrial Supply Direct,INV-2024-59349,Motor burnout,Motor burnout: the problem started without any external cause during normal use.,Manufacturing Defect,2024-10-28,2026-10-29,2026-06-21,2026-06-29,24,0,533.5,609,122,8,0.828,0,0,1,0,0,1,1,1,1,0,covered_defect,Valid Claim,2024-10-28,122,0
CLM-01422,PRD-01422,Home Appliances,CleanCycle,CleanCycle 8kg,SN-CLE-5515297,Metro Hardware Centre,INV-2025-16938,Motor burnout,Motor burnout: the problem started without any external cause during normal use.,Manufacturing Defect,2025-02-15,2027-02-16,2026-06-16,2026-06-20,24,0,1735.18,490,241,4,0.874,0,0,1,0,0,1,1,1,1,0,covered_defect,Valid Claim,2025-02-15,241,0
CLM-01423,PRD-01423,Consumer Electronics,VividDisplay,ApexBook Pro 16,SN-VIV-3160119,Metro Hardware Centre,INV-2025-89239,Screen flickering,Screen flickering: the problem started without any external cause during normal use.,Manufacturing Defect,2025-04-25,2027-04-26,2026-02-21,2026-02-21,24,0,453.46,302,429,0,0.687,1,1,1,0,0,1,1,1,1,1,unauthorized_repair,Invalid Claim,2025-04-25,429,0
CLM-01424,PRD-01424,Consumer Electronics,NovaSound,VividTab 11,SN-NOV-7116261,Industrial Supply Direct,INV-2024-85719,Screen flickering,Screen flickering: the problem developed gradually with regular use.,Normal Wear and Tear,2024-11-24,2026-11-25,2026-04-18,2026-05-05,24,0,700.24,527,204,17,0.716,0,0,1,0,0,1,1,1,0,0,covered_defect,Valid Claim,2024-11-24,204,1
CLM-01425,PRD-01425,Home Appliances,CleanCycle,FrostGuard 450L,SN-CLE-8412605,MegaMart Online,INV-2022-49013,Drum spin malfunction,Drum spin malfunction: the problem started without any external cause during normal use.,Manufacturing Defect,2022-08-11,2025-08-11,2026-03-19,2026-03-21,36,0,888.17,1318,-222,2,0.762,1,0,0,0,0,1,1,1,1,1,expired,Invalid Claim,2022-08-11,0,0
CLM-01426,PRD-01426,Industrial Tools,IronForge,IronForge Grinder 9,SN-IRO-7631426,MegaMart Online,INV-2024-57495,Trigger switch failure,Trigger switch failure: the problem developed gradually with regular use.,Normal Wear and Tear,2024-09-18,2027-09-19,2026-08-27,2026-09-11,36,0,1622.8,723,373,15,0.639,1,0,1,0,0,1,1,0,0,1,missing_documents,Manual Review,2024-09-18,373,2
CLM-01427,PRD-01427,Consumer Electronics,NovaSound,PixelWatch 3,SN-NOV-9978836,Brand Flagship Store,INV-2025-92466,Speaker malfunction,Speaker malfunction: the problem appeared under heavy load.,Mechanical Stress,2025-10-03,2026-10-03,2026-05-23,2026-05-23,12,0,1233.22,232,133,0,0.662,0,0,0,0,0,1,1,1,1,0,serial_mismatch,Invalid Claim,2025-10-03,133,0
CLM-01428,PRD-01428,Industrial Tools,TorqueMax,VoltEdge Saw 18V,SN-TOR-2388018,Industrial Supply Direct,INV-2024-22448,Trigger switch failure,Trigger switch failure: the problem developed gradually with regular use.,Normal Wear and Tear,2024-08-24,2026-08-25,2026-05-16,2026-05-16,24,0,574.18,630,101,0,0.486,2,0,1,0,0,1,1,1,1,0,repeat_repairs,Manual Review,2024-08-24,101,0
CLM-01429,PRD-01429,Industrial Tools,HydraPower,HydraPower Jack 5T,SN-HYD-2727290,Metro Hardware Centre,INV-2025-25791,Armature burnout,Armature burnout: the problem appeared after contact with water.,Water Ingress,2025-03-01,2028-03-01,2026-02-09,2026-02-12,36,0,939.19,348,748,3,0.158,0,0,1,0,0,1,0,1,1,0,ambiguous_cause,Manual Review,2025-03-01,748,1
CLM-01430,PRD-01430,Industrial Tools,HydraPower,IronForge Grinder 9,SN-HYD-6751244,Metro Hardware Centre,INV-2026-87396,Armature burnout,Armature burnout: the problem developed gradually with regular use.,Normal Wear and Tear,2026-05-06,2028-05-06,2026-09-10,2026-09-14,24,0,918.81,131,600,4,0.445,3,0,1,0,0,1,1,1,0,0,repeat_repairs,Manual Review,2026-05-06,600,1
CLM-01431,PRD-01431,Home Appliances,CleanCycle,CleanCycle 8kg,SN-CLE-2366249,National Appliance Depot,INV-2023-45897,Drum spin malfunction,Drum spin malfunction: the problem appeared under heavy load.,Mechanical Stress,2023-10-28,2026-10-28,2023-09-23,2026-04-01,36,1,1121.9,886,210,921,0.722,0,0,1,0,1,1,1,1,1,0,contradiction,Manual Review,2023-10-28,210,0
CLM-01432,PRD-01432,Industrial Tools,HydraPower,IronForge Grinder 9,SN-HYD-9075895,City Electronics Mall,INV-2023-98706,Gearbox seizure,Gearbox seizure: the problem appeared after contact with water.,Water Ingress,2023-07-02,2026-07-02,2026-05-21,2026-06-09,36,1,677.14,1073,23,19,0.128,0,0,1,0,0,1,0,0,1,0,missing_documents,Manual Review,2023-07-02,23,2
CLM-01433,PRD-01433,Home Appliances,CleanCycle,KitchenPro 30L,SN-CLE-3996246,Brand Flagship Store,INV-2024-61808,Thermostat failure,Thermostat failure: the problem developed gradually with regular use.,Normal Wear and Tear,2024-08-06,2026-08-07,2026-02-09,2026-02-14,24,0,1016.35,557,174,5,0.44,1,0,1,0,0,1,1,0,1,0,covered_defect,Valid Claim,2024-08-06,174,1
CLM-01434,PRD-01434,Home Appliances,KitchenPro,FrostGuard 450L,SN-KIT-1513927,MegaMart Online,INV-2024-33120,Thermostat failure,Thermostat failure: the problem appeared under heavy load.,Mechanical Stress,2024-08-09,2027-08-10,2026-07-31,2026-08-02,36,0,796.13,723,373,2,0.56,0,0,1,0,0,1,1,1,1,0,covered_defect,Valid Claim,2024-08-09,373,0
CLM-01435,PRD-01435,Home Appliances,KitchenPro,AeroBreeze 1.5T,SN-KIT-4656404,Metro Hardware Centre,INV-2023-82001,Thermostat failure,Thermostat failure: the problem started without any external cause during normal use.,Manufacturing Defect,2023-12-24,2025-12-24,2025-12-20,2026-01-07,24,0,424.69,745,-14,18,0.797,1,1,1,0,0,0,1,0,1,0,unauthorized_repair,Invalid Claim,2023-12-24,0,2
CLM-01436,PRD-01436,Home Appliances,FrostGuard,AeroBreeze 1.5T,SN-FRO-3255415,Metro Hardware Centre,INV-2022-62650,Motor burnout,Motor burnout: the problem developed gradually with regular use.,Normal Wear and Tear,2022-10-01,2025-10-01,2026-03-10,2026-03-17,36,0,943.15,1263,-167,7,0.084,0,0,1,0,0,1,1,1,1,0,expired,Invalid Claim,2022-10-01,0,0
CLM-01437,PRD-01437,Industrial Tools,IronForge,TorqueMax HD Drill,SN-IRO-1365442,Metro Hardware Centre,INV-2022-24042,Gearbox seizure,Gearbox seizure: the problem started without any external cause during normal use.,Manufacturing Defect,2022-01-02,2026-01-02,2025-12-25,2026-01-05,48,1,706.14,1464,-3,11,0.619,0,0,1,0,0,1,1,1,1,0,grace_boundary,Manual Review,2022-01-02,0,0
CLM-01438,PRD-01438,Home Appliances,FrostGuard,CleanCycle 8kg,SN-FRO-3163788,MegaMart Online,INV-2024-15067,Motor burnout,Motor burnout: the problem started without any external cause during normal use.,Manufacturing Defect,2024-08-12,2026-08-13,2026-08-22,2026-08-23,24,0,1296.3,741,-10,1,0.599,0,0,1,0,0,0,1,1,1,0,grace_boundary,Manual Review,2024-08-12,0,1
CLM-01439,PRD-01439,Home Appliances,KitchenPro,FrostGuard 450L,SN-KIT-9339248,Industrial Supply Direct,INV-2026-63320,Thermostat failure,Thermostat failure: the problem appeared after a power fluctuation.,Electrical Surge,2026-01-26,2029-01-26,2026-05-21,2026-05-22,36,0,197.22,116,980,1,0.279,0,0,1,0,0,1,1,1,1,0,covered_defect,Valid Claim,2026-01-26,980,0
CLM-01440,PRD-01440,Industrial Tools,HydraPower,IronForge Grinder 9,SN-HYD-7883599,National Appliance Depot,INV-2022-28101,Gearbox seizure,Gearbox seizure: the problem developed gradually with regular use.,Normal Wear and Tear,2022-05-05,2026-05-05,2026-04-19,2026-05-11,48,1,682.47,1467,-6,22,0.441,0,0,1,0,0,1,1,1,1,0,grace_boundary,Manual Review,2022-05-05,0,0
CLM-01441,PRD-01441,Home Appliances,KitchenPro,CleanCycle 8kg,SN-KIT-6126928,MegaMart Online,INV-2022-84349,Water pump leakage,Water pump leakage: the problem developed gradually with regular use.,Normal Wear and Tear,2022-05-10,2025-05-10,2026-05-23,2026-05-29,36,0,308.31,1480,-384,6,0.555,2,0,1,0,0,1,1,0,0,0,expired,Invalid Claim,2022-05-10,0,2
CLM-01442,PRD-01442,Industrial Tools,VoltEdge,IronForge Grinder 9,SN-VOL-7634364,Metro Hardware Centre,INV-2025-99720,Seal failure,Seal failure: the problem developed gradually with regular use.,Normal Wear and Tear,2025-11-02,2028-11-02,2026-02-02,2026-02-13,36,0,287.3,103,993,11,0.545,1,1,1,0,0,1,1,1,0,1,unauthorized_repair,Invalid Claim,2025-11-02,993,1
CLM-01443,PRD-01443,Industrial Tools,HydraPower,TorqueMax HD Drill,SN-HYD-4994374,MegaMart Online,INV-2025-31049,Trigger switch failure,Trigger switch failure: the problem appeared after the unit was dropped.,Accidental Drop,2025-05-22,2028-05-22,2026-06-12,2026-06-29,36,0,710.61,403,693,17,0.399,0,0,1,0,0,1,1,1,1,0,ambiguous_cause,Manual Review,2025-05-22,693,0
CLM-01444,PRD-01444,Consumer Electronics,NovaSound,PixelWatch 3,SN-NOV-3118784,City Electronics Mall,INV-2024-86043,Screen flickering,Screen flickering: the problem started without any external cause during normal use.,Manufacturing Defect,2024-12-23,2025-12-23,2026-01-11,2026-01-12,12,0,593.86,385,-20,1,0.943,0,0,1,0,0,1,1,1,1,0,expired,Invalid Claim,2024-12-23,0,0
CLM-01445,PRD-01445,Home Appliances,FrostGuard,FrostGuard 450L,SN-FRO-3987118,MegaMart Online,INV-2024-76513,Compressor failure,Compressor failure: the problem developed gradually with regular use.,Normal Wear and Tear,2024-03-02,2026-03-03,2026-01-12,2026-01-29,24,0,902.04,698,33,17,0.524,0,0,1,0,0,1,1,1,1,0,covered_defect,Valid Claim,2024-03-02,33,0
CLM-01446,PRD-01446,Industrial Tools,VoltEdge,IronForge Grinder 9,SN-VOL-3913715,Metro Hardware Centre,INV-2024-71306,Gearbox seizure,Gearbox seizure: the problem appeared under heavy load.,Mechanical Stress,2024-08-13,2027-08-14,2026-02-08,2026-02-16,36,0,388.76,552,544,8,0.418,0,0,1,0,0,1,1,1,1,0,covered_defect,Valid Claim,2024-08-13,544,0
CLM-01447,PRD-01447,Industrial Tools,VoltEdge,HydraPower Jack 5T,SN-VOL-8117489,MegaMart Online,INV-2026-19913,Seal failure,Seal failure: the problem developed gradually with regular use.,Normal Wear and Tear,2026-01-31,2029-01-31,2026-02-04,2026-02-19,36,0,1352.24,19,1077,15,0.561,0,0,1,0,0,1,1,1,1,0,covered_defect,Valid Claim,2026-01-31,1077,0
CLM-01448,PRD-01448,Home Appliances,KitchenPro,CleanCycle 8kg,SN-KIT-5039591,National Appliance Depot,INV-2022-48475,Motor burnout,Motor burnout: the problem started without any external cause during normal use.,Manufacturing Defect,2022-06-04,2025-06-04,2026-04-03,2026-04-04,36,0,355.55,1400,-304,1,0.701,0,0,1,0,0,1,1,0,1,0,expired,Invalid Claim,2022-06-04,0,1
CLM-01449,PRD-01449,Industrial Tools,VoltEdge,TorqueMax HD Drill,SN-VOL-9497967,Industrial Supply Direct,INV-2025-68002,Armature burnout,Armature burnout: the problem developed gradually with regular use.,Normal Wear and Tear,2025-02-22,2028-02-23,2026-09-07,2026-09-07,36,0,1194.65,562,534,0,0.626,0,0,1,0,0,1,1,1,1,0,covered_defect,Valid Claim,2025-02-22,534,0
CLM-01450,PRD-01450,Consumer Electronics,ApexTech,VividTab 11,SN-APE-3489262,Industrial Supply Direct,INV-2025-50308,Touch panel unresponsive,Touch panel unresponsive: the problem appeared after a power fluctuation.,Electrical Surge,2025-05-22,2027-05-23,2026-02-19,2026-02-19,24,1,696.42,273,458,0,0.428,2,0,1,0,0,0,1,0,1,1,missing_documents,Manual Review,2025-05-22,458,2
CLM-01451,PRD-01451,Industrial Tools,VoltEdge,VoltEdge Saw 18V,SN-VOL-2148040,Brand Flagship Store,INV-2023-33620,Armature burnout,Armature burnout: the problem started without any external cause during normal use.,Manufacturing Defect,2023-08-24,2026-08-24,2026-08-12,2026-08-19,36,0,243.8,1091,5,7,0.472,1,0,1,0,0,1,1,1,1,1,covered_defect,Valid Claim,2023-08-24,5,0
CLM-01452,PRD-01452,Industrial Tools,IronForge,VoltEdge Saw 18V,SN-IRO-6382118,Metro Hardware Centre,INV-2025-55253,Trigger switch failure,Trigger switch failure: the problem started without any external cause during normal use.,Manufacturing Defect,2025-04-11,2028-04-11,2026-07-20,2026-08-05,36,0,3502.66,481,615,16,0.562,1,0,0,0,0,1,1,1,1,1,serial_mismatch,Invalid Claim,2025-04-11,615,0
CLM-01453,PRD-01453,Consumer Electronics,PixelCraft,PixelWatch 3,SN-PIX-8658973,National Appliance Depot,INV-2025-86353,Battery not charging,Battery not charging: the problem has no obvious cause.,Unknown / Not Sure,2025-11-30,2027-12-01,2026-06-15,2026-06-18,24,0,1443.39,200,531,3,0.84,0,0,1,0,0,1,1,1,1,0,covered_defect,Valid Claim,2025-11-30,531,0
CLM-01454,PRD-01454,Consumer Electronics,NovaSound,PixelWatch 3,SN-NOV-2697017,National Appliance Depot,INV-2024-74757,Motherboard failure,Motherboard failure: the problem appeared after the unit was dropped.,Accidental Drop,2024-12-18,2026-12-19,2026-04-20,2026-04-22,24,1,601.87,490,241,2,0.234,0,0,0,0,0,1,0,1,1,0,serial_mismatch,Invalid Claim,2024-12-18,241,1
CLM-01455,PRD-01455,Home Appliances,CleanCycle,KitchenPro 30L,SN-CLE-4949714,City Electronics Mall,INV-2023-78141,Motor burnout,Motor burnout: the problem started without any external cause during normal use.,Manufacturing Defect,2023-05-03,2026-05-03,2026-04-11,2026-05-04,36,0,192.1,1097,-1,23,0.751,1,0,1,0,0,1,0,1,1,0,grace_boundary,Manual Review,2023-05-03,0,1
CLM-01456,PRD-01456,Industrial Tools,IronForge,IronForge Grinder 9,SN-IRO-6487359,Metro Hardware Centre,INV-2023-67391,Chuck bearing failure,Chuck bearing failure: the problem appeared after the unit was dropped.,Accidental Drop,2023-05-15,2026-05-15,2026-04-16,2026-05-26,36,0,629.55,1107,-11,40,0.539,0,0,1,0,0,1,1,0,1,0,late_reporting,Invalid Claim,2023-05-15,0,1
CLM-01457,PRD-01457,Home Appliances,KitchenPro,KitchenPro 30L,SN-KIT-4353361,City Electronics Mall,INV-2026-69716,Compressor failure,Compressor failure: the problem has no obvious cause.,Unknown / Not Sure,2026-03-09,2029-03-09,2026-06-26,2026-07-03,36,0,894.48,116,980,7,0.308,1,0,1,0,0,1,1,1,0,1,ambiguous_cause,Manual Review,2026-03-09,980,1
CLM-01458,PRD-01458,Industrial Tools,IronForge,VoltEdge Saw 18V,SN-IRO-4704900,Brand Flagship Store,INV-2022-26894,Gearbox seizure,Gearbox seizure: the problem developed gradually with regular use.,Normal Wear and Tear,2022-09-09,2025-09-09,2026-08-15,2026-08-18,36,0,575.2,1439,-343,3,0.517,0,0,1,0,0,1,1,1,1,0,expired,Invalid Claim,2022-09-09,0,0
CLM-01459,PRD-01459,Industrial Tools,TorqueMax,HydraPower Jack 5T,SN-TOR-6629100,National Appliance Depot,INV-2023-68987,Armature burnout,Armature burnout: the problem developed gradually with regular use.,Normal Wear and Tear,2023-02-07,2026-02-07,2026-08-08,2026-08-09,36,0,493.3,1279,-183,1,0.388,0,0,1,0,0,1,1,1,1,0,expired+noise,Manual Review,2023-02-07,0,0
CLM-01460,PRD-01460,Consumer Electronics,VividDisplay,ApexBook Pro 16,SN-VIV-9248014,City Electronics Mall,INV-2025-68432,Screen flickering,Screen flickering: the problem started without any external cause during normal use.,Manufacturing Defect,2025-04-20,2026-04-20,2026-04-06,2026-04-19,12,0,374.19,364,1,13,0.319,0,0,1,0,0,1,1,1,1,0,covered_defect+noise,Invalid Claim,2025-04-20,1,0
CLM-01461,PRD-01461,Consumer Electronics,VividDisplay,VividTab 11,SN-VIV-3773363,Brand Flagship Store,INV-2024-82010,Speaker malfunction,Speaker malfunction: the problem appeared after contact with water.,Water Ingress,2024-07-24,2026-07-25,2026-07-05,2026-07-13,24,0,739.14,719,12,8,0.58,0,0,1,0,0,1,1,1,1,0,excluded_damage,Invalid Claim,2024-07-24,12,0
CLM-01462,PRD-01462,Industrial Tools,IronForge,HydraPower Jack 5T,SN-IRO-7681233,City Electronics Mall,INV-2022-99295,Seal failure,Seal failure: the problem appeared under heavy load.,Mechanical Stress,2022-06-18,2026-06-18,2026-02-09,2026-02-24,48,1,744.07,1347,114,15,0.574,1,0,1,0,0,1,1,1,1,1,covered_defect,Valid Claim,2022-06-18,114,0
CLM-01463,PRD-01463,Home Appliances,KitchenPro,FrostGuard 450L,SN-KIT-5863587,National Appliance Depot,INV-2023-56150,Motor burnout,Motor burnout: the problem appeared after contact with water.,Water Ingress,2023-11-06,2026-11-06,2026-09-16,2026-09-20,36,1,1281.05,1049,47,4,0.843,0,0,1,0,0,1,1,0,1,0,excluded_damage,Invalid Claim,2023-11-06,47,1
CLM-01464,PRD-01464,Industrial Tools,VoltEdge,HydraPower Jack 5T,SN-VOL-7953080,National Appliance Depot,INV-2024-74629,Armature burnout,Armature burnout: the problem developed gradually with regular use.,Normal Wear and Tear,2024-02-08,2026-02-08,2026-01-26,2026-01-29,24,0,406.07,721,10,3,0.557,0,0,0,0,0,1,1,1,1,0,serial_mismatch,Invalid Claim,2024-02-08,10,0
CLM-01465,PRD-01465,Consumer Electronics,VividDisplay,NovaPods Max,SN-VIV-9861844,City Electronics Mall,INV-2026-42537,Wi-Fi/Bluetooth failure,Wi-Fi/Bluetooth failure: the problem started without any external cause during normal use.,Manufacturing Defect,2026-02-03,2029-02-03,2026-09-04,2026-09-05,36,1,362.68,214,882,1,0.971,1,1,1,0,0,1,1,1,0,1,unauthorized_repair,Invalid Claim,2026-02-03,882,1
CLM-01466,PRD-01466,Home Appliances,KitchenPro,AeroBreeze 1.5T,SN-KIT-2484238,Brand Flagship Store,INV-2024-62024,Drum spin malfunction,Drum spin malfunction: the problem developed gradually with regular use.,Normal Wear and Tear,2024-04-07,2027-04-08,2024-03-08,2026-07-31,36,0,580.66,845,251,875,0.407,1,0,1,0,1,1,0,1,1,1,contradiction,Manual Review,2024-04-07,251,1
CLM-01467,PRD-01467,Industrial Tools,VoltEdge,IronForge Grinder 9,SN-VOL-9831342,City Electronics Mall,INV-2024-39880,Armature burnout,Armature burnout: the problem developed gradually with regular use.,Normal Wear and Tear,2024-10-29,2028-10-29,2026-06-01,2026-06-02,48,1,997.01,581,880,1,0.757,0,0,1,0,0,1,1,1,1,0,covered_defect,Valid Claim,2024-10-29,880,0
CLM-01468,PRD-01468,Consumer Electronics,VividDisplay,NovaPhone 12,SN-VIV-6908179,Industrial Supply Direct,INV-2024-12138,Speaker malfunction,Speaker malfunction: the problem started without any external cause during normal use.,Manufacturing Defect,2024-01-31,2026-01-31,2026-02-20,2026-02-23,24,0,1187.09,754,-23,3,0.877,1,1,1,0,0,1,1,1,1,0,expired,Invalid Claim,2024-01-31,0,0
CLM-01469,PRD-01469,Consumer Electronics,PixelCraft,NovaPhone 12,SN-PIX-6834150,Brand Flagship Store,INV-2024-14577,Wi-Fi/Bluetooth failure,Wi-Fi/Bluetooth failure: the problem started without any external cause during normal use.,Manufacturing Defect,2024-07-20,2025-07-20,2026-07-08,2026-07-15,12,0,687.56,725,-360,7,0.727,0,0,1,0,0,1,1,1,1,0,expired,Invalid Claim,2024-07-20,0,0
CLM-01470,PRD-01470,Consumer Electronics,VividDisplay,ApexBook Pro 16,SN-VIV-8351872,MegaMart Online,INV-2025-24862,Battery not charging,Battery not charging: the problem started without any external cause during normal use.,Manufacturing Defect,2025-12-22,2027-12-23,2026-05-12,2026-05-25,24,0,778.97,154,577,13,0.761,0,0,1,0,0,1,1,1,1,0,covered_defect,Valid Claim,2025-12-22,577,0
CLM-01471,PRD-01471,Home Appliances,KitchenPro,CleanCycle 8kg,SN-KIT-7390151,City Electronics Mall,INV-2024-67199,Thermostat failure,Thermostat failure: the problem started without any external cause during normal use.,Manufacturing Defect,2024-11-26,2026-11-27,2026-07-23,2026-08-05,24,0,167.51,617,114,13,0.655,0,0,1,0,0,1,1,1,1,0,covered_defect,Valid Claim,2024-11-26,114,0
CLM-01472,PRD-01472,Industrial Tools,HydraPower,TorqueMax HD Drill,SN-HYD-4685018,Industrial Supply Direct,INV-2024-41177,Gearbox seizure,Gearbox seizure: the problem appeared after the unit was dropped.,Accidental Drop,2024-03-22,2026-03-23,2026-03-19,2026-04-02,24,0,585.88,741,-10,14,0.073,0,0,1,0,0,1,1,1,1,0,grace_boundary,Manual Review,2024-03-22,0,0
CLM-01473,PRD-01473,Industrial Tools,TorqueMax,IronForge Grinder 9,SN-TOR-7232616,Brand Flagship Store,INV-2025-79204,Gearbox seizure,Gearbox seizure: the problem developed gradually with regular use.,Normal Wear and Tear,2025-03-11,2028-03-11,2025-12-30,2026-01-01,36,1,827.65,296,800,2,0.133,0,0,1,0,0,1,1,0,1,0,covered_defect,Valid Claim,2025-03-11,800,1
CLM-01474,PRD-01474,Industrial Tools,HydraPower,VoltEdge Saw 18V,SN-HYD-4364584,Industrial Supply Direct,INV-2023-65221,Trigger switch failure,Trigger switch failure: the problem developed gradually with regular use.,Normal Wear and Tear,2023-01-04,2026-01-04,2026-01-16,2026-01-16,36,1,1738.36,1108,-12,0,0.374,1,0,1,0,0,1,1,1,0,1,grace_boundary,Manual Review,2023-01-04,0,1
CLM-01475,PRD-01475,Home Appliances,AeroBreeze,CleanCycle 8kg,SN-AER-3990347,National Appliance Depot,INV-2023-94445,Compressor failure,Compressor failure: the problem started without any external cause during normal use.,Manufacturing Defect,2023-07-31,2026-07-31,2026-05-07,2026-05-16,36,0,170.48,1020,76,9,0.441,0,0,1,0,0,1,1,1,1,0,covered_defect,Valid Claim,2023-07-31,76,0
CLM-01476,PRD-01476,Consumer Electronics,NovaSound,PixelWatch 3,SN-NOV-6637299,National Appliance Depot,INV-2023-10645,Touch panel unresponsive,Touch panel unresponsive: the problem started without any external cause during normal use.,Manufacturing Defect,2023-05-22,2025-05-22,2023-05-13,2026-06-19,24,1,1083.57,1124,-393,1133,0.636,0,0,1,0,1,1,1,1,1,0,expired,Invalid Claim,2023-05-22,0,0
CLM-01477,PRD-01477,Home Appliances,FrostGuard,CleanCycle 8kg,SN-FRO-9858069,Industrial Supply Direct,INV-2024-82702,Compressor failure,Compressor failure: the problem started without any external cause during normal use.,Manufacturing Defect,2024-09-16,2026-09-17,2026-04-07,2026-04-15,24,0,490.89,576,155,8,0.88,4,0,1,0,0,1,1,1,0,1,repeat_repairs,Manual Review,2024-09-16,155,1
CLM-01478,PRD-01478,Industrial Tools,VoltEdge,IronForge Grinder 9,SN-VOL-8871094,Brand Flagship Store,INV-2024-51169,Armature burnout,Armature burnout: the problem has no obvious cause.,Unknown / Not Sure,2024-02-13,2027-02-13,2026-03-31,2026-04-03,36,0,838.99,780,316,3,0.717,0,0,1,0,0,1,1,1,1,0,covered_defect,Valid Claim,2024-02-13,316,0
CLM-01479,PRD-01479,Consumer Electronics,NovaSound,NovaPhone 12,SN-NOV-2241324,Metro Hardware Centre,INV-2025-42351,Screen flickering,Screen flickering: the problem appeared after a power fluctuation.,Electrical Surge,2025-07-10,2026-07-10,2026-06-22,2026-06-24,12,0,749.87,349,16,2,0.654,0,0,1,0,0,1,1,1,0,0,excluded_damage,Invalid Claim,2025-07-10,16,1
CLM-01480,PRD-01480,Home Appliances,CleanCycle,CleanCycle 8kg,SN-CLE-4702229,Brand Flagship Store,INV-2025-71645,Compressor failure,Compressor failure: the problem appeared after the unit was dropped.,Accidental Drop,2025-05-05,2029-05-05,2026-05-07,2026-05-07,48,1,323.78,367,1094,0,0.523,0,0,1,0,0,1,1,1,1,0,ambiguous_cause,Manual Review,2025-05-05,1094,0
CLM-01481,PRD-01481,Industrial Tools,IronForge,IronForge Grinder 9,SN-IRO-3492759,City Electronics Mall,INV-2024-25936,Armature burnout,Armature burnout: the problem started without any external cause during normal use.,Manufacturing Defect,2024-09-02,2026-09-03,2026-08-21,2026-08-23,24,0,976.17,720,11,2,0.8,0,0,1,0,0,1,1,1,1,0,covered_defect,Valid Claim,2024-09-02,11,0
CLM-01482,PRD-01482,Industrial Tools,IronForge,HydraPower Jack 5T,SN-IRO-1973950,MegaMart Online,INV-2022-30722,Chuck bearing failure,Chuck bearing failure: the problem appeared under heavy load.,Mechanical Stress,2022-07-25,2025-07-25,2026-07-22,2026-08-01,36,0,575.67,1468,-372,10,0.478,1,0,1,0,0,1,1,1,0,1,expired,Invalid Claim,2022-07-25,0,1
CLM-01483,PRD-01483,Consumer Electronics,PixelCraft,PixelWatch 3,SN-PIX-8927467,Industrial Supply Direct,INV-2024-27648,Wi-Fi/Bluetooth failure,Wi-Fi/Bluetooth failure: the problem started without any external cause during normal use.,Manufacturing Defect,2024-07-08,2026-07-09,2026-07-09,2026-07-14,24,0,799.46,736,-5,5,0.652,0,0,1,0,0,1,1,1,0,0,grace_boundary,Manual Review,2024-07-08,0,1
CLM-01484,PRD-01484,Home Appliances,CleanCycle,AeroBreeze 1.5T,SN-CLE-3808407,National Appliance Depot,INV-2025-14844,Compressor failure,Compressor failure: the problem started without any external cause during normal use.,Manufacturing Defect,2025-10-09,2027-10-10,2026-09-12,2026-09-15,24,0,591.08,341,390,3,0.51,0,0,1,0,0,1,1,1,1,0,covered_defect,Valid Claim,2025-10-09,390,0
CLM-01485,PRD-01485,Home Appliances,KitchenPro,FrostGuard 450L,SN-KIT-9355303,MegaMart Online,INV-2023-57051,Compressor failure,Compressor failure: the problem developed gradually with regular use.,Normal Wear and Tear,2023-08-29,2026-08-29,2026-05-26,2026-06-01,36,0,539.83,1007,89,6,0.282,0,0,0,0,0,1,1,1,1,0,serial_mismatch,Invalid Claim,2023-08-29,89,0
CLM-01486,PRD-01486,Industrial Tools,IronForge,HydraPower Jack 5T,SN-IRO-7485719,Brand Flagship Store,INV-2024-95347,Chuck bearing failure,Chuck bearing failure: the problem appeared under heavy load.,Mechanical Stress,2024-08-10,2026-08-11,2026-07-30,2026-07-31,24,0,707.21,720,11,1,0.197,1,0,0,0,0,1,0,1,1,0,serial_mismatch+noise,Manual Review,2024-08-10,11,1
CLM-01487,PRD-01487,Industrial Tools,IronForge,TorqueMax HD Drill,SN-IRO-2303540,National Appliance Depot,INV-2025-32915,Trigger switch failure,Trigger switch failure: the problem appeared after a power fluctuation.,Electrical Surge,2025-07-06,2027-07-07,2026-04-18,2026-04-19,24,0,523.37,287,444,1,0.187,2,0,1,0,0,1,1,1,1,1,repeat_repairs,Manual Review,2025-07-06,444,0
CLM-01488,PRD-01488,Industrial Tools,TorqueMax,HydraPower Jack 5T,SN-TOR-1090871,MegaMart Online,INV-2025-15932,Seal failure,Seal failure: the problem developed gradually with regular use.,Normal Wear and Tear,2025-02-02,2027-02-03,2026-07-11,2026-08-02,24,0,1462.4,546,185,22,0.586,1,0,1,0,0,1,1,1,0,1,covered_defect,Valid Claim,2025-02-02,185,1
CLM-01489,PRD-01489,Industrial Tools,TorqueMax,IronForge Grinder 9,SN-TOR-3634795,National Appliance Depot,INV-2024-44498,Chuck bearing failure,Chuck bearing failure: the problem appeared after contact with water.,Water Ingress,2024-05-15,2026-05-16,2026-05-11,2026-05-11,24,0,496.67,726,5,0,0.441,1,0,1,0,0,1,1,0,0,1,missing_documents,Manual Review,2024-05-15,5,2
CLM-01490,PRD-01490,Consumer Electronics,NovaSound,VividTab 11,SN-NOV-4931045,Metro Hardware Centre,INV-2025-26758,Touch panel unresponsive,Touch panel unresponsive: the problem started without any external cause during normal use.,Manufacturing Defect,2025-10-30,2027-10-31,2026-05-08,2026-05-11,24,1,1063.08,193,538,3,0.546,0,0,1,0,0,1,1,1,1,0,covered_defect,Valid Claim,2025-10-30,538,0
CLM-01491,PRD-01491,Consumer Electronics,ApexTech,VividTab 11,SN-APE-7232091,Industrial Supply Direct,INV-2024-11962,Touch panel unresponsive,Touch panel unresponsive: the problem appeared after the unit was dropped.,Accidental Drop,2024-07-08,2027-07-09,2026-09-05,2026-09-07,36,1,345.94,791,305,2,0.493,0,0,1,1,0,1,1,1,1,0,possible_duplicate,Manual Review,2024-07-08,305,0
CLM-01492,PRD-01492,Industrial Tools,IronForge,TorqueMax HD Drill,SN-IRO-2623165,National Appliance Depot,INV-2024-18287,Chuck bearing failure,Chuck bearing failure: the problem developed gradually with regular use.,Normal Wear and Tear,2024-11-08,2027-11-09,2026-04-13,2026-04-17,36,0,766.01,525,571,4,0.78,0,0,1,0,0,1,1,1,1,0,covered_defect,Valid Claim,2024-11-08,571,0
CLM-01493,PRD-01493,Consumer Electronics,NovaSound,NovaPhone 12,SN-NOV-5807043,City Electronics Mall,INV-2025-30829,Speaker malfunction,Speaker malfunction: the problem started without any external cause during normal use.,Manufacturing Defect,2025-09-26,2027-09-27,2026-06-21,2026-07-03,24,0,479.54,280,451,12,0.725,1,0,1,0,0,1,1,1,1,1,covered_defect,Valid Claim,2025-09-26,451,0
CLM-01494,PRD-01494,Home Appliances,KitchenPro,CleanCycle 8kg,SN-KIT-2654128,Industrial Supply Direct,INV-2023-10074,Compressor failure,Compressor failure: the problem appeared under heavy load.,Mechanical Stress,2023-03-05,2026-03-05,2026-02-15,2026-03-14,36,1,233.0,1105,-9,27,0.437,0,0,1,0,0,1,1,1,1,0,grace_boundary,Manual Review,2023-03-05,0,0
CLM-01495,PRD-01495,Consumer Electronics,VividDisplay,NovaPhone 12,SN-VIV-5322342,City Electronics Mall,INV-2026-54673,Touch panel unresponsive,Touch panel unresponsive: the problem has no obvious cause.,Unknown / Not Sure,2026-07-28,2027-07-28,2026-08-22,2026-08-24,12,0,508.68,27,338,2,0.426,0,0,1,0,0,1,1,1,1,0,ambiguous_cause,Manual Review,2026-07-28,338,0
CLM-01496,PRD-01496,Home Appliances,CleanCycle,CleanCycle 8kg,SN-CLE-3689229,Industrial Supply Direct,INV-2025-73977,Drum spin malfunction,Drum spin malfunction: the problem appeared after the unit was dropped.,Accidental Drop,2025-03-01,2027-03-02,2026-09-05,2026-09-10,24,0,477.67,558,173,5,0.502,1,0,1,0,0,1,1,1,1,0,ambiguous_cause,Manual Review,2025-03-01,173,0
CLM-01497,PRD-01497,Industrial Tools,VoltEdge,VoltEdge Saw 18V,SN-VOL-1744391,Metro Hardware Centre,INV-2024-86003,Seal failure,Seal failure: the problem developed gradually with regular use.,Normal Wear and Tear,2024-08-10,2026-08-11,2026-07-30,2026-08-19,24,0,344.0,739,-8,20,0.781,0,0,1,0,0,1,0,1,1,0,grace_boundary,Manual Review,2024-08-10,0,1
CLM-01498,PRD-01498,Industrial Tools,IronForge,HydraPower Jack 5T,SN-IRO-9114155,Metro Hardware Centre,INV-2022-98552,Gearbox seizure,Gearbox seizure: the problem appeared under heavy load.,Mechanical Stress,2022-03-28,2025-03-28,2026-01-17,2026-01-19,36,0,1438.54,1393,-297,2,0.614,2,0,1,0,0,1,1,1,1,0,expired,Invalid Claim,2022-03-28,0,0
CLM-01499,PRD-01499,Home Appliances,AeroBreeze,AeroBreeze 1.5T,SN-AER-7655519,Brand Flagship Store,INV-2024-88451,PCB failure,PCB failure: the problem appeared under heavy load.,Mechanical Stress,2024-02-06,2026-02-06,2026-01-15,2026-01-21,24,0,649.07,715,16,6,0.502,1,0,1,1,0,1,1,1,1,1,possible_duplicate,Manual Review,2024-02-06,16,0
CLM-01500,PRD-01500,Home Appliances,AeroBreeze,CleanCycle 8kg,SN-AER-5476140,MegaMart Online,INV-2024-78757,Motor burnout,Motor burnout: the problem started without any external cause during normal use.,Manufacturing Defect,2024-01-14,2028-01-14,2026-06-02,2026-06-08,48,1,143.57,876,585,6,0.572,0,0,1,1,0,1,1,1,1,0,possible_duplicate,Manual Review,2024-01-14,585,0
